ticker,date,top_bucket,t_top,has_series,open_iv,prior_close_iv,iv_gap_open,n_controls,ctrl_gap_mean,ctrl_gap_std,iv_gap_z,open_iv_pctile,iv_runup_chg,iv_ramp_slope,iv_ramp_final2d,iv_ramp_final2d_pctile,iv_lead,iv_lead_pre,t_vel_zero_cross,accel_sign_pre,iv_base,iv_at_top,iv_runup_slope,iv_divergence,win_bars,rvol_score,atr_pct,atr_pct_move,gap_pct,consecutive_up_days,uvxy_close,pct_change_3,pct_change_15,pct_from_20mav,day_of_range_pct,percent_of_premarket_vol,vol_ratio_5min_to_pm,spy_5day_return,gap_from_pm_high,reversal_duration,reversal_open_low_pct,reversal_open_close_pct,setup,trade_grade,cap
AMD,2018-09-05,open30,2018-09-05 09:32:00-04:00,True,0.856316,0.72905,0.1745641588368425,8.0,0.05961105699583686,0.1244515099824683,0.9236778393223135,100.0,0.5505104210974052,0.020528244018147956,0.32844387755102056,80.0,,,,,,,,,30.0,2.275649339,0.0348,0.1367,0.04811119,2,106125.0,0.181599036,0.469030969,0.342661106,2.7,0.100734625,1.535074623,-0.000379415,-0.005410889,0 days 00:11:00,-0.087385243,-0.030601836,2DBreakoutIB,A,Medium
MRNA,2020-02-27,premarket,2020-02-27 04:01:00-05:00,True,2.104940666666667,1.55985,0.3494506950454639,8.0,0.10225076067546401,0.12737237553160105,1.9407656749612057,100.0,1.3885613658984766,0.14161748858820175,0.4989909667499519,80.0,,,,,,,,,,4.703756871,0.0577,0.1624,0.230452675,3,43550.0,0.93006993,0.789526185,0.713286297,4.255688727,0.451121454,0.989362629,-0.075530494,-0.037811746,0 days 01:58:00,-0.357580825,-0.27090301,3DGapFade,A,Medium
ZM,2020-02-28,premarket,2020-02-28 09:04:00-05:00,True,1.8114905,1.62515,0.11466049287758051,8.0,0.2333563751606343,0.3130540519223662,-0.3791545950425487,100.0,2.3312493594342523,0.16802882870326005,0.14997877158222472,40.0,,,,,,,,,,3.176523202,0.0457,0.0681,0.066226332,1,54275.0,0.130649981,0.387462755,0.280125146,3.138841521,0.106757032,1.541311375,-0.10786254,-0.021656566,0 days 01:27:00,-0.195754522,-0.13273313,2DGapFade,B,Medium
VIR,2020-02-28,premarket,2020-02-28 07:55:00-05:00,False,,,,,,,,,,,,,,,,,,,,,,2.825791179,0.0654,0.3664,0.181893688,4,54275.0,2.274275196,2.699947998,2.04174152,4.370236689,0.308197137,0.683364948,-0.10786254,-0.15297619,0 days 00:48:00,-0.461700632,-0.34645116,GapDownTrendBreak,C,Small
NKLA,2020-06-09,premarket,2020-06-09 08:27:00-04:00,True,4.278856166666667,3.4282,0.24813492989518338,3.0,0.27391170936145326,0.3165218980096292,-0.08143758655676235,100.0,,,,,,,,,,,,,,1.941740943,0.268358836,0.3198,0.271052272,2,71175.0,1.759407407,1.759407407,4621.610577,1.729041304,0.14631608,0.447807301,0.049078162,-0.043937994,0 days 00:30:00,-0.388006013,-0.143884892,2DGapFade,A,Medium
WKHS,2020-07-06,premarket,2020-07-06 08:32:00-04:00,True,2.3034419999999995,2.02285,0.13871122426279725,8.0,0.047594115893005474,0.12416610649284349,0.7338323713568603,37.5,-0.023603233980934113,0.016136475987734374,-0.3075869859145287,0.0,,,,,,,,,,1.356268575,0.065,0.4043,0.012912482,11,75925.0,0.217941346,4.603174603,1.529229863,1.519947678,0.09367446,0.669860516,0.040593234,-0.039455782,0 days 04:38:00,-0.182247403,-0.168555241,GapDownTrendBreak,B,Small
XPEV,2020-11-13,open30,2020-11-13 09:59:00-05:00,True,1.9942549999999999,1.85715,0.07382548528659494,8.0,0.05242456425933173,0.07321947856869084,0.29228453200723004,87.5,0.599681295490762,0.034716621967514696,0.14444615621629953,60.0,2.0,-17.0,-8.0,0.0,2.0110638966666667,2.1105594,0.08566590900832549,False,54.0,2.893373884,0.0454,0.2879,0.072211044,2,35925.0,0.45775076,1.39201995,0.941640946,2.51530262,0.208416456,0.588441992,0.008710304,-0.04784594,0 days 04:13:00,-0.207673061,-0.124478732,2DBreakoutIB,B,Medium
NIO,2020-11-13,post10,2020-11-13 10:01:00-05:00,True,1.98583925,1.5961,0.2441822254244721,8.0,0.07229987104527366,0.11846478951908927,1.4509151206612454,100.0,0.49981206540124035,0.061052579394310066,0.004310209218184813,40.0,18.0,-20.0,,0.0019434671314131416,2.0137610249999995,2.108086,0.07083144369674668,False,57.0,2.657649965,0.0505,0.1923,0.061904762,2,35925.0,0.234416366,0.888438881,0.560745241,2.840790843,0.086911494,0.805643275,0.008710304,-0.027308932,0 days 04:17:00,-0.209397543,-0.131214662,2DBreakoutIB,B,Medium
LI,2020-11-13,premarket,2020-11-13 07:19:00-05:00,True,2.4797933,2.1494,0.1537141993114357,8.0,0.055443655422177315,0.09023933499206628,1.088998981407589,100.0,0.9741905855338688,0.07204975105210841,0.6080499756854825,100.0,,,,,,,,,,7.155983783,0.0528,0.1457,0.219634991,1,35925.0,0.535657686,1.106521739,0.772264327,3.188743132,0.766105391,0.675609706,0.008710304,-0.070503597,0 days 04:23:00,-0.223168215,-0.19504644,2DGapFade,B,Medium
XPEV,2020-11-24,premarket,2020-11-24 07:50:00-05:00,True,2.1029875000000002,1.9006,0.10648610964958438,8.0,0.011583531584371785,0.2277059090599911,0.41677696664520764,100.0,0.16483314436306817,3.2332097466815483e-05,0.7664389609182585,100.0,,,,,,,,,,2.02886057,0.054,0.4361,0.0,3,30750.0,0.500103928,2.24943719,0.956890097,1.378812923,0.136114037,1.163275945,-0.008762686,-0.07474359,0 days 00:43:00,-0.13024664,-0.021338506,2DGapFade,B,Medium
LI,2020-11-24,premarket,2020-11-24 08:07:00-05:00,True,1.7261370454545455,1.54515,0.11713234666831407,8.0,0.03472180526924307,0.2079004234740063,0.3963942931043368,87.5,0.2565259819468162,0.01296325642167955,0.4330164618594947,60.0,,,,,,,,,,1.69425184,0.0594,0.1799,0.090284143,4,30750.0,0.295046271,0.978378378,0.605222863,1.389622657,0.18697611,0.958024904,-0.008762686,-0.03410475,0 days 00:10:00,-0.127784784,-0.076082388,3DGapFade,B,Medium
BLNK,2020-11-24,premarket,2020-11-24 04:09:00-05:00,True,2.1164224000000003,2.02625,0.044502109808760126,8.0,0.0556173618316295,0.17209316306155908,-0.06458857414860437,87.5,0.32720901290364846,0.06300378792492353,0.39924728955182665,80.0,,,,,,,,,,4.120443568,0.0419,0.6242,-0.077037478,6,30750.0,0.691930207,2.391256831,1.44116413,2.530497597,0.438317897,0.80977436,-0.008762686,-0.147527473,0 days 01:14:00,-0.194005801,-0.093780213,GapDownTrendBreak,C,Small
FCEL,2020-11-24,open30,2020-11-24 09:33:00-05:00,True,2.8033469999999996,2.2475,0.24731790878754145,8.0,0.04069313250518615,0.13205862800638035,1.5646442750591982,100.0,0.9813982191660053,0.07713449586471363,0.05719930382426264,20.0,,,,,,,,,31.0,3.406449082,0.0395,0.7511,0.166081871,7,30750.0,0.860074627,3.297413793,2.185691149,4.399678429,0.254016427,1.23223719,-0.008762686,-0.011892963,0 days 04:38:00,-0.34002006,-0.230692076,2DBreakoutIB,A,Small
PLTR,2020-11-27,open30,2020-11-27 09:36:00-05:00,True,2.7915725,1.7974,0.5531170023367085,8.0,0.1341399448893297,0.09399045728477033,4.457655272151414,100.0,0.8851539147307148,0.079876735594348,0.45314900153609816,100.0,,,,,,,,,34.0,2.804692832,0.0452,0.2366,0.073666093,3,28250.0,0.482414449,1.625420875,1.012072435,2.664947124,0.17157558,1.384396871,0.013639667,-0.020722135,0 days 01:52:00,-0.1625521,-0.1131773,3DGapFade,A,Medium
MRNA,2020-12-01,premarket,2020-12-01 09:29:00-05:00,True,1.52454475,1.3091,0.1645747078145292,8.0,0.17609756958068123,0.21984327739877996,-0.05241398282673152,100.0,0.8546433378196496,0.10349693636357828,0.7689345314505776,100.0,,,,,,,,,,4.717889215,0.065527831,-3.148172569,0.163153071,3,27875.0,0.627221103,1.285310008,0.882742581,3.876424387,0.27688265,0.871620569,0.012868573,-0.005096041,0 days 04:33:00,-0.266407745,-0.206292919,3DGapFade,A,Medium
QS,2020-12-23,premarket,2020-12-23 07:00:00-05:00,True,2.3962100625,2.08605,0.14868294743654253,8.0,0.13436301610295118,0.23215165903943522,0.06168351926857802,87.5,0.12869278216643232,0.008063731298394832,0.7136695966483202,100.0,,,,,,,,,,1.316904955,0.0712,0.6524,-0.073289284,6,29925.0,0.654957277,2.235746486,15.69820173,1.923906649,0.077577597,1.045038704,-0.007915282,-0.115797101,0 days 00:18:00,-0.155056548,-0.092034093,GapDownTrendBreak,B,Medium
BLNK,2020-12-28,post10,2020-12-28 10:01:00-05:00,True,1.8441825,1.50245,0.22745016473093949,8.0,0.064323244483937,0.04944898474982185,3.298893214336219,100.0,0.21808747821152075,0.022525787684491337,-0.011220796314577175,20.0,-19.0,-19.0,,0.08231391581205566,1.8655645666666665,1.9106040000000002,0.024475405468180025,False,59.0,1.930798134,0.0921,0.1322,0.076565657,1,26900.0,0.098989482,1.226911826,0.752654591,1.961412796,0.076011262,1.462948901,-0.000487567,-0.004297459,0 days 03:12:00,-0.150309627,-0.119909927,2DBreakoutIB,B,Small
PLUG,2021-01-15,open30,2021-01-15 09:32:00-05:00,True,1.4027607083333333,1.38025,0.01630915293123225,8.0,0.12361643525959122,0.17221008162159207,-0.6231184685467599,62.5,0.3936288368336027,0.06561837183522728,0.019838924190926477,20.0,,,,,,,,,30.0,1.467741819,0.0595,0.2003,-0.050946799,0,26225.0,-0.043471675,0.747371334,0.523925632,1.509054561,0.060428009,1.375586565,-0.00734407,-0.024710425,0 days 00:51:00,-0.092319873,-0.047664291,ConsolidationBreakdown,C,Medium
CCIV,2021-01-25,premarket,2021-01-25 04:01:00-05:00,True,2.15174155,1.71605,0.25389210687334285,7.0,0.001005333199862198,0.10638072148832568,2.3771861116887867,100.0,-0.0461619698738257,-0.03685362302414189,0.21662531017369724,100.0,,,,,,,,,,2.236481057,0.079680199,-0.853242746,0.197762864,0,25000.0,0.482281285,1.674325674,0.941333333,3.459474725,0.253355172,0.04081184,0.01527242,-0.064313177,0 days 00:39:00,-0.307060142,-0.067986552,2DBreakoutIB,B,Medium
BBBY,2021-01-25,post10,2021-01-25 10:43:00-05:00,True,2.149818,1.02495,1.0974857310112687,8.0,0.06720948673216949,0.16403772695581514,6.280727387527213,100.0,0.47751189274902694,0.038603027753806085,0.30516999872660144,80.0,5.0,0.0,-14.0,-0.0007251666508020782,2.373108919354839,3.5469999999999997,0.0998535152641761,False,91.0,4.498606809,0.081253268,-1.469516093,0.15326051,1,25000.0,0.395273128,0.9617045,1.145987954,4.723517835,0.137814169,2.155582031,0.01527242,-0.018591565,0 days 01:38:00,-0.130022962,-0.119402985,3DGapFade,A,Medium
AMC,2021-01-27,premarket,2021-01-27 09:13:00-05:00,True,7.83185,3.8149,1.052963380429369,8.0,0.09458823533041892,0.2592764379174351,3.6963449235758876,100.0,1.5701677558445057,0.11925471461225345,0.4652967159592858,80.0,,,,,,,,,,7.306693257,0.077462312,2.9671,3.100806452,4,26375.0,4.794871795,9.272727273,4.83882994,9.990269218,1.668841658,0.043097438,-0.000260491,-0.211627907,0 days 00:39:00,-0.458702065,-0.021632252,1DMeanRevert,A,Medium
PLTR,2021-01-28,premarket,2021-01-28 08:00:00-05:00,True,1.7851741666666667,1.7266499999999998,0.033894632187569496,8.0,0.0974086072905407,0.20122040689299045,-0.31564380613119475,100.0,1.1889579107505068,0.10928798755925707,0.0457573738719641,20.0,,,,,,,,,,1.333218496,0.0679,0.0374,0.013846154,1,34675.0,0.091360751,0.679694138,0.509949489,2.166964059,0.067738467,0.619822468,-0.025582969,-0.097260274,0 days 00:48:00,-0.16287304,-0.098128477,GapDownTrendBreak,B,Medium
BBBY,2021-01-28,premarket,2021-01-28 08:22:00-05:00,True,3.667730166666667,4.04875,-0.09410801687763715,8.0,0.3978747493595599,0.7155594374834735,-0.6875498253051269,100.0,4.657839575181666,0.2548912269586729,0.9823006683150137,60.0,,,,,,,,,,2.107747362,0.124819833,-1.482757301,-0.219512195,5,34675.0,0.345503372,0.962909688,0.93269855,3.388675834,0.160210578,0.627056202,-0.025582969,-0.288275713,0 days 02:22:00,-0.271317829,-0.185077519,GapDownTrendBreak,B,Medium
GME,2021-01-28,premarket,2021-01-28 06:04:00-05:00,True,8.215684428571429,7.47675,0.09883096647225442,8.0,0.15264224573506033,0.3574966938940903,-0.15052245288385155,100.0,1.9078269324258628,0.18578005563055217,0.5067257796362536,60.0,,,,,,,,,,0.987336776,0.0645,0.9971,-0.237432016,5,34675.0,2.450970178,13.4335512,6.879603573,5.940619669,0.134855491,0.119836334,-0.025582969,-0.483551606,0 days 01:09:00,-0.576415094,-0.269433962,2DBreakoutIB,A,Medium
AMC,2021-01-28,premarket,2021-01-28 06:04:00-05:00,True,8.886015,7.75665,0.14559958229390269,8.0,0.18660895099841704,0.3648228642063557,-0.11240898728682236,100.0,2.365725071595938,0.19219917266269562,1.0156566706512136,80.0,,,,,,,,,,2.971312005,0.066,0.3528,-0.39798995,5,34675.0,1.71040724,4.960199005,3.337539432,5.375813713,0.487559652,0.163102759,-0.025582969,-0.479130435,0 days 01:26:00,-0.456594324,-0.279632721,GapDownTrendBreak,A,Medium
INO,2021-02-02,premarket,2021-02-02 07:49:00-05:00,True,2.6960509999999998,2.4892,0.08309938936204397,8.0,0.13784796596233215,0.1508244277385231,-0.3629954207099867,100.0,1.9393635236464544,0.16448703372367673,0.07191456377572991,20.0,,,,,,,,,,2.281613103,0.058,0.1395,0.118514151,2,33600.0,0.732420091,1.088057237,0.808060142,2.824009533,0.199019483,0.894896931,-0.019698272,-0.039007092,0 days 01:05:00,-0.271481286,-0.204533474,2DBreakoutIB,A,Small
SPCE,2021-02-02,premarket,2021-02-02 04:04:00-05:00,True,2.0379544999999997,1.98605,0.026134538405377272,8.0,0.18103918028396376,0.26033902439005435,-0.5950112252341384,75.0,0.8646605952492725,0.12335063605130271,-0.1684948712581118,0.0,,,,,,,,,,1.49326697,0.115154529,-1.48364349,0.089235917,2,33600.0,0.35908142,1.351123596,0.706862402,1.626253613,0.111324091,0.87990805,-0.019698272,-0.03476112,0 days 06:04:00,-0.192694999,-0.170848268,2DBreakoutIB,A,Medium
CCIV,2021-02-19,premarket,2021-02-19 05:15:00-05:00,True,2.9731008,2.8018,0.06113955314440722,8.0,0.05818820155587775,0.1063082807496292,0.02776219846392133,100.0,0.12957587485889355,0.024599833652473625,0.20450539529684875,80.0,,,,,,,,,,1.047215946,0.159889094,-0.744191995,0.035142119,4,23375.0,0.140227704,1.690998657,0.821950431,1.562934215,0.036137596,1.032894842,2.56e-05,-0.030806452,0 days 00:15:00,-0.162589449,-0.118988184,GapDownTrendBreak,C,Medium
GME,2021-03-10,post10,2021-03-10 12:16:00-05:00,True,3.9089601625,3.69005,0.05932444343572585,8.0,-0.0017871258228516762,0.19057461217396957,0.32067004393423976,50.0,-0.36879602466622763,-0.06436009724210884,0.36681174182794707,100.0,0.0,0.0,,0.004840620678712826,4.068840030913979,4.734321,0.12189975198186129,False,70.0,1.808956339,0.174568733,0.4277,0.091251519,5,21000.0,0.956076666,4.864823683,2.377216147,3.815332355,0.046458706,1.104466291,0.015075245,-0.061219512,0 days 00:14:00,-0.361615262,-0.016442119,3DGapFade,A,Medium
AMC,2021-06-03,premarket,2021-06-03 04:56:00-04:00,True,6.015534499999999,5.05005,0.1911831566024098,8.0,0.24074719792850385,0.29799436648164807,-0.16632543061563695,100.0,2.856913735823118,0.17917848882442297,0.36213569973971316,40.0,,,,,,,,,,2.47848941,0.16635692,2.1096,-0.071143086,2,8995.0,1.224349158,4.629844961,2.547854785,3.646043721,0.19089746,0.556432615,0.003006658,-0.235526316,0 days 02:54:00,-0.351807229,-0.116351119,2DBreakoutIB,A,Medium
BB,2021-06-03,premarket,2021-06-03 04:50:00-04:00,True,5.535827166666667,3.6363,0.5223791124678019,8.0,0.3109990970305278,0.22167307647741982,0.9535664808568026,100.0,5.669050894085282,0.2810847550633543,1.5099568593615187,100.0,,,,,,,,,,9.244441125,0.0327,0.3478,0.241967213,5,8995.0,0.880834161,1.382389937,1.124611576,4.551871363,0.945338196,0.68462598,0.003006658,-0.043434343,0 days 02:20:00,-0.28405491,-0.16156283,2DBreakoutIB,A,Medium
BBBY,2021-06-03,premarket,2021-06-03 04:11:00-04:00,True,2.6076005714285717,2.42545,0.07509970167538871,8.0,0.10724935230413442,0.1071839171817786,-0.2999484575117879,100.0,3.519191354574251,0.21177033124444092,2.0186060983198506,100.0,,,,,,,,,,3.549057821,0.069435122,-2.478194075,-0.128083277,1,8995.0,0.376561671,0.628487477,0.470848801,3.505001107,0.132704828,1.29817912,0.003006658,-0.098291951,0 days 03:20:00,-0.175966779,-0.172073709,GapDownTrendBreak,B,Medium
WISH,2021-06-09,premarket,2021-06-09 04:01:00-04:00,True,4.0902819,2.53025,0.6165524750518723,8.0,0.05718592624714743,0.06961349531138893,8.035317667969636,100.0,1.7000853697577631,0.11743211488309334,1.087234481336358,100.0,,,,,,,,,,7.5869425,0.1003,0.093,0.261392949,1,8420.0,0.76960193,0.631813126,0.684163252,3.917133483,0.913613127,0.603692881,0.004639212,-0.118918919,0 days 06:26:00,-0.30129516,-0.277436946,2DGapFade,A,Medium
CLOV,2021-06-09,open30,2021-06-09 09:31:00-04:00,True,4.005385625,3.1279,0.2805350634611081,8.0,0.21308411522299447,0.3796830243706667,0.17765068203909073,100.0,2.0070178811766968,0.15660648140269665,1.6799468791500667,100.0,,,,,,,,,29.0,5.351623065,0.0503,0.2825,0.264108352,6,8420.0,2.111111111,3.017216643,2.217352515,4.72350553,0.497165725,0.751477406,0.004639212,-0.010600707,0 days 06:19:00,-0.4,-0.395714286,3DGapFade,A,Medium
SPCE,2021-06-29,premarket,2021-06-29 04:01:00-04:00,True,1.5500915000000002,1.56945,-0.012334575806811188,8.0,0.11323301031743448,0.25310091464814005,-0.4961166825446256,87.5,0.6949619309897941,0.08997619099176012,0.6261202921825624,80.0,,,,,,,,,,1.888846333,0.085551484,-1.180061625,-0.046316557,0,6877.5,0.299056135,0.395038677,0.39854666,2.119723948,0.060290745,1.520726654,0.010304649,-0.026070764,0 days 05:25:00,-0.121032505,-0.100956023,PriorDayLowBreak,B,Medium
SPCE,2021-07-12,premarket,2021-07-12 04:01:00-04:00,True,1.649983675,2.43645,-0.32279190010055603,8.0,0.07977850950125007,0.13616032528460367,-2.9565911271168708,50.0,0.5177536908988971,0.08347051653010493,0.27449390594758594,80.0,,,,,,,,,,2.246141779,0.099195511,-1.802594513,0.007113821,1,7722.5,0.103072128,0.346467391,0.176020763,1.638470903,0.229407289,0.709129434,0.001138396,-0.082407407,0 days 05:40:00,-0.196569122,-0.178809284,ConsolidationBreakdown,B,Medium
MRNA,2021-08-10,premarket,2021-08-10 08:01:00-04:00,True,0.95746,0.945,0.013185185185185189,8.0,0.03661692833275566,0.0889157324452692,-0.2635275277296236,87.5,0.19491686160460242,0.011714626787149364,0.2871152274584581,100.0,,,,,,,,,,1.398952311,0.048,0.2119,0.002126035,1,6350.0,0.166338346,0.579735138,0.412638614,1.295294129,0.076275816,1.306092001,0.002221467,-0.026371202,0 days 06:19:00,-0.064881565,-0.059196704,2DBreakoutIB,B,Large
LCID,2021-11-17,premarket,2021-11-17 07:36:00-05:00,True,1.3026976874999998,1.1753,0.10839588828384228,8.0,0.016462876782673583,0.17305473876562186,0.5312366026895048,37.5,-0.03374850988613476,-0.016515449115250123,-0.08322932917316694,20.0,,,,,,,,,,2.055989084,0.0559,0.2035,0.012247839,2,3755.0,0.27930799,1.079940785,0.516295251,1.473486161,0.305051996,0.49406568,0.012208274,-0.092084006,0 days 04:00:00,-0.10480427,-0.064946619,2DBreakoutIB,C,Medium
BBBY,2022-03-07,premarket,2022-03-07 08:52:00-05:00,True,2.9945517500000003,0.9757,2.069131649072461,8.0,0.06459364862245584,0.04611127548075589,43.47175348221675,100.0,0.042525910887915463,0.004799385965305148,-0.025809994508511735,20.0,,,,,,,,,,10.0,0.075754756,-3.647735789,0.854140915,0,4660.0,0.741151459,0.912048852,0.856015224,6.23698088,3.002978701,0.322828382,-0.004660194,-0.146274123,0 days 05:20:00,-0.359666667,-0.276333333,1DMeanRevert,A,Medium
AMC,2022-03-29,open30,2022-03-29 09:35:00-04:00,True,3.0509144999999998,2.0666,0.4762965740830347,8.0,0.06308952698963943,0.1355132261603769,3.049200869916372,100.0,0.9711942006867609,0.09433735971900964,0.5052807924830651,80.0,,,,,,,,,28.0,3.386676982,0.09246579,0.2022,0.023866348,2,3312.5,0.484429066,0.951267057,0.920828088,2.90941914,0.155987492,2.11190277,0.014057252,-0.015409836,0 days 00:44:00,-0.120546121,-0.01964702,2DBreakoutIB,A,Medium
GME,2022-03-29,open30,2022-03-29 09:35:00-04:00,True,2.20172435,1.6705,0.3180032026339419,8.0,0.002100278421859717,0.13043061285835825,2.421999845658461,100.0,0.011719104866305452,0.019831740586457612,0.1722395705413846,60.0,,,,,,,,,28.0,2.811402324,0.102220758,0.1723,-0.007120629,10,3312.5,0.32200295,0.827395399,0.733148497,1.979932663,0.112780432,2.136356245,0.014057252,-0.005231729,0 days 00:30:00,-0.134084148,-0.044305142,3DGapFade,A,Medium
COIN,2022-08-04,open30,2022-08-04 09:33:00-04:00,True,2.355056136363636,1.7393,0.3540252609461485,8.0,0.07143363341462952,0.15584515301813914,1.8132846742986455,100.0,0.47855655204658487,0.0520596240210646,0.1266355745562897,60.0,,,,,,,,,26.0,3.219867929,0.0757,0.1239,0.312956317,2,2552.5,0.692185008,0.98614751,0.82149933,3.38594729,0.458454181,0.980233261,0.020636836,-0.052678571,0 days 01:16:00,-0.18204524,-0.162111216,3DGapFade,A,Medium
BILI,2022-12-05,premarket,2022-12-05 08:01:00-05:00,True,1.56635175,1.25875,0.24437080436941394,8.0,-0.0008541030783943812,0.06979667160482407,3.5134183594917916,100.0,-0.1769648228063293,-0.03892522058529976,0.08484874601396175,100.0,,,,,,,,,,2.114550675,0.0735,0.1164,0.126008065,0,1830.0,0.286866359,0.763220205,0.602144548,1.882843647,0.197555849,1.104451159,0.012551885,-0.043254818,0 days 05:30:00,-0.133393017,-0.118621307,2DBreakoutIB,A,Medium
EH,2023-01-17,premarket,2023-01-17 08:01:00-05:00,True,1.4295366,1.5308000000000002,-0.06615064018813699,8.0,0.03215777534690402,0.06271178926916077,-1.5676225583852905,12.5,0.007171524442397548,-0.005594897826873126,0.06364647026125625,100.0,,,,,,,,,,1.652372353,0.108,0.166,0.013617525,2,1347.5,0.35443038,1.404494382,0.75501632,2.282130299,0.051522502,2.160800214,0.027432579,-0.019388836,0 days 04:44:00,-0.232476636,-0.205607477,2DBreakoutIB,B,Small
AAL,2023-01-18,open30,2023-01-18 09:35:00-05:00,True,0.573185,0.5578000000000001,0.027581570455360138,8.0,0.04057906244600502,0.1591520092580516,-0.08166715614359941,87.5,0.0737247353224253,-0.0016524285084025282,0.10030575007397191,80.0,,,,,,,,,33.0,1.307677711,0.0338,0.1116,0.026346604,9,1362.5,0.041592395,0.379228954,0.256455002,1.598051317,0.06161119,1.282952373,0.018408521,-0.00567215,0 days 05:04:00,-0.053337136,-0.050770108,1DBreakoutIB,B,Medium
UAL,2023-01-18,premarket,2023-01-18 08:24:00-05:00,True,0.4322095,0.5429,-0.20388745625345372,8.0,0.03686127337320223,0.10539113119601823,-2.284335758564774,0.0,0.12786953360340725,0.027487072080841158,-0.06275356063875703,0.0,,,,,,,,,,2.88134526,0.0331,0.1354,0.037109375,0,1362.5,0.035087719,0.383172701,0.26277355,2.275923093,0.143612194,1.343210581,0.018408521,-0.007476636,0 days 05:35:00,-0.086252354,-0.079849341,1DBreakoutIB,B,Medium
CVNA,2023-01-31,premarket,2023-01-31 08:06:00-05:00,True,2.551542,2.35295,0.08440128349518705,8.0,0.13350551596458593,0.2084008382628279,-0.2356239681122123,87.5,0.5047804815655677,0.04959210617193431,0.36620699666134415,100.0,,,,,,,,,,2.086592537,0.0898,0.1735,0.108,3,1262.5,0.704615385,1.495495495,0.721456617,1.371687564,0.26224562,0.678170307,0.000974513,-0.031468531,0 days 02:08:00,-0.175541516,-0.082129964,2DBreakoutIB,B,Medium
SMH,2023-05-30,open30,2023-05-30 09:52:00-04:00,True,0.36037224999999995,0.3275,0.1003732824427479,8.0,0.046615322315409324,0.05746457955849006,0.9354973192246414,100.0,0.3024458142771922,0.03745356906949411,0.13518197573656865,80.0,4.0,0.0,,-0.003360263522803268,0.36327028333333333,0.390192,0.24888681399427512,False,50.0,1.886474361,0.025370626,0.0946,0.022326276,2,797.5,0.164759548,0.204525466,0.1719945,1.15795318,0.060597469,2.123985467,0.002937033,-0.003835218,0 days 04:02:00,-0.020909393,-0.017125788,3DGapFade,A,ETF
AVGO,2023-05-30,open30,2023-05-30 09:48:00-04:00,True,0.8072571545454545,0.76555,0.054479987649996175,8.0,0.1571036278060711,0.21316062464009186,-0.48143807201423056,100.0,2.140073831009024,0.16394171335989688,0.9069622618009714,100.0,5.0,0.0,,0.020207284152474636,0.8059041235294118,0.9744735294117648,0.28340912442883287,False,46.0,3.752348934,0.035738293,0.1824,0.027549125,2,797.5,0.22896708,0.327568118,0.38753226,4.283176594,0.134926398,1.694037868,0.002937033,-0.003436754,0 days 06:01:00,-0.043478781,-0.038054411,3DGapFade,A,Large
PLTR,2023-06-07,post10,2023-06-07 10:08:00-04:00,True,0.7822230000000001,0.6616500000000001,0.1822307866696895,8.0,0.0761107775358706,0.1135306839161622,0.9347253577031582,37.5,-0.09604481180408486,-0.029726491536334516,-0.05262027491408927,60.0,5.0,-11.0,,0.0,0.7903622666666668,0.8177856666666666,0.013298471820891505,True,66.0,1.9322935,0.0508,0.2396,0.035575679,2,577.5,0.10261708,0.690601901,0.377870564,2.200654957,0.066111796,1.252053332,0.02436281,-0.004353234,0 days 05:26:00,-0.093066833,-0.08244847,1DBreakoutIB,A,Medium
AI,2023-06-16,open30,2023-06-16 09:36:00-04:00,True,1.4635966,1.2468,0.17388241899262113,8.0,0.05402571310550403,0.0853234263500724,1.4047338581476858,100.0,-0.0013216388321519723,0.0007850656884608746,0.009146094698502472,60.0,,,,,,,,,34.0,0.992795897,0.098,0.0392,0.043993962,1,562.5,0.122941313,0.703977473,0.366626598,1.062356238,0.060130462,1.149602747,0.029541754,-0.006974359,0 days 01:31:00,-0.102871308,-0.080975005,2DBreakoutIB,B,Medium
TSLA,2023-06-21,premarket,2023-06-21 04:51:00-04:00,True,0.65370074,0.6007,0.08823162976527388,8.0,0.058924448335001656,0.06967857982820337,0.4206053209254666,100.0,0.11117277099519063,0.005036879999278382,0.07248705588287807,100.0,,,,,,,,,,1.314983543,0.0344,0.1726,0.002477683,2,535.0,0.075146542,0.36771724,0.222557665,1.719239837,0.050566726,1.057296032,0.001190858,-0.015635063,0 days 03:08:00,-0.063061098,-0.056954894,2DGapFade,A,Large
JOBY,2023-06-29,open30,2023-06-29 09:56:00-04:00,True,1.3081787999999999,1.0906,0.19950375939849607,8.0,0.04212732847555093,0.07251741655699445,2.170188051297394,100.0,0.5819553234696837,0.05030839570605362,0.5650426921145153,100.0,5.0,0.0,,-0.0004934520191502041,1.3608515533333332,1.5851848,0.13619010871677223,False,53.0,7.275587282,0.0431,0.0783,0.199776786,3,460.0,0.695583596,0.692913386,0.707525656,3.782666655,0.676869593,0.817058699,-0.000274908,-0.028906956,0 days 04:08:00,-0.109767442,-0.071627907,2DGapFade,A,Medium
RIVN,2023-07-10,post10,2023-07-10 11:38:00-04:00,True,1.098884625,1.03315,0.06362544161060835,8.0,0.07643446107410914,0.09459278873238668,-0.13541221942128076,100.0,0.44385437775138015,0.04309153527600236,0.3175412867436078,100.0,-35.0,-35.0,-45.0,-0.0009914442517274316,1.1023018951612904,1.1408225,-0.0017370784376095525,True,91.0,2.608041295,0.0535,0.1527,0.033198381,7,506.5,0.249143417,0.674540682,0.600601504,1.874925414,0.15828233,1.07710486,0.003537924,-0.01764921,0 days 0:025:00,-0.076018809,-0.00039185,2DGapFade,B,Medium
COIN,2023-07-12,premarket,2023-07-12 08:02:00-04:00,True,0.9326071428571427,0.8991,0.03726742615631484,8.0,0.09843356036322885,0.07098112305640451,-0.8617239566399773,100.0,0.18857822724568707,0.019131635293251365,0.20272891445388264,100.0,,,,,,,,,,0.931780053,0.0562,0.1064,-0.001682557,3,479.0,0.130589431,0.558942021,0.301945537,0.810059511,0.071443099,1.018827091,-0.001511972,-0.021978022,0 days 02:12:00,-0.051123596,-0.034269663,2DGapFade,B,Medium
MARA,2023-07-14,open30,2023-07-14 09:37:00-04:00,True,1.3121825,1.2225,0.07335991820040899,8.0,0.0663812996453413,0.11921413091176035,0.058538518057335925,100.0,0.25842812290905326,0.018400613150936978,0.18666278392545133,100.0,,,,,,,,,35.0,0.938954232,0.0654,0.1569,-0.00880829,1,441.75,0.100057504,0.617075232,0.398515287,1.27881549,0.030145089,1.704785094,0.025105461,-0.016957862,0 days 04:58:00,-0.065865133,-0.05541035,2DGapFade,B,Medium
RIOT,2023-07-14,premarket,2023-07-14 08:04:00-04:00,True,1.4393924999999999,1.3148,0.09476156069364161,8.0,0.08838828268507457,0.09130383168604171,0.06980296325878485,100.0,0.6847770374167095,0.06495950229605786,0.16189466242488493,40.0,,,,,,,,,,1.352087511,0.0628,0.1179,-0.001971414,5,441.75,0.15648201,0.801601423,0.524153965,1.280772356,0.047708299,1.33610907,0.025105461,-0.036631779,0 days 04:27:00,-0.07308642,-0.055802469,2DGapFade,B,Medium
NKLA,2023-07-14,open30,2023-07-14 09:39:00-04:00,True,3.580608,2.2562,0.5870082439500042,8.0,0.0015844219998102055,0.08864778645550604,6.603930513753199,100.0,-0.03184002746309633,-0.03288055708000146,0.5427008547008549,100.0,,,,,,,,,37.0,3.793045052,0.0926,0.1953,0.231981982,1,441.75,0.939716312,0.981884058,1.087387228,3.584,0.44365587,0.548661171,0.025105461,-0.033568905,0 days 03:54:00,-0.272394881,-0.177330896,2DGapFade,A,Small
BITO,2023-12-29,open30,2023-12-29 09:43:00-05:00,True,0.5772541666666666,0.5726,0.008128129002212159,8.0,0.020533897994925967,0.05900236459839371,-0.21025884432183492,100.0,0.0729879134264031,0.011575821631687537,0.01524822695035466,40.0,-9.0,-9.0,-8.0,-0.018280290575709693,0.5800108055555555,0.5713059999999999,-0.5020671825630575,True,41.0,1.795388144,0.037,0.000373342,0.006724304,0,210.25,0.015012107,-0.024208566,0.004140294,1.130659031,0.028911158,1.553735413,0.008440872,-0.004748338,0 days 01:21:00,-0.035305344,-0.022423664,ConsolidationBreakdown,B,ETF
MSTR,2023-12-29,open30,2023-12-29 09:31:00-05:00,True,0.8835791000000001,0.84745,0.04263272169449528,8.0,0.03914142327534479,0.06502881225347297,0.053688485121670515,87.5,0.45397615166852523,0.055615794296260006,0.1533070223189985,60.0,,,,,,,,,29.0,1.334173541,0.0418,0.000839693,0.010406061,0,210.25,0.117471725,0.181652629,0.157188288,1.894936395,0.034642033,1.44387392,0.008440872,0.000578258,0 days 03:11:00,-0.085443741,-0.064030941,PriorDayLowBreak,B,Medium
COIN,2023-12-29,premarket,2023-12-29 08:01:00-05:00,True,0.8608623333333333,0.81195,0.060240573105897255,8.0,0.07578585429610875,0.10241527488567959,-0.15178674477575554,75.0,0.2364093193238921,0.03448321299708944,-0.1009799036704867,0.0,,,,,,,,,,1.391451182,0.0413,0.002114348,-0.001609788,2,210.25,0.081429817,0.366179602,0.208200926,1.620480018,0.032626206,1.477800574,0.008440872,-0.010161196,0 days 01:03:00,-0.080941632,-0.06524777,PriorDayLowBreak,B,Medium
MARA,2023-12-29,open30,2023-12-29 09:44:00-05:00,False,,,,,,,,,,,,,,,,,,,,,,1.917541355,0.0563,0.002548622,0.029882604,0,210.25,0.073813056,0.866537718,0.486659151,2.425860489,0.037031521,1.702670741,0.008440872,-0.008561644,0 days 05:37:00,-0.203799655,-0.188601036,PriorDayLowBreak,B,Medium
AMD,2024-01-18,open30,2024-01-18 09:49:00-05:00,True,0.4619611714285714,0.44755,0.032200137255214756,8.0,0.07854087918036738,0.10463682498557973,-0.44287220996564985,100.0,0.260881814340048,0.02484611908059061,0.39163557213930345,100.0,-5.0,-5.0,,-0.01567585882404358,0.46683772738095236,0.47486374285714283,0.18033967724668373,True,47.0,1.935872592,0.0245,0.002905389,0.0376475,2,217.25,0.13400655,0.158914999,0.158997872,1.621456968,0.073966423,1.195877534,-0.008960047,-0.001981625,0 days 01:12:00,-0.04801444,-0.021239471,1DBreakoutIB,C,Large
AMD,2024-01-25,post10,2024-01-25 11:52:00-05:00,True,0.7902708333333334,0.70575,0.11976030227889956,8.0,0.15805629892818487,0.24037676014815731,-0.15931655217285318,100.0,1.1944962686567164,0.10665933877441003,0.04757310375538082,40.0,30.0,-10.0,,0.041389929157852584,0.7978388032258066,0.8018722,0.005750166797955413,False,91.0,1.517544295,0.040278581,-0.416920778,0.028717258,2,188.0,0.090557736,0.35537984,0.200654477,0.925925086,0.058031132,1.305491488,0.018678251,-0.005260874,0 days 00:15:00,-0.031514094,-0.016792977,2DBreakoutIB,C,Large
NVDA,2024-02-06,premarket,2024-02-06 08:03:00-05:00,True,0.46384464000000003,0.44175,0.05001616298811551,8.0,0.039561631384321165,0.08694801173988254,0.12023888062064693,100.0,0.08113069016152696,-0.0034753079067836538,0.24823396439672218,100.0,,,,,,,,,,1.347495206,0.030884013,-0.664405661,0.00429816,3,186.5,0.104764625,0.234968607,0.159571108,1.639297579,0.073742631,1.024910433,0.003381613,-0.022284005,0 days 02:36:00,-0.047824214,-0.020206807,3DGapFade,B,Large
SMCI,2024-02-06,premarket,2024-02-06 08:03:00-05:00,True,0.9379011899999999,0.8528,0.0997903259849906,8.0,-0.008249010054506734,0.1022891005899395,1.056215524590539,62.5,-0.20179707974541372,-0.0584835388020621,0.19556988644329176,100.0,,,,,,,,,,1.79273341,0.088305931,0.144540058,0.014547373,1,186.5,0.153384747,1.062455947,0.506338259,1.174435751,0.094308525,1.267897663,0.003381613,-0.03544351,0 days 02:13:00,-0.070118871,0.012763744,2DBreakoutIB,D,Medium
NVDA,2024-02-12,post10,2024-02-12 11:39:00-05:00,True,0.7632519666666666,0.3785,1.0165177454865697,8.0,0.037375466266574384,0.08859999531224684,11.051267844532855,100.0,0.015153547002816126,0.014200922587653604,-0.08970658970658973,20.0,30.0,0.0,,0.012487542982394628,0.7860813956989247,0.8218101500000001,0.19259655821960125,False,91.0,1.251279042,0.032463578,-0.164825077,0.006474152,0,176.5,0.035678112,0.217018138,0.174792296,1.433000365,0.038342581,1.630516422,0.008030747,-0.003431709,0 days 00:44:00,-0.018595041,-0.004848485,2DBreakoutIB,C,Large
SMCI,2024-02-12,post10,2024-02-12 11:38:00-05:00,True,1.001362575,0.75495,0.3263958871448438,8.0,0.04884031882073999,0.046950108808530754,5.911712994234264,100.0,0.20416301140441817,0.024676148791412545,-0.0938062657544112,20.0,-32.0,-32.0,,0.0052895422885696625,1.1028940974654378,1.0993783000000001,-0.049565610996280714,True,91.0,1.381033879,0.082378834,0.186070089,0.028434803,4,176.5,0.113721475,0.745231982,0.523401134,1.47777448,0.053748899,1.445098275,0.008030747,-0.002489387,,-0.021370216,0.015328237,2DBreakoutIB,C,Large
SMCI,2024-02-16,premarket,2024-02-16 08:55:00-05:00,True,1.732641125,1.52185,0.13850979071524794,8.0,0.11641972606345274,0.13789317894096323,0.1601969352033918,100.0,0.6965997770345596,0.08945747047250688,0.3678935778167274,60.0,,,,,,,,,,2.349077944,0.083292197,-2.781057199,0.041334661,9,185.75,0.320926354,1.204998418,0.692884942,3.497592182,0.101340246,1.009226589,0.001616121,-0.031944444,0 days 06:09:00,-0.233715925,-0.231640363,3DGapFade,A,Large
NVDA,2024-03-08,post10,2024-03-08 10:31:00-05:00,True,0.666620655,0.5692,0.1711536454673226,8.0,0.050281259623669645,0.07627272593152845,1.5847392939930127,100.0,0.34118755890669195,0.05404976922726304,0.147464973288983,60.0,1.0,0.0,,0.05056783225454087,0.6752343401724138,0.8123196666666667,0.21857570407894472,False,89.0,1.915859822,0.036553959,-2.188219949,0.026642135,6,179.0,0.106717928,0.309393322,0.243215921,2.436007603,0.07978797,0.849685216,0.00382178,-0.007936475,0 days 02:35:00,-0.090730403,-0.079988101,3DGapFade,A,Large
NVAX,2024-06-06,premarket,2024-06-06 05:01:00-04:00,True,1.8845025,1.673,0.1264210998206814,8.0,0.1067175768616001,0.14378564959199228,0.13703400175881403,100.0,0.7786519243036361,0.054238951757780235,0.6322747451095176,100.0,,,,,,,,,,1.212686431,0.138724978,-1.270749898,0.132093467,1,124.8,0.302963776,0.840310078,0.624725069,2.203130906,0.155394356,0.712330142,0.023076482,-0.09389313,0 days 02:47:00,-0.187868576,-0.176284751,2DBreakoutIB,B,Medium
NVDA,2024-06-06,open30,2024-06-06 09:37:00-04:00,True,0.6091354333333334,0.5341,0.1404894838669415,8.0,0.08400647237752237,0.1338949613932635,0.42184568337506445,100.0,0.5995807127882602,0.03672125731691601,0.02445573990601324,40.0,,,,,,,,,35.0,1.432714435,0.032968938,-0.745770348,0.013132963,3,124.8,0.078678261,0.31087393,0.218719765,1.419203283,0.08651621,1.009352074,0.023076482,-0.007075849,0 days 03:13:00,-0.046175674,-0.024587257,2DGapFade,B,Large
NVDA,2024-06-20,premarket,2024-06-20 08:02:00-04:00,True,0.5234173333333333,0.45405,0.15277465771023735,8.0,0.02441857084725298,0.11843287662827423,1.0837876315869297,87.5,-0.18861686919228016,-0.011629302962150749,0.04487400759406279,60.0,,,,,,,,,,1.093764324,0.036764375,-1.754980027,0.031125535,1,121.35,0.060054595,0.217504899,0.184564309,2.043949592,0.071985525,0.8252402,0.013170533,-0.012711864,0 days 03:29:00,-0.073533619,-0.064520744,2DGapFade,A,Large
MU,2024-06-20,premarket,2024-06-20 08:54:00-04:00,True,1.1141345882352942,1.0044,0.10925387120200547,8.0,0.2803398597812533,0.6121272244577308,-0.2794941668062696,100.0,1.522667336430993,0.15318192412507167,1.7726708074534159,100.0,,,,,,,,,,2.101272323,0.034897376,-2.33974182,0.023199739,2,121.35,0.110710243,0.193266454,0.17132737,2.425044618,0.116559968,1.861347739,0.013170533,-0.008612525,0 days 04:11:00,-0.089803197,-0.08165085,3DGapFade,B,Large
AVGO,2024-06-20,premarket,2024-06-20 04:19:00-04:00,True,0.5391827607142857,0.53125,0.014932255462184907,8.0,0.03970826832519182,0.17273404056530986,-0.14343445438966174,37.5,-0.10699277189443601,-0.02515982193071813,0.2647303892393764,100.0,,,,,,,,,,1.456471728,0.040351114,-1.360345123,0.000521492,0,121.35,0.039434249,0.296828148,0.21369221,1.179144385,0.06693876,1.786924571,0.013170533,-0.009903925,0 days 04:09:00,-0.045046743,-0.038204341,PriorDayLowBreak,A,Large
KWEB,2024-09-30,premarket,2024-09-30 08:01:00-04:00,True,0.5751909999999999,0.50545,0.13797803937085762,8.0,0.12381120023642635,0.19575550866057098,0.07237006626973534,100.0,1.0061520142885492,0.12114557599048403,0.4087235228539574,60.0,,,,,,,,,,2.691019641,0.017288545,-2.536064073,0.048629531,1,120.55,0.215579091,0.402443831,0.316044551,1.85472,0.236798721,0.946480644,0.007127145,-0.032100109,0 days 06:14:00,-0.046936481,-0.043844857,3DGapFade,A,ETF
VXX,2024-08-05,premarket,2024-08-05 08:35:00-04:00,True,2.5880193499999997,1.61425,0.6032332971968406,7.0,0.15084660347474418,0.3382367311388866,1.3374854120628834,100.0,1.1756856931060042,0.12090185284873319,1.563725879456841,100.0,,,,,,,,,,3.956046703,0.052803602,-0.592866865,0.437141034,1,143.95,0.947675676,1.1842871,0.909977967,4.871257176,0.221116963,0.728913931,-0.002626552,-0.046772487,0 days 02:30:00,-0.19660302,-0.031305506,3DGapFade,A,ETF
BEKE,2024-09-30,premarket,2024-09-30 08:01:00-04:00,True,0.9410506666666665,0.62025,0.5172118769313447,8.0,0.05839925512514626,0.11895866112056566,3.8569080845755974,100.0,0.5018159806295399,0.07319797712715216,0.1916426512968299,60.0,,,,,,,,,,3.912370079,0.035920365,-2.916623682,0.112,1,120.55,0.360244648,0.531680441,0.484971568,2.583056979,0.406645326,0.911452962,0.007127145,-0.080991736,0 days 04:13:00,-0.110161871,-0.104766187,1DBreakoutIB,A,Medium
TEM,2024-08-20,post10,2024-08-20 10:19:00-04:00,False,,,,,,,,,,,,,,,,,,,,,,3.578566488,0.090717595,0.134939417,0.006769658,5,108.5,0.228813559,0.261692408,0.729303761,3.335730648,0.054087609,1.921762992,0.032414582,0.0,0 days 00:01:00,-0.018275862,0.012241379,3DGapFade,A,Medium
OKLO,2024-10-23,open30,2024-10-23 09:47:00-04:00,True,1.586983,1.58515,0.0011563574425133005,8.0,0.052154097193672935,0.07181761807466909,-0.7101006844606996,75.0,0.43901774771912305,0.056221306122327924,0.06744107744107741,20.0,4.0,0.0,-11.0,0.017750025468901347,1.5891200250000002,1.6948693333333336,0.6900483594049586,False,45.0,2.093609065,0.153618289,-0.54437163,-0.041286606,0,129.35,0.095447065,1.102105263,0.81420588,1.811115702,0.053221215,1.262435913,0.001751674,-0.020468625,0 days 03:04:00,-0.118177266,-0.083625438,RightSidePopFade,B,Medium
ARM,2024-04-17,premarket,2024-04-17 08:01:00-04:00,True,0.5668330714285714,0.5567500000000001,0.018110590801205806,8.0,0.0299176467675853,0.03286068540512539,-0.359306442358561,50.0,0.08814619368709109,0.007330997794213025,-0.002150730352181829,40.0,,,,,,,,,,2.411422102,0.047936209,-2.449509548,-0.002863688,0,195.95,-0.035304362,-0.047592998,-0.030218688,2.502161698,0.024060213,1.851621918,-0.020598304,-0.009186992,0 days 06:12:00,-0.121933208,-0.117420202,ConsolidationBreakdown,B,Large
PHUN,2024-10-24,premarket,2024-10-24 08:01:00-04:00,False,,,,,,,,,,,,,,,,,,,,,,3.538609129,0.163499444,-1.966979161,-0.115983027,3,139.1,0.486325803,2.676470588,1.277743445,3.151243264,0.244700294,0.82216791,-0.007486906,-0.143835616,0 days 06:28:00,-0.3296,-0.3216,GapDownTrendBreak,B,Small
DJT,2024-10-29,premarket,2024-10-29 08:17:00-04:00,True,4.392833666666666,4.09,0.07404246128769354,8.0,0.17924222120124536,0.48420542332978767,-0.21726266341693012,100.0,1.0390866487187158,0.07444855322404856,1.4977861919447921,100.0,,,,,,,,,,3.44985603,0.11797357,-0.353252162,0.134923986,2,134.9,0.537911302,1.46559633,0.883049797,2.381347937,0.454254733,0.559548125,-0.004268669,-0.065217391,0 days 00:41:00,-0.190325581,-0.041674419,3DGapFade,A,Medium
IONQ,2024-10-29,premarket,2024-10-29 08:01:00-04:00,True,1.5910348333333335,1.56635,0.01575946201891898,8.0,0.08871618830750382,0.1596004224456836,-0.4571211352113683,100.0,0.9325724861196791,0.06912457492579009,0.44925055514433754,100.0,,,,,,,,,,1.864001805,0.097937187,-0.443432905,-0.017405952,3,134.9,0.113940165,0.832460733,0.438093314,1.456655495,0.061839749,1.27417035,-0.004268669,-0.038461538,0 days 00:57:00,-0.101142857,-0.043428571,GapDownTrendBreak,B,Medium
DJT,2024-10-30,premarket,2024-10-30 08:01:00-04:00,True,4.399870928571429,4.2792,0.028199413107923954,8.0,0.19451882387361422,0.4780732167996309,-0.34789526984817,100.0,1.2768363084945067,0.14098433012525574,1.519770351832769,100.0,,,,,,,,,,2.315341225,0.126266008,-1.249703541,-0.07726655,3,134.1,0.220282413,1.310646573,0.648649542,2.366970722,0.145198078,0.578038553,0.006539906,-0.103207547,0 days 02:27:00,-0.180307174,-0.157795077,RightSidePopFade,B,Medium
OKLO,2024-10-30,open30,2024-10-30 09:40:00-04:00,True,1.87983925,1.7393,0.08080219053642268,8.0,0.08307925237791956,0.101076844520463,-0.022528026595011994,100.0,0.1712457912457912,0.007791369354887227,0.2543631905380066,100.0,,,,,,,,,38.0,1.336843067,0.167805905,-0.792311485,0.062801932,3,134.1,0.381475667,1.75,0.79835641,1.517954481,0.102351769,0.896806013,0.006539906,-0.050017992,0 days 05:13:00,-0.142424242,-0.132954545,1DBreakoutIB,C,Medium
DXYZ,2024-11-11,open30,2024-11-11 09:42:00-05:00,False,,,,,,,,,,,,,,,,,,,,,,6.61771249,0.106561548,-0.999879875,1.148868778,3,105.65,1.988672121,3.165789474,2.342357699,3.298431196,0.558932022,0.799821657,0.043026758,-0.03002451,0 days 03:34:00,-0.223415456,-0.106548747,3DGapFade,A,Small
IONQ,2024-11-12,open30,2024-11-12 09:40:00-05:00,True,1.48364975,1.44465,0.026995985186723415,8.0,-0.05432664664033525,0.11201552414168348,0.7259942981135121,75.0,-0.10881835847136123,-0.013924271455531953,0.05383521172994854,100.0,,,,,,,,,38.0,1.048083642,0.118370404,0.387842649,-0.06462585,0,104.25,-0.004975124,0.46568954,0.513474924,1.465834728,0.074868969,1.411869547,0.038252124,-0.048854302,,0.0,0.045909091,RightSidePopFade,A,Medium
TSLA,2024-11-12,premarket,2024-11-12 04:01:00-05:00,True,0.8172958,0.8545,-0.043539145699239334,8.0,0.05845518346150918,0.1502776297586194,-0.6787060011831101,87.5,0.44756903269523973,0.03550391879609036,0.5948114968271743,100.0,,,,,,,,,,1.525098678,0.041712231,-0.996750931,-0.020742857,5,104.25,0.154356539,0.572418223,0.329923667,1.336238542,0.120351812,0.697146644,0.038252124,-0.053230574,0 days 00:39:00,-0.056690202,-0.041576705,GapDownTrendBreak,A,Large
MSTR,2024-11-21,premarket,2024-11-21 09:24:00-05:00,True,2.18252956,1.90195,0.14752204842398586,8.0,0.06714922263159519,0.18117887788159756,0.44361035200204313,100.0,0.5257099310123536,0.03652899693090338,0.4263911804409781,100.0,,,,,,,,,,3.055700869,0.097317289,-2.654142706,0.130426524,4,115.35,0.392006029,1.190715746,0.780619774,3.395107367,0.237191363,0.505562423,-0.004803236,-0.022929588,0 days 05:49:00,-0.305789258,-0.258293972,3DGapFade,A,Medium
CRNC,2025-01-06,open30,2025-01-06 09:35:00-05:00,True,3.226618375,2.12445,0.5188017486878957,8.0,0.17631447047852852,0.41797282262670277,0.819400831032613,100.0,1.035498706524863,0.0799344986191223,0.9999529301012005,100.0,,,,,,,,,33.0,4.845595233,0.105033569,-1.390727957,1.980075662,1,107.0,2.01044586,2.45497076,2.004807692,3.846404547,0.674991108,0.700996632,-0.027771311,-0.087919722,0 days 00:32:00,-0.193043331,-0.146073121,2DGapFade,B,Medium
IONQ,2025-01-08,premarket,2025-01-08 05:28:00-05:00,True,1.6247516666666668,1.1716,0.38678018663935365,8.0,0.042881295911441804,0.06636401771089565,5.182008301939359,100.0,-0.1128275026503105,-0.012534513169890642,0.04513826940231924,80.0,,,,,,,,,,3.983922248,0.133585863,-1.646880847,-0.218592458,0,106.2,-0.188821436,-0.073188232,-0.048095581,3.414634146,0.27045539,0.83382202,0.004350942,-0.151150055,0 days 01:58:00,-0.330993548,-0.219354839,GapDownTrendBreak,C,Medium
CRCL,2025-06-23,post10,2025-06-23 11:27:00-04:00,True,2.0427605875,1.95895,0.042783423517700925,6.0,0.05744377295689691,0.16137815868827302,-0.09084469396825087,83.33333333333334,0.42427657408753827,0.08218414036787482,0.6988552597346287,100.0,1.0,0.0,,0.029540404747434912,2.194890256451613,2.2883031000000003,0.29595637713399764,False,91.0,2.030828942,0.201246729,0.520741136,-0.007574496,2,110.5,0.598793161,1.069067245,1.76610803,1.981892989,0.113958151,0.729186372,-0.004556114,-0.095028463,,-0.025077581,0.10479745,3DGapFade,A,Medium
CRCL,2025-06-24,premarket,2025-06-24 08:01:00-04:00,True,1.984573675,1.97395,0.005381937232452616,7.0,0.06358401143210785,0.1451225111844772,-0.40105476210833874,71.42857142857143,0.4351824923658574,0.08525182544836188,0.13311902643437334,50.0,,,,,,,,,,1.358898286,0.208856519,-0.530956367,-0.0494591,3,108.0,0.254672078,1.172841649,1.451649312,1.369553786,0.1541837,0.431456692,-0.004197916,-0.104363376,0 days 02:17:00,-0.131143679,-0.110893699,RightSidePopFade,A,Medium
OPEN,2025-07-21,post10,2025-07-21 14:47:00-04:00,True,4.0493795,3.61815,0.11918508077332324,8.0,0.15821700980034994,0.3187622397894585,-0.12244840873500945,100.0,1.4739487179487183,0.11509165425234519,0.3866362625991644,80.0,-4.0,-4.0,-3.0,-0.06252256762840575,4.197895161290323,4.2872,0.028635841658077612,False,77.0,7.475008596,0.14855827,1.041368727,0.684807114,4,86.85,0.865802067,3.978349371,4.160982257,6.926454281,0.379100057,0.421271614,0.00708765,-0.139324333,,-0.05936141,0.154703936,3DGapFade,A,Small
BYND,2025-10-22,premarket,2025-10-22 05:27:00-04:00,True,6.6491735,5.81595,0.14326524471496493,8.0,0.0035236290514597058,0.23006295427060391,0.6074059863594501,87.5,0.09300795895546932,0.016054277719557978,0.8336144521336128,100.0,,,,,,,,,,7.70287738,0.174910998,-2.399923963,0.70441989,3,52.8,8.557001239,1.670995671,2.892537616,5.948559791,1.066322762,0.21739821,0.009200655,-0.252121212,0 days 01:09:00,-0.575364668,-0.419773096,3DGapFade,B,Small
GLD,2025-10-17,premarket,2025-10-17 08:01:00-04:00,True,0.3580065882352942,0.32985,0.08536179546852884,8.0,0.0347815880595918,0.06468128946038125,0.7819913274907508,100.0,0.7786465354543002,0.0694681160691249,0.36697057604641525,100.0,,,,,,,,,,2.989070862,0.011109289,-1.847258589,0.001740446,5,68.75,0.042937052,0.145353867,0.092642786,1.808440675,0.146903353,1.118444335,0.011668862,-0.014271886,0 days 03:30:00,-0.030014604,-0.02052173,3DGapFade,A,ETF
SNDK,2025-11-13,premarket,2025-11-13 08:02:00-05:00,True,1.0845763499999999,1.1499,-0.05680811374902173,8.0,0.025846976609609346,0.11278045846615123,-0.7328848586250278,12.5,-0.08817698834350973,-0.024620021088196595,-0.04655694208366146,40.0,,,,,,,,,,2.21597645,0.090051831,-1.012269439,-0.053338043,4,50.55,0.000186602,0.604310087,0.352225895,1.997438449,0.156145864,0.951429079,0.019498441,-0.057002111,0 days 04:19:00,-0.126380597,-0.091156716,GapDownTrendBreak,B,Medium
SLV,2026-01-26,post10,2026-01-26 13:04:00-05:00,True,0.9321481500000001,0.8074,0.1545060069358435,8.0,-0.00029482509378297994,0.1115061089435641,1.3882722076507474,100.0,0.08477764342335092,-0.01269387498039195,0.07131957805347322,100.0,3.0,0.0,,0.016816305027432532,1.2629154722222222,1.517709388888889,0.12053173320894593,False,91.0,2.930652108,0.03733172,-0.277654001,0.140479743,1,34.37,0.183539781,0.511330798,0.381605356,2.636354822,0.133725995,0.508817319,-0.004709349,-0.011243781,0 days 00:34:00,-0.028781322,-0.010365301,3DGapFade,B,ETF
GLD,2026-01-29,premarket,2026-01-29 08:02:00-05:00,True,0.5320891625,0.41655,0.2773716540631379,8.0,0.07212334848738766,0.11877147115770982,1.728094327493955,100.0,1.162772585669782,0.08995117882289431,0.29463869463869474,80.0,,,,,,,,,,3.161994513,0.014847585,-1.799076324,0.03022889,7,36.26,0.096427803,0.245045573,0.17333984,3.470220053,0.16295768,0.4603294,0.009347151,-0.009024604,0 days 00:36:00,-0.080469471,-0.026711939,3DGapFade,A,ETF
EWY,2026-02-26,premarket,2026-02-26 04:18:00-05:00,True,0.5887977083333333,0.63205,-0.06843175645386701,8.0,0.015500984871104215,0.12332957288734783,-0.6805564907099564,50.0,0.3627641224665805,0.00489655751702991,0.1328075992472444,60.0,,,,,,,,,,2.48342391,0.025942658,-0.727910163,0.029652764,2,36.72,0.100538406,0.274779644,0.174088144,1.62331158,0.075153539,1.131176888,0.01266655,-0.013354357,0 days 00:55:00,-0.043866801,-0.018883924,3DGapFade,A,ETF
GLW,2026-02-26,premarket,2026-02-26 07:45:00-05:00,True,0.75286544,0.7824,-0.03774867075664623,8.0,0.0870336759914959,0.11053711123670643,-1.12887287673848,87.5,0.4945558739255016,0.0607585611994076,0.1075093778752918,60.0,,,,,,,,,,1.189238693,0.059741799,-0.851944395,-0.012902824,4,36.72,0.090258176,0.443704987,0.23594413,1.501406733,0.014790286,5.926771224,0.01266655,-0.024756743,0 days 04:27:00,-0.06289467,-0.050896691,GapDownTrendBreak,C,Medium
SOXL,2026-04-27,premarket,2026-04-27 07:33:00-04:00,True,1.399489,1.35635,0.03180521251889257,8.0,0.006834090712145072,0.06533323605011385,0.38221161718659397,100.0,0.16504896065968055,0.029561764400109637,0.05269897939384527,60.0,,,,,,,,,,0.819570149,0.07228025,-0.532054647,3.9e-05,11,39.72,0.214738735,1.341269841,0.600074083,1.508414668,0.08625341,0.58961544,0.007365391,-0.037899235,0 days 00:23:00,-0.082094681,-0.038457043,,B,ETF
CAR,2026-04-22,open30,2026-04-22 09:37:00-04:00,True,3.634461,3.47075,0.04716876755744437,8.0,0.09994183370630602,0.20769431341473982,-0.254090086922507,87.5,0.9831723901491343,0.06849641567203855,0.7904769274420282,100.0,,,,,,,,,35.0,2.674249193,0.186159254,-2.294631039,0.085465776,4,39.85,0.569250395,4.313609873,1.705065497,4.123496357,0.082594911,1.32430391,0.005914793,-0.023931002,0 days 06:01:00,-0.447747713,-0.427166802,3DGapFade,B,Medium
BE,2026-04-30,premarket,2026-04-30 09:26:00-04:00,True,1.1257076,1.1301,-0.003886735687107512,8.0,-0.01286616165518847,0.08914422644908687,0.10072919274485372,0.0,-0.18598285673125403,-0.01841340830837868,-0.1975431371156714,0.0,,,,,,,,,,1.225129646,0.076802224,-0.544628696,0.026947251,1,38.02,0.260141469,0.846811965,0.454265437,1.558364101,0.052364731,1.773431738,0.004418096,-0.007417601,0 days 00:25:00,-0.115662936,-0.041828695,2DGapFade,B,Medium
INTC,2026-04-30,premarket,2026-04-30 04:06:00-04:00,True,0.8641336562499999,0.91525,-0.055849597104616344,8.0,0.023998597065230838,0.0864519320777181,-0.9236137614375775,12.5,0.023597830341665293,-0.017332866978168045,0.10604229607250759,80.0,,,,,,,,,,1.075145641,0.058297916,-0.200958833,0.008970976,1,38.02,0.124838216,0.548930655,0.393536925,0.816661794,0.07430247,1.200128542,0.004418096,-0.021294021,0 days 01:10:00,-0.042887029,-0.011715481,,B,Large
SNDK,2026-05-06,premarket,2026-05-06 04:11:00-04:00,True,1.150044555,1.14295,0.006207231287457926,8.0,-0.025222886232008444,0.08840445681724608,0.3555263914401986,37.5,-0.26289823294208703,-0.056584032686810504,0.1727977015032578,100.0,,,,,,,,,,1.180670093,0.063442288,-0.300684451,0.022100233,5,37.46,0.21095198,0.611940968,0.402103204,1.264723143,0.105456516,0.757040869,0.017130892,-0.039812959,0 days 01:01:00,-0.07146932,-0.01907611,3DGapFade,B,Large
SOXL,2026-05-12,premarket,2026-05-12 04:04:00-04:00,True,1.63136245,1.6061,0.015729064192764985,8.0,0.013888776906602316,0.08929300545409179,0.020609534608047396,100.0,0.27362118869196306,0.030961897004743572,0.25766414784072666,100.0,,,,,,,,,,1.404652441,0.076640482,-0.374645121,-0.06721983,2,36.98,0.167784352,0.810786013,0.430673455,2.349926544,0.092756146,0.489484681,0.021457093,-0.029398907,0 days 03:14:00,-0.152235109,-0.028712983,GapDownTrendBreak,B,ETF
MU,2026-05-12,premarket,2026-05-12 04:37:00-04:00,True,1.080820238095238,1.1209,-0.035756768583068865,8.0,0.05757396695049181,0.08457908826827107,-1.1034729440157927,87.5,0.48650619985412114,0.047695847490051575,0.3573504480503755,100.0,,,,,,,,,,1.558786635,0.059473501,-0.176237761,-0.025938918,2,36.98,0.198057622,0.723930749,0.400596912,1.804947468,0.083154142,0.928011114,0.021457093,-0.009208339,0 days 03:25:00,-0.087903705,-0.010481477,GapDownTrendBreak,B,Large
INTC,2026-05-12,premarket,2026-05-12 08:08:00-04:00,True,1.016645625,1.02045,-0.003728134646479586,8.0,0.06592865166979477,0.07895229913707337,-0.8822641908798555,87.5,0.26449814126394067,0.03365302775113102,0.2191756272401435,100.0,,,,,,,,,,1.075056759,0.065698771,-0.458979518,-0.039245983,2,36.98,0.134464514,0.876848778,0.41330915,1.57838974,0.060011467,0.846285903,0.021457093,-0.041637447,0 days 02:29:00,-0.075265359,-0.03015439,GapDownTrendBreak,B,Large
SNDK,2026-05-12,premarket,2026-05-12 08:05:00-04:00,True,1.2093438363636364,1.23,-0.01679362897265335,8.0,0.0013415394894821084,0.08911702361404422,-0.20349836346281971,75.0,-0.032181918325596026,0.002862402966314319,0.19556765163297052,100.0,,,,,,,,,,0.987088581,0.069237518,-0.387019168,-0.035901677,0,36.98,0.113466074,0.651374116,0.3205161,1.631205701,0.04767008,0.999812619,0.021457093,-0.038305355,0 days 03:25:00,-0.083780161,-0.026796247,GapDownTrendBreak,B,Large
