ticker,date,low_bucket,t_low,has_series,open_iv,prior_close_iv,iv_gap_open,n_controls,ctrl_gap_mean,ctrl_gap_std,iv_gap_z,open_iv_pctile,iv_runup_chg,iv_ramp_slope,iv_ramp_final2d,iv_ramp_final2d_pctile,iv_lead,iv_lead_pre,t_vel_zero_cross,accel_sign_pre,iv_base,iv_at_top,iv_runup_slope,iv_divergence,win_bars,prior_close_iv_pctile,selloff_total_pct,consecutive_down_days,gap_pct,rvol_score,atr_pct_move,pct_off_30d_high,closed_outside_lower_band,uvxy_close,bounce_open_low_pct,bounce_open_close_pct,bounce_duration,trade_grade,cap,Setup
XPEV,2020-12-02,open30,2020-12-02 09:33:00-05:00,True,1.4210511666666668,1.4741,-0.03598726906813188,8.0,0.09499560453290286,0.1225752240387324,-1.068591753580198,12.5,0.3700450764440728,0.00797555704597951,-0.00790793148702762,40.0,,,,,,,,,29.0,28.57142857142857,-0.1854387056627256,2.0,-0.102177235,1.046588537,1.929726609,-0.3689085783326621,False,28225.0,-0.02127207,0.191235907,0 days 03:43:00,A,Medium,3DGapFade_strongstock
AMC,2021-01-27,post10,2021-01-27 10:02:00-05:00,True,7.83185,3.8149,1.052963380429369,8.0,0.09458823533041892,0.2592764379174351,3.6963449235758876,100.0,1.5701677558445057,0.11925471461225345,0.4652967159592858,80.0,,,,,,,,,28.0,85.71428571428571,0.0,0.0,3.100806452,7.306693256,-1.098083858,2.9190751445086707,False,26375.0,-0.458702065,-0.021632252,,A,Medium,IntradayCapitch_strongstock
GME,2021-01-28,post10,2021-01-28 11:24:00-05:00,True,8.215684428571429,7.47675,0.09883096647225442,8.0,0.15264224573506033,0.3574966938940903,-0.15052245288385155,100.0,1.9078269324258628,0.18578005563055217,0.5067257796362536,60.0,,,,,,,,,27.0,100.0,0.0,0.0,-0.237432016,0.987336776,-4.177270729,-0.3026315789473684,False,34675.0,-0.576415094,-0.269433962,,A,Medium,IntradayCapitch_strongstock
NIO,2021-02-23,open30,2021-02-23 09:39:00-05:00,True,1.5532367749999998,1.1873,0.30820919312726325,8.0,0.16119891857209387,0.2699570273709754,0.5445691708300953,100.0,0.599703583939639,0.06423447994867444,0.45386640543684575,100.0,,,,,,,,,33.0,100.0,-0.0792151162790697,1.0,-0.099842147,1.947926548,1.007925349,-0.3190028362442155,True,23400.0,-0.086804033,0.076501534,0 days 04:57:00,A,Medium,IntradayCapitch_strongstock
GME,2021-03-10,post10,2021-03-10 12:40:00-05:00,True,3.9089601625,3.69005,0.05932444343572585,8.0,-0.0017871258228516762,0.19057461217396957,0.32067004393423976,50.0,-0.36879602466622763,-0.06436009724210884,0.36681174182794707,100.0,22.0,-24.0,,-0.13903178531898822,4.417063982526882,,-0.042213618269430014,True,60.0,42.857142857142854,0.0,0.0,0.091251519,1.808956339,-0.104195938,-0.4421739130434782,False,21000.0,-0.361615262,-0.016442119,0 days 02:29:00,A,Medium,2DGapFade_strongstock
QQQ,2022-01-24,post10,2022-01-24 12:17:00-05:00,True,0.4526575454545454,0.36495,0.240327566665421,8.0,0.14416839837205694,0.21823181388827098,0.44062855263896145,100.0,0.6668189084265821,0.08516085565100218,0.3732831608654752,80.0,4.0,0.0,,0.05393918031876695,0.4826551383512545,0.5216959999999999,0.011972738593062674,False,91.0,100.0,-0.0745243546222467,4.0,-0.043721663,2.763550898,0.994358233,-0.1450269415196006,True,3777.5,-0.033983319,0.021378702,,A,ETF,3DGapFade_strongstock
COIN,2022-05-12,open30,2022-05-12 09:40:00-04:00,True,2.40876875,1.7777500000000002,0.35495359302489105,8.0,0.04448124977400335,0.08785676361788773,3.533846803203609,100.0,0.27730277338698106,0.057375119744108846,-0.026956759715380252,20.0,,,,,,,,,38.0,71.42857142857143,-0.5872454859777181,5.0,-0.096425912,4.780937674,1.056599356,-0.7647457955702032,True,4575.0,-0.158838072,0.205191595,0 days 01:01:00,A,Medium,3DGapFade_weakstock
MSTR,2022-05-12,open30,2022-05-12 09:40:00-04:00,True,3.3103656249999998,2.1911,0.5108236159919675,8.0,0.08204879607089398,0.17090274052228596,2.5088820612865517,100.0,1.1128200183211994,0.11702527326997754,0.28487656130886063,60.0,,,,,,,,,38.0,100.0,-0.2541681447321745,1.0,-0.089239001,5.002658146,0.624658851,-0.7031201550387597,True,4575.0,-0.124681768,0.117435864,0 days 00:58:00,A,Small,3DGapFade_weakstock
ARKK,2022-05-12,open30,2022-05-12 09:40:00-04:00,True,1.1884394999999999,1.0472,0.1348734721161191,8.0,0.042017324772971106,0.06456600190179848,1.43815854486975,100.0,0.19721047216188392,0.028768042531019698,0.08563134978229314,60.0,,,,,,,,,38.0,100.0,-0.2956322716002288,5.0,-0.027349039,2.266360081,0.928996804,-0.5004172461752434,True,4575.0,-0.022828508,0.085467706,0 days 01:23:00,A,ETF,3DGapFade_weakstock
CVNA,2022-05-12,open30,2022-05-12 09:39:00-04:00,True,2.4547805,2.2453000000000003,0.09329733220505032,8.0,0.07330467248098213,0.10313293603073442,0.19385329743846544,100.0,0.5052458686689238,0.06849549022368721,0.3301146293060042,80.0,,,,,,,,,30.0,100.0,-0.4970662196144174,5.0,-0.019666667,3.171454031,0.959986929,-0.7878755093944968,False,4575.0,-0.036042163,0.271676301,0 days 01:56:00,A,Medium,3DGapFade_weakstock
BYND,2022-05-12,open30,2022-05-12 09:30:00-04:00,True,1.78547925,2.1179,-0.15695771755040366,8.0,0.04813956747109681,0.0507671327951237,-4.039961954306006,87.5,0.5577948585929169,0.05491625506905579,0.4248999226292596,100.0,,,,,,,,,18.0,100.0,-0.3733237547892719,5.0,-0.196408101,5.261495876,1.40161591,-0.5954213158907271,True,4575.0,-0.025202092,0.192582026,0 days 01:27:00,B,Medium,3DGapFade_weakstock
KWEB,2022-03-15,open30,2022-03-15 09:47:00-04:00,True,1.298631,1.22595,0.05928545209837277,8.0,0.10831543170299403,0.07449377912148689,-0.6581754903944605,100.0,1.2165069607665888,0.09676278708602397,0.5599312889680621,100.0,4.0,0.0,-11.0,0.06358616006495975,1.2943693,1.3444963333333333,0.19671689575921295,False,45.0,100.0,-0.2826675693974271,3.0,-0.018404908,2.76648089,1.453573791,-0.4664614595357188,True,5220.0,-0.01875,0.066346154,0 days 01:15:00,A,ETF,3DGapFade
KWEB,2022-10-24,post10,2022-10-24 10:26:00-04:00,True,0.8794630000000001,0.7314,0.20243779053869293,8.0,0.02367531219767757,0.054147487427709064,3.301399323092814,100.0,0.17626246381473165,0.018357608011962203,0.17183369382360025,100.0,28.0,0.0,-20.0,0.021823944926634614,0.9094146527777777,1.0148899999999998,0.041497651297520935,False,84.0,100.0,0.0,0.0,-0.125585754,3.033980764,-0.230993828,-0.3574380165289256,False,3037.5,-0.077170418,-0.013397642,,A,ETF,IntradayCapitch_weakstock
LI,2022-10-24,post10,2022-10-24 10:27:00-04:00,True,1.084637,0.86205,0.25820660054521216,8.0,0.02759588416237178,0.058645973182175945,3.932251506279532,100.0,-0.02774488242260187,-0.0048738941500948455,0.022234080398434886,60.0,-2.0,-2.0,,-0.007368053338905944,1.0958807033333333,1.3133415,0.23378548238590133,False,85.0,85.71428571428571,0.0,0.0,-0.068786127,2.986061237,-0.781379771,-0.4259754142169963,False,3037.5,-0.222905028,-0.088764742,,A,Medium,IntradayCapitch_weakstock
TSLA,2023-01-06,open30,2023-01-06 09:39:00-05:00,True,0.9275344722222223,0.8184,0.1333510168893235,8.0,0.06911119876191739,0.18746704850038054,0.3426725850824696,50.0,0.14158181057330177,-0.010570706773152921,-0.0713191489361702,60.0,,,,,,,,,37.0,14.285714285714285,-0.0290390707497359,1.0,-0.06652166,1.350584827,1.120067695,-0.482203901065755,False,1647.5,-0.011553398,0.097669903,0 days 03:16:00,C,Large,1DGapFade_weakstock
FRC,2023-03-10,open30,2023-03-10 09:48:00-05:00,True,2.8116579,0.6998500000000001,3.0175150389369145,8.0,0.1315749870684038,0.19838956077664432,14.546834221371297,100.0,0.9311534216335544,0.08110781404549947,0.7461327345309383,100.0,,,,,,,,,1.0,100.0,-0.2208245414705404,4.0,-0.276117071,10.0,6.418207002,-0.5293878656554714,True,1295.0,-0.352517986,0.176402878,0 days 00:04:00,A,Medium,2DGapFade_weakstock
KEY,2023-03-13,post10,2023-03-13 10:31:00-04:00,False,,,,,,,,,,,,,,,,,,,,,,100.0,-0.1451965065502183,5.0,-0.238332296,5.86936016,-1.445708601,-0.3970443349753694,True,1295.0,-0.215277778,-0.070261438,,A,Medium,3DGapFade_weakstock
WAL,2023-03-13,post10,2023-03-13 10:25:00-04:00,False,,,,,,,,,,,,,,,,,,,,,,100.0,-0.3476996298254891,5.0,-0.793296985,10.0,8.940566516,-0.8411974867561907,True,1295.0,-0.421256788,1.026377036,,A,Medium,3DGapFade_weakstock
KRE,2023-03-13,post10,2023-03-13 10:25:00-04:00,True,1.00343525,0.83805,0.19734532545790806,8.0,0.23538059487730992,0.413237046932856,-0.09204225444380823,100.0,2.6764641368721227,0.1828800329446119,2.11542750929368,100.0,-6.0,-6.0,,-0.0036770289536743536,1.100230695652174,1.246464,0.02408641870568477,True,83.0,100.0,-0.1604836038423319,5.0,-0.164089023,5.044932266,0.097126258,-0.3214422414453035,True,1295.0,-0.054151625,0.002933213,,A,ETF,3DGapFade_weakstock
MARA,2024-01-03,open30,2024-01-03 09:30:00-05:00,True,2.008204,1.9758,0.016400445389209484,4.0,0.19393059432294066,0.19388136927453253,-0.9156637875934932,75.0,0.36568170036288206,0.11048778720011597,0.48651393747883986,,,,,,,,,,28.0,100.0,-0.2619890569681364,3.0,-0.097252508,1.170474019,1.227952348,-0.3386581469648562,False,210.75,-0.014975845,0.132125604,0 days 02:15:00,B,Medium,3DGapFade_strongstock
MARA,2024-01-19,post10,2024-01-19 12:10:00-05:00,True,1.333323,1.2731,0.04730421805042817,8.0,-0.016342208102978484,0.05035115895107585,1.2640508675331439,12.5,-0.2333955560908051,-0.047921727844520666,-0.060546802936944366,80.0,4.0,0.0,,0.037758249166256586,1.27126764516129,1.3215886666666667,0.2009660679310343,False,91.0,0.0,-0.3814472671285604,7.0,-0.005600498,0.96980375,0.068230509,-0.4894568690095847,False,206.25,-0.085106383,0.009386733,0 days 00:18:00,B,Medium,3DGapFade_strongstock
GL,2024-04-11,post10,2024-04-11 15:04:00-04:00,True,0.6847331999999999,0.3455,0.9818616497829233,8.0,0.11377012053502265,0.20922832520414628,4.149015332416845,100.0,-0.06330486647688771,0.00964719451958263,-0.28711441246260194,0.0,11.0,-12.0,-11.0,-0.36318759388952104,2.0274192307692305,,0.41425733800341974,False,65.0,42.857142857142854,-0.1000857632933103,9.0,-0.061469551,10.0,-22.06549149,-0.2376528874438767,True,172.25,-0.604488221,-0.500710804,,A,Medium,IntradayCapitch_strongstock
TSM,2024-08-05,open30,2024-08-05 09:30:00-04:00,True,0.8582911312499999,0.5800000000000001,0.47981229525862035,8.0,0.06729116129483492,0.10691772704191033,3.8583043745597267,100.0,0.2966689023027054,0.030532129092353793,0.26485661323737886,100.0,,,,,,,,,27.0,100.0,-0.0961399276236429,2.0,-0.153748894,1.308431066,2.769819186,-0.3081097844627073,False,143.95,-0.002166443,0.105259226,0 days 02:35:00,A,Large,3DGapFade_strongstock
COIN,2024-08-05,open30,2024-08-05 09:30:00-04:00,True,1.1774925833333334,0.7596499999999999,0.5500461835494419,8.0,-0.006938701476887624,0.08627828655763566,6.455678563508006,100.0,-0.21353142147220217,-0.029184368225393022,-0.11514269073966232,20.0,,,,,,,,,28.0,0.0,-0.1584407030831927,5.0,-0.238101956,2.03765363,2.729558612,-0.4055769583562649,False,143.95,-0.005431763,0.16949571,0 days 02:29:00,A,Medium,3DGapFade_strongstock
ARM,2024-08-05,open30,2024-08-05 09:30:00-04:00,True,1.1188456469298247,0.80155,0.39585259426090036,8.0,0.0005366141848933216,0.13853580708934232,2.8535292671378896,75.0,-0.27032316795630407,-0.04431625226101055,-0.22081267619325362,20.0,,,,,,,,,28.0,0.0,-0.2130817784559893,2.0,-0.18936713,1.376838091,1.916012347,-0.4781456953642384,True,143.95,-0.018680203,0.121319797,,A,Large,3DGapFade_strongstock
SOXL,2024-08-05,open30,2024-08-05 09:30:00-04:00,True,2.47588,1.688,0.46675355450236977,8.0,0.09478010118945883,0.15398052821519267,2.4157174782065054,100.0,0.45310549649205867,0.04117880980618354,0.4586303737308275,100.0,,,,,,,,,28.0,100.0,-0.3390403243973868,2.0,-0.328,2.388491131,2.065779058,-0.6643835616438357,False,143.95,-0.00085034,0.18579932,0 days 02:50:00,A,ETF,3DGapFade_strongstock
PLTR,2025-08-20,post10,2025-08-20 10:54:00-04:00,True,0.6718086999999999,0.5870500000000001,0.14438071714504708,8.0,0.060051481887682834,0.06760258675546109,1.2474261608125807,100.0,0.3041208486060203,0.020990632617403457,0.32621710154749817,100.0,-7.0,-7.0,-19.0,0.0031721125947330175,0.744696888172043,0.8005757142857144,0.25292798942699035,True,91.0,100.0,-0.156281756431513,5.0,-0.034548336,3.042109473,0.660810133,-0.1984210526315789,False,66.95,-0.065397242,0.024359816,,A,Medium,3DGapFade_strongstock
ETHE,2025-01-13,open30,2025-01-13 09:35:00-05:00,False,,,,,,,,,,,,,,,,,,,,,,,-0.1155339805825242,3.0,-0.066593487,1.052329002,0.345915751,-0.2612221256878076,False,115.5,-0.044296354,0.014896119,,B,ETF,3DGapFade_strongstock
MRNA,2021-08-16,post10,2021-08-16 10:21:00-04:00,True,0.8743562,0.7239,0.20784113827876793,8.0,-0.04031628199725786,0.07102119436173995,3.4941318926862692,75.0,-0.19504058712331818,-0.002821468786611804,-0.2608740044925465,0.0,-32.0,-32.0,,0.010294287892077023,0.883662327819549,0.8992771428571429,-0.00473186100634218,False,79.0,14.285714285714285,-0.0041898727709367,1.0,-0.031040826,0.784461238,-0.153474419,-0.2376329172445677,False,5737.5,-0.079811216,-0.014264244,,B,Medium,3DGapFade_strongstock
MRNA,2020-05-27,post10,2020-05-27 10:42:00-04:00,True,1.4254097,1.21275,0.17535328798185934,8.0,0.08949405494256604,0.22465589396160576,0.3821810838133045,87.5,0.09795844461545422,-0.009986525207599165,0.0025212862693229088,60.0,-2.0,-2.0,-46.0,0.0,1.4191305161290322,1.5379679999999998,0.4201440595297464,False,91.0,57.14285714285714,-0.1636231884057971,1.0,-0.112805406,2.082003047,0.205066273,-0.4114942528735631,False,86650.0,-0.099021484,0.019140625,,B,Medium,3DGapFade_strongstock
LAES,2025-01-08,open30,2025-01-08 09:56:00-05:00,True,2.2826750000000002,2.2431,0.017642994070705686,4.0,0.03301408443147765,0.24678904744436447,-0.062284329551688014,0.0,-0.23979462152407094,-0.06419638989169688,-0.05318475370393816,,8.0,,,0.542396198708994,2.2692875,,,,32.0,0.0,-0.1753171856978085,3.0,-0.303496503,1.153366852,0.196157118,-0.5472727272727272,False,106.2,-0.347389558,0.059236948,,A,Small,3DGapFade_strongstock
NVAX,2020-08-12,post10,2020-08-12 10:09:00-04:00,True,1.3011006944444445,1.2391,0.05003687712407756,8.0,-0.03636140175886921,0.10249918438446524,0.8429167451603768,50.0,-0.4592506927927732,-0.10920047823412753,0.1692931961876003,100.0,22.0,0.0,-6.0,0.3070137331977588,1.3125341148148146,1.5296140555555555,0.16251111619108435,False,67.0,42.857142857142854,-0.1626239426362669,1.0,-0.009499599,2.065449384,-1.585935272,-0.2182682154171066,False,57250.0,-0.240105363,-0.159665001,,B,Medium,2DGapFade_strongstock
NVAX,2020-08-25,open30,2020-08-25 09:33:00-04:00,True,1.335308125,1.26805,0.053040593825164795,8.0,0.041658608564238135,0.13411662447141548,0.08486632664507988,87.5,-0.00867763749364825,-0.01664587439054533,0.4994974280139537,100.0,,,,,,,,,31.0,85.71428571428571,-0.1890384876920984,3.0,-0.094331712,1.488932431,0.49402706,-0.4297254487856388,False,49500.0,-0.099157485,0.04721785,,B,Medium,3DGapFade_strongstock
NVAX,2021-02-17,open30,2021-02-17 09:30:00-05:00,True,1.2384862,1.2452,-0.005391744298104739,8.0,0.02073893432235558,0.08006730348410737,-0.32635891910169074,87.5,0.08419677840661732,0.007969644526438205,0.2811358608981944,100.0,,,,,,,,,28.0,100.0,-0.1788828806301379,5.0,-0.051376094,0.426458538,0.984567881,-0.2486628678244091,False,23900.0,-0.008842171,0.099422761,0 days 04:10:00,B,Medium,3DGapFade_strongstock
PLTR,2025-02-20,open30,2025-02-20 09:59:00-05:00,True,0.8375736111111111,0.6726,0.24527744738494062,8.0,0.02233317801478361,0.1054561520413945,2.1140944843373872,100.0,0.02164502164502169,-0.008562374173713461,0.3154703696460004,100.0,3.0,0.0,-23.0,-0.008433810481665142,0.8323793592592593,1.0706319999999998,0.38851433730153095,False,57.0,100.0,-0.1007863906275076,1.0,-0.081652686,2.438098318,0.55371891,-0.1794115301810063,False,87.3,-0.069089496,0.032649888,,B,Medium,2DGapFade_strongstock
BE,2025-11-14,open30,2025-11-14 09:30:00-05:00,True,1.5593711875,1.4711500000000002,0.05996749991503236,8.0,0.030357350776069984,0.03273263078295275,0.904606456331137,87.5,-0.013610915551979463,-0.01338630698982836,0.15511149497487442,100.0,,,,,,,,,28.0,71.42857142857143,-0.2562666092077856,3.0,-0.074070497,1.569926913,1.609567921,-0.3515487623427567,False,55.75,-0.020971005,0.166979558,0 days 01:53:00,B,Medium,3DGapFade_strongstock
WLL,2020-02-12,post10,2020-02-12 11:52:00-05:00,True,1.47886,1.2355,0.19697288547146896,8.0,0.058137691741454285,0.07201686696310206,1.9278149631411639,100.0,0.1208382473010976,0.018141122551578626,0.1477008824895496,100.0,1.0,0.0,-44.0,1.429346273815952,1.9623143548387094,107384.403775,1.7382055303873063,False,75.0,100.0,0.0,0.0,0.051212938,4.198271732,-3.375483229,-0.5517241379310344,False,28625.0,-0.535897436,-0.261538462,,A,Small,3DGapFade_weakstock
NIO,2019-10-02,open30,2019-10-02 09:30:00-04:00,True,2.9609,2.3398000000000003,0.26545003846482595,8.0,0.07282059332877187,0.11712616206360292,1.6446320936517211,100.0,0.9953948490533857,0.10321641461903323,0.3827379369441244,60.0,,,,,,,,,25.0,100.0,-0.5741935483870968,8.0,-0.098484848,2.756988619,4.835197773,-0.6426426426426427,True,69050.0,0.0,0.336134454,0 days 05:05:00,A,Small,3DGapFade_weakstock
QQQ,2025-04-07,open30,2025-04-07 09:44:00-04:00,True,0.7263791818181818,0.5208999999999999,0.3944695369901745,8.0,0.16145523219023464,0.15855773094999592,1.4695865247556121,100.0,1.3259656173252967,0.099269684378653,0.7331558808850438,100.0,1.0,-1.0,,-0.03186708094372464,0.722162451948052,0.7474190909090909,0.41998988513831736,False,42.0,100.0,-0.1123175469914942,2.0,-0.093196645,2.925788178,1.728386949,-0.2275865718838184,True,154.4,-0.015342828,0.03677874,0 days 00:07:00,A,ETF,3DGapFade_weakstock
NVDA,2025-04-07,open30,2025-04-07 09:44:00-04:00,True,1.03007775,0.7784,0.32332701695786237,8.0,0.1016107315428511,0.14194685642047225,1.5619668586266366,100.0,0.6034607065609228,0.05199641196113457,0.4956287827841288,100.0,2.0,0.0,,0.04401506013322767,1.0264407857142854,1.08682275,0.5256357133787203,False,42.0,100.0,-0.1458974823401557,2.0,-0.14086444,1.900349565,2.797436547,-0.3689299372249081,True,154.4,-0.009604391,0.116396067,0 days 00:17:00,A,ETF,3DGapFade_weakstock
AAPL,2025-04-07,open30,2025-04-07 09:43:00-04:00,True,0.8441763250000001,0.6021000000000001,0.40205335492443117,8.0,0.14126001386819773,0.15184584851723942,1.7174874624683922,100.0,1.2291743798593115,0.10938893120530942,0.9567760805979855,100.0,0.0,0.0,,0.3698800538355789,0.8331781208333333,0.8686136499999999,0.684324032620942,False,41.0,100.0,-0.1586046719371119,2.0,-0.127909838,2.260175068,0.890795731,-0.2912,True,154.4,-0.014559819,0.024040632,0 days 00:06:00,A,ETF,3DGapFade_weakstock
ACB.T,2018-02-05,unknown,NaT,False,,,,,,,,,,,,,,,,,,,,,,,-0.2735042735042735,2.0,-0.178082192,,0.920894128,-0.4473684210526316,True,135000.0,-0.153571429,0.101190476,,A,Small,3DGapFade_strongstock
WEED.T,2018-02-05,open30,2018-02-05 09:33:00-05:00,False,,,,,,,,,,,,,,,,,,,,,,,-0.2227595099935525,2.0,-0.131693198,1.638044992,0.077929591,-0.4545454545454545,True,135000.0,-0.13125,0.00875,0 days 01:10:00,A,Small,3DGapFade_strongstock
ABCN.T,2018-02-05,open30,2018-02-05 09:32:00-05:00,False,,,,,,,,,,,,,,,,,,,,,,,-0.2142857142857143,2.0,-0.200757576,1.529051051525086,1.256085167,-0.4815724815724816,False,135000.0,-0.052132701,0.161137441,,A,Small,3DGapFade_strongstock
APH.T,2018-02-05,open30,2018-02-05 09:34:00-05:00,False,,,,,,,,,,,,,,,,,,,,,,,-0.3115079365079364,5.0,-0.105943152,2.011603221,0.149201031,-0.4408080808080808,True,135000.0,-0.103323699,0.01517341,0 days 01:04:00,A,Small,3DGapFade_strongstock
JNJ,2018-02-05,post10,2018-02-05 15:10:00-05:00,True,0.18568478125000001,0.1661,0.11790958007224583,8.0,0.1593187831903471,0.32733512795687186,-0.12650400027814043,87.5,0.07161290322580638,0.0213733412017492,-0.012778603268945088,20.0,4.0,0.0,-28.0,0.045688872334273475,0.24777434879032256,0.31510928571428576,0.12165849286915083,False,91.0,71.42857142857143,-0.0167118983002428,1.0,-0.024567919,1.931287163,-3.182647011,-0.0791531823085219,True,135000.0,-0.105652365,-0.045321423,,A,Large,IntradayCapitch_strongstock
AAPL,2018-02-06,open30,2018-02-06 09:30:00-05:00,True,0.4171515,0.3334,0.25120425914817046,8.0,-0.023559902359535534,0.13049234197240045,2.1055960629921064,62.5,-0.1815392168896527,-0.030474105984806373,-0.28531618435155426,20.0,,,,,,,,,28.0,14.285714285714285,-0.0672904994635832,2.0,-0.010607707,1.639630014,3.191621878,-0.1403109383675734,True,285875.0,-0.005360718,0.052961312,0 days 06:06:00,A,Large,3DGapFade_strongstock
HON,2018-02-05,post10,2018-02-05 15:09:00-05:00,True,0.20617755,0.17625,0.16980170212765966,8.0,0.015138129529485265,0.1449730137795956,1.0668438805673963,75.0,-0.2082210242587601,-0.04319328897658879,0.060469314079422354,80.0,30.0,-3.0,-2.0,-0.021471591277860913,0.2167687225806451,0.3047811,0.7311494463607255,False,91.0,71.42857142857143,-0.0189140101459258,2.0,-0.026307548,1.503543626,-2.756115333,-0.0586204808332829,False,135000.0,-0.054422644,-0.033965905,0 days 00:41:00,A,Large,IntradayCapitch_strongstock
CAT,2018-02-05,post10,2018-02-05 15:10:00-05:00,True,0.33525320000000003,0.2928,0.14499043715847004,8.0,0.07739363099271858,0.30030117921300253,0.2250967057235739,62.5,-0.3341671404206935,-0.040124524386025665,0.05304801294731165,60.0,8.0,0.0,-21.0,-0.030092810108957896,0.36079172903225804,0.437856,0.4526264839491986,False,91.0,57.14285714285714,-0.0382877381533951,3.0,-0.045056706,1.52692368,-1.12253728,-0.1056915262064188,True,135000.0,-0.077970696,-0.024849932,0 days 00:48:00,A,Large,IntradayCapitch_strongstock
TNA,2018-02-06,open30,2018-02-06 09:31:00-05:00,True,1.0460003095238095,0.76635,0.3649119978127613,8.0,0.13005905964682354,0.17471113715227693,1.3442356451566202,100.0,0.8632385120350108,0.07088448452113935,0.7867801352296573,100.0,,,,,,,,,29.0,100.0,-0.1641673243883188,2.0,-0.055240793,1.647808377,2.538105887,-0.2656880733944954,True,285875.0,-0.021322672,0.093953023,0 days 06:08:00,A,ETF,3DGapFade_strongstock
UPRO,2018-02-06,open30,2018-02-06 09:31:00-05:00,True,1.2205807499999999,0.76615,0.5931354826078443,8.0,0.1365573675316216,0.11643567817752831,3.9212904688894636,100.0,1.422608695652174,0.11353541570498024,1.062592542737919,100.0,,,,,,,,,29.0,100.0,-0.1911506411765344,3.0,-0.051788672,1.907843368,4.004246776,-0.2631507530869782,True,285875.0,-0.012276717,0.115528631,0 days 06:05:00,A,ETF,3DGapFade_strongstock
FIG,2026-02-04,post10,2026-02-04 10:00:00-05:00,True,1.0123156,0.90835,0.11445544118456552,8.0,0.08511802775169688,0.09712505363499285,0.3020581439586331,100.0,0.45896241567619644,0.03876946041249985,0.3281912560315836,100.0,-5.0,-5.0,,-0.007887688348033679,1.0417466466666667,1.2287344,0.11216302341591525,True,58.0,100.0,-0.2884231536926147,4.0,-0.017297803,2.28882249,1.191834373,-0.476854156296665,False,36.72,-0.055661275,0.070884872,0 days 04:22:00,A,Medium,3DGapFade_weakstock
IGV,2026-02-04,post10,2026-02-04 10:00:00-05:00,True,0.4421362857142858,0.3574,0.23709089455592003,8.0,0.029432677419518032,0.07376509437941609,2.815128468056951,100.0,0.2984559491371481,0.035241977363752064,0.17276456111566896,100.0,3.0,-9.0,-20.0,0.14231371451970043,0.4444785714285714,0.4628698571428572,0.1662834651778592,True,58.0,100.0,-0.1358162129339135,6.0,-0.015692704,4.173166857,-0.11431782,-0.230205614324312,True,36.72,-0.029982153,-0.002498513,,B,ETF,3DGapFade_weakstock
RIOT,2024-01-03,open30,2024-01-03 09:32:00-05:00,True,1.452426,1.4871,-0.023316522089973812,8.0,0.07263926250234934,0.11133565428603036,-0.8618603376219888,87.5,0.3269977245348683,0.048509798618727756,0.08156660242190639,20.0,,,,,,,,,30.0,100.0,-0.1723952738990333,3.0,-0.0921479558728098,0.797450179261091,0.9606708975763776,-0.2538666666666666,False,210.75,-0.0171551107934238,0.0750536097212293,,A,Large,GapFade_strongstock
HUT,2024-01-03,open30,2024-01-03 09:32:00-05:00,True,1.9886805,2.0051,-0.008188868385616721,8.0,0.0859583284014555,0.07546519514737972,-1.2475578523742965,87.5,0.5108884032853591,0.06767256590011282,0.08824966078697427,40.0,,,,,,,,,30.0,100.0,-0.3048275862068966,3.0,-0.0714285714285714,0.73826339538822,0.3731524659933791,-0.3648208469055375,False,210.75,-0.0143162393162392,0.0538461538461539,,B,Medium,GapFade_strongstock
DPST,2024-02-02,open30,2024-02-02 09:30:00-05:00,True,1.24520925,1.0721,0.16146744706650495,8.0,0.06818017722495427,0.07301948520045651,1.277566797211102,100.0,0.27479191438763384,0.0275314328750378,0.20772783598062428,100.0,,,,,,,,,28.0,100.0,-0.2639156443272838,3.0,-0.0643250688705232,1.2825864606838542,1.118393706687167,-0.3416359759643341,True,198.5,-0.0101575150890624,0.0806712792580596,0 days 01:05:00,A,Medium,GapFade_strongstock
NVDA,2024-07-25,post10,2024-07-25 10:13:00-04:00,True,0.6454740000000001,0.5709500000000001,0.13052631578947382,8.0,0.04664364339228376,0.06701475503315237,1.2517045291845519,100.0,0.1535508637236085,0.008174310567758273,0.12447070408665706,80.0,1.0,0.0,-21.0,-0.04153607188430098,0.639854,0.7202105000000001,0.3056523405593453,False,71.0,100.0,-0.0751983163347904,2.0,-0.0105908096280086,1.5354303290319946,-0.1697708084133083,-0.19693094629156,True,139.15,-0.0596249115357396,-0.0067232837933475,0 days 00:41:00,B,Large,GapFade_strongstock
MSTR,2024-12-20,open30,2024-12-20 09:30:00-05:00,True,0.9976474545454546,0.9557,0.04389186412624735,8.0,-0.019341450897444736,0.04064562298730817,1.5557226184831034,37.5,-0.15357364272429364,-0.030619691943175886,0.03829648541474273,100.0,,,,,,,,,28.0,14.285714285714285,-0.2011647539579612,4.0,-0.0217178214788947,0.803144204741748,1.1980371140576511,-0.411841620626151,True,143.85,-0.0074208598177662,0.1403701036415442,0 days 06:23:00,B,Large,GapFade_strongstock
RGTI,2024-12-20,open30,2024-12-20 09:35:00-05:00,True,2.2356295,2.38375,-0.06213759832197174,8.0,0.017482599409515624,0.10363838822864446,-0.7682500576507544,12.5,-0.0036572622779519337,-0.010156563688543957,0.03763113219866798,100.0,,,,,,,,,33.0,42.857142857142854,-0.3288409703504044,2.0,-0.0281124497991967,1.382979070421521,1.0760935156687506,-0.4305882352941176,False,143.85,-0.0454545454545454,0.2906336088154269,0 days 04:27:00,A,Large,GapFade_strongstock
CLSK,2024-08-05,open30,2024-08-05 09:31:00-04:00,True,1.8450625,1.3982,0.31959841224431407,8.0,0.0432045553414308,0.11939188051475587,2.315013849444504,100.0,0.180015191155372,0.010399501061943376,0.47008726737461903,100.0,,,,,,,,,29.0,100.0,-0.1574999999999999,2.0,-0.2518545994065281,1.3344098263840458,2.4482526163767093,-0.5078086871644704,False,195.1,-0.0738720872583045,0.2087258304412492,0 days 01:17:00,A,Medium,GapFade_strongstock
TSLA,2024-08-05,open30,2024-08-05 09:30:00-04:00,True,0.947921875,0.5801000000000001,0.634066324771591,8.0,0.06879980324430268,0.0719721469168586,7.85396220263205,100.0,0.07326549491211853,0.005749556969069103,0.19460461285008246,100.0,,,,,,,,,28.0,100.0,-0.1051406903089585,2.0,-0.1081042037848509,0.7942680400684268,1.3855407132595132,-0.3165313653136531,False,195.1,-0.0173847316704459,0.0737501349746247,0 days 01:25:00,A,Large,GapFade_strongstock
SERV,2024-08-05,open30,2024-08-05 09:30:00-04:00,True,3.071975,2.42665,0.2659324583273237,3.0,0.047795633576037444,0.032147373826256154,6.7855254967397824,100.0,,,,,,,,,,,,,28.0,,-0.1649543378995433,2.0,-0.3041695146958305,0.383636213727926,1.0746492464265136,-0.5774180157741802,False,195.1,-0.0176817288801571,0.3379174852652259,0 days 02:19:00,A,Large,GapFade_strongstock
MARA,2024-08-05,open30,2024-08-05 09:31:00-04:00,True,1.4901802499999999,0.9863,0.5108792963601338,8.0,-0.010315427057854978,0.046965192458226994,11.097468063855235,100.0,-0.1909605446640965,-0.028216246360608578,-0.06343177286107682,40.0,,,,,,,,,29.0,0.0,-0.2030598052851181,5.0,-0.1896451425247237,0.9578551000520727,2.573003985681563,-0.4897435897435898,False,195.1,-0.0193682699210337,0.2167982770997846,0 days 06:14:00,A,Large,GapFade_weakstock
NVDA,2024-08-05,open30,2024-08-05 09:31:00-04:00,True,1.2074259999999999,0.8269,0.4601838190833232,8.0,0.06349141442838256,0.12478756073029203,3.1789418939947596,100.0,0.44828794115071346,0.04699579976976929,0.40390492359932084,100.0,,,,,,,,,29.0,100.0,-0.0833190907537173,2.0,-0.1417917404679779,1.576356006877188,1.856184193579704,-0.3238340066103562,False,195.1,-0.0148815989572018,0.0911362155116228,0 days 02:27:00,A,Large,GapFade_strongstock
RIVN,2024-08-05,open30,2024-08-05 09:30:00-04:00,True,1.3890775,1.23825,0.12180698566525328,8.0,0.11840741194335445,0.1779888111550092,0.01909992937105556,100.0,0.7275898151377749,0.0925922340748198,0.20946473920687647,60.0,,,,,,,,,28.0,100.0,-0.1029859841560024,2.0,-0.1195652173913043,0.972480620529336,2.1126639604109942,-0.3126491646778043,True,195.1,0.0,0.1273148148148147,0 days 02:00:00,A,Large,GapFade_strongstock
JMIA,2024-08-05,open30,2024-08-05 09:31:00-04:00,True,2.5353575,2.3076,0.09869886462125144,8.0,0.046707552260740366,0.11325006788535638,0.4590841606659533,87.5,0.22960515799008885,0.057911652275224566,-0.07946385830540936,40.0,,,,,,,,,28.0,57.14285714285714,-0.1839694656488549,5.0,-0.158091674462114,0.8191072045153768,1.671013599274705,-0.401595744680851,False,195.1,-0.0099999999999999,0.1766666666666666,0 days 05:55:00,A,Medium,GapFade_strongstock
SMH,2024-08-05,open30,2024-08-05 09:31:00-04:00,True,0.89527325,0.59565,0.5030189708721564,8.0,0.08332444219199182,0.14897702809876467,2.8171761380682607,100.0,0.4983021003647343,0.04167548404120524,0.3579163342072269,100.0,,,,,,,,,29.0,100.0,-0.1156322118304384,2.0,-0.0798882937325459,1.5984979097615686,1.962351090614447,-0.2899989401914721,False,195.1,-0.0024380535376653,0.0613493879988059,0 days 02:50:00,A,ETF,GapFade_strongstock
BHC,2022-05-10,open30,2022-05-10 09:34:00-04:00,True,2.2942134999999997,1.13235,1.0260639378284098,8.0,0.06214169861085693,0.12862357643048491,7.494133392710536,100.0,0.2330937602090819,0.061056179831433,0.054329608938547436,20.0,,,,,,,,,28.0,85.71428571428571,-0.3725680933852139,8.0,-0.3798449612403101,4.5541867104034175,2.961743506452522,-0.6662494785148102,True,4872.5,-0.025,0.175,,A,Medium,GapFade_weakstock
RBLX,2022-05-11,open30,2022-05-11 09:30:00-04:00,True,1.30009125,2.15965,-0.3980083578357605,8.0,0.13922280297654163,0.23674746901670854,-2.2692160682587357,12.5,1.2595208202552834,0.07734374080851876,0.1414338944531064,40.0,,,,,,,,,26.0,100.0,-0.3351490825688074,4.0,-0.0547649849072876,3.888149357953011,1.0087840771726586,-0.5826351865955827,False,4625.0,-0.0013686131386861,0.0935218978102188,0 days 00:48:00,A,Medium,GapFade_weakstock
AFRM,2022-05-12,open30,2022-05-12 09:30:00-04:00,True,3.396595,2.8276000000000003,0.2012289574197197,8.0,0.058230734257567675,0.07390670367473991,1.9348478020543414,100.0,0.5665807917116819,0.06943258454683802,0.29611294462779636,100.0,,,,,,,,,28.0,100.0,-0.5393576826196474,5.0,-0.0334928229665071,4.591048295150479,2.6235475349137447,-0.7253835696251699,True,4575.0,-0.0353536067892503,0.2758132956152757,0 days 01:25:00,A,Medium,GapFade_weakstock
LCID,2022-05-12,open30,2022-05-12 09:40:00-04:00,False,,,,,,,,,,,,,,,,,,,,,,0.0,-0.315893385982231,5.0,-0.0209235209235209,1.6517344142014776,2.0932591115886856,-0.5176826017416031,True,4575.0,-0.0235814296241708,0.1562269712601328,0 days 01:21:00,A,Medium,GapFade_weakstock
AMC,2022-05-12,post10,2022-05-12 10:00:00-04:00,True,1.6346365,1.5144000000000002,0.07939547015319581,8.0,0.010647179632466594,0.07448000052935534,0.9230436363065405,100.0,0.1725446169331426,0.022710763345682575,-0.05097916340278852,20.0,29.0,0.0,-19.0,0.6528640575221094,1.63316095,1.645896,-0.26284321496732954,False,58.0,85.71428571428571,-0.3403307888040712,5.0,-0.0313404050144648,2.999068522062988,1.3381622968621,-0.6562991856566072,True,4575.0,-0.0343454454952713,0.1149825783972125,0 days 00:18:00,A,Medium,GapFade_weakstock
QS,2022-05-12,open30,2022-05-12 09:30:00-04:00,True,1.263609,1.26555,-0.0015337205167713641,8.0,-0.015116963125408143,0.16517707300076948,0.08223443097683115,100.0,0.34048299968223694,0.01937899782896939,0.3816048034934496,80.0,,,,,,,,,28.0,85.71428571428571,-0.3715151515151516,5.0,-0.0279652844744454,1.6959150586623015,1.169092655555543,-0.5461503827104908,True,4575.0,-0.0079365079365079,0.0932539682539682,0 days 01:36:00,A,Medium,GapFade_weakstock
SPCE,2022-05-12,open30,2022-05-12 09:40:00-04:00,True,1.2067705,1.1234,0.07421265800249244,8.0,0.03003554537752137,0.16432274836941857,0.2688435597830634,37.5,-0.11993732863298079,-0.03423753974689697,0.09857226677097564,60.0,,,,,,,,,38.0,42.857142857142854,-0.3498789346246972,5.0,-0.0223463687150838,1.556500709050554,1.3921555968427264,-0.5287253141831239,True,4575.0,-0.0209523809523809,0.1123809523809523,0 days 00:59:00,A,Medium,GapFade_weakstock
UPST,2022-05-12,open30,2022-05-12 09:30:00-04:00,True,1.7821379999999998,1.7222,0.03480315875043538,8.0,-0.00013873967662201916,0.07964050802921219,0.4387452979863048,12.5,-0.14156116040275157,-0.02124503164611022,-0.1587534193044159,20.0,,,,,,,,,28.0,14.285714285714285,-0.7007587902105376,5.0,-0.0210714285714285,1.3577986644662423,1.9300272762549344,-0.7814194577352472,True,4575.0,-0.0229843122947828,0.195913900036483,0 days 01:31:00,A,Medium,GapFade_weakstock
SI,2022-05-12,post10,2022-05-12 10:02:00-04:00,True,2.10006715,1.69795,0.236825083188551,8.0,0.0406288193504324,0.08055092242663793,2.4356799143647936,100.0,0.6929557804476794,0.08444622538417139,0.26302674154796013,60.0,0.0,0.0,,0.023457882237047728,2.0859772266666665,2.2549824000000003,0.1813462027123053,False,55.0,100.0,-0.4540804641575692,5.0,-0.0755139141378828,3.766696931099109,-0.3776562112778124,-0.5905741004520964,True,4575.0,-0.1506579942520042,-0.0364543941914989,0 days 00:13:00,A,Medium,GapFade_weakstock
PLUG,2022-05-12,open30,2022-05-12 09:40:00-04:00,True,1.3531385,1.22455,0.10500877873504555,8.0,0.0007884466943963085,0.08116928691121532,1.2839872814781241,100.0,0.08214033227288775,0.016755866026219222,-0.08338635427972596,20.0,,,,,,,,,38.0,71.42857142857143,-0.4252136752136752,5.0,-0.0289962825278809,1.863424353079836,0.4830727688030071,-0.5925117004680186,True,4575.0,-0.0275650842266463,0.0398162327718223,0 days 00:59:00,A,Medium,GapFade_weakstock
ATER,2022-05-12,open30,2022-05-12 09:33:00-04:00,True,2.09122,2.25195,-0.07137369835031859,8.0,0.004137097051644302,0.03857084402639823,-1.9577169571472854,50.0,0.047735361853583624,-0.008624508573597311,0.13881514071152234,100.0,,,,,,,,,31.0,100.0,-0.4937833037300177,7.0,-0.0701754385964912,0.2972977939630349,0.6614065825384454,-0.6349862258953168,True,4575.0,-0.0490566037735849,0.1169811320754717,0 days 00:38:00,A,Medium,GapFade_weakstock
SOFI,2025-04-07,open30,2025-04-07 09:30:00-04:00,True,1.433088,1.21225,0.18217199422561348,8.0,0.14177853416719846,0.1718521269983214,0.23504777487455578,100.0,1.0128684101286844,0.08294560565603437,0.6829793141746496,100.0,,,,,,,,,28.0,100.0,-0.2225832656376929,2.0,-0.0867293625914315,1.6495857800934064,2.172255920755029,-0.4136195907413619,True,198.95,-0.0160183066361556,0.1281464530892447,0 days 00:25:00,A,Large,GapFade_weakstock
ARKK,2025-04-07,open30,2025-04-07 09:44:00-04:00,True,1.075893,0.9318,0.15463940759819716,8.0,0.09791451192513485,0.09711376962107217,0.5841076491459136,100.0,0.902797631202777,0.07847936446349739,0.5224246385099256,100.0,4.0,-1.0,0.0,-0.06724707574775417,1.0739515714285714,1.0821326666666666,0.5611621675343724,False,42.0,100.0,-0.1466937945066124,2.0,-0.0648569384835478,1.4600277823173722,1.7537638457110745,-0.3513083030102547,True,198.95,-0.0166063656460113,0.0780241663033306,0 days 00:21:00,A,ETF,GapFade_weakstock
TSLA,2025-04-07,open30,2025-04-07 09:44:00-04:00,True,1.2629858714285715,0.9535,0.32457878492771,8.0,0.056531972296102344,0.0969009090750286,2.766195025312548,100.0,0.18934763627291984,0.014701096744544192,0.12853592141081793,100.0,2.0,0.0,-9.0,-0.03845695273087172,1.2489481714285715,1.3384960000000001,0.47379418611464214,False,42.0,100.0,-0.1532394963927004,2.0,-0.0653635718163972,1.2121790205611778,0.6427510299396061,-0.3464317621663488,False,198.95,-0.0425864688533381,0.0424970953615157,0 days 00:06:00,A,Large,GapFade_weakstock
PLTR,2025-04-07,open30,2025-04-07 09:30:00-04:00,True,1.423794,1.14065,0.2482303949502478,8.0,0.11495758010973979,0.12063722063327242,1.1047404287077103,100.0,0.6879763226045132,0.06146788990825685,0.4435866607606149,100.0,,,,,,,,,28.0,100.0,-0.1536878216123499,2.0,-0.0994460208079989,1.5504946185109505,2.5663012740836573,-0.3268356731643268,False,198.95,-0.0079519879969992,0.1678919729932482,0 days 00:20:00,A,Large,GapFade_strongstock
SMH,2025-04-07,open30,2025-04-07 09:44:00-04:00,True,0.9028603124999999,0.7403500000000001,0.21950471060984644,8.0,0.15535381531371342,0.22898051174302025,0.28015875590376943,100.0,0.9485458612975393,0.07726139495720934,0.7743559017375674,100.0,2.0,0.0,,0.016300455308695883,0.8954186785714287,0.9573043750000001,0.8214009010367967,False,42.0,100.0,-0.1554953524218786,2.0,-0.0404314159292035,2.90710994489379,2.255752474288909,-0.3117114972625565,True,198.95,-0.0194823909159029,0.0657674793936249,0 days 00:25:00,A,ETF,GapFade_weakstock
AR,2025-04-07,open30,2025-04-07 09:45:00-04:00,True,1.0612986666666666,0.91015,0.16607006171143945,8.0,0.1468934602343847,0.22548301672686002,0.08504676651671915,100.0,1.5090282563749136,0.11176751326128918,1.058697127346754,100.0,-6.0,-6.0,,-0.00803112533230938,1.0536406875,1.0660986666666665,0.17207881209772705,True,43.0,100.0,-0.2033333333333333,2.0,-0.0358637178720861,1.4666918044115071,1.47813949077966,-0.24316715542522,True,198.95,-0.0117792932424054,0.0585864848109113,0 days 00:07:00,A,Medium,GapFade_strongstock
AAOI,2025-04-07,open30,2025-04-07 09:30:00-04:00,True,1.9548555000000003,1.7906,0.09173210097174156,8.0,0.08860431673408921,0.05715461360096104,0.05472496515311509,100.0,0.7003940933478945,0.06492697758716111,0.5341644175984237,100.0,,,,,,,,,28.0,100.0,-0.3233082706766917,2.0,-0.0657407407407408,1.3044093219950046,1.1196746179278383,-0.6745161290322581,True,198.95,-0.0143706640237858,0.1129831516352825,0 days 00:30:00,A,Medium,GapFade_weakstock
AXSM,2025-04-07,open30,2025-04-07 09:41:00-04:00,True,0.8509061000000001,0.62355,0.36461566835057346,8.0,0.09754948835970474,0.09275766982351788,2.8791816407095263,100.0,0.5528576765035489,0.04337399178368262,0.4194172547234236,100.0,,,,,,,,,39.0,100.0,-0.1881415783854808,6.0,-0.0444062310337851,1.4751589338327034,1.1880754467809425,-0.3142421602787456,True,198.95,-0.020558907589711,0.0426590451995342,0 days 00:05:00,A,Medium,GapFade_strongstock
VFC,2025-04-07,open30,2025-04-07 09:45:00-04:00,True,1.6216765000000002,1.3517,0.1997310793815199,8.0,0.08609597726388114,0.17620453156239846,0.644904538549837,100.0,1.522298936368725,0.15488150300186884,1.1204800376500113,80.0,-6.0,-6.0,,0.011019518473208135,1.6255741875,1.55869,-0.016032229316661407,True,43.0,85.71428571428571,-0.2946918852959121,2.0,-0.0614186851211073,1.1367526736213729,0.5564304391090612,-0.5796203022084463,True,198.95,-0.0198156682027649,0.0377880184331797,0 days 00:17:00,A,Medium,GapFade_weakstock
UPST,2025-04-07,open30,2025-04-07 09:30:00-04:00,True,1.42568625,1.3418,0.06251770010433733,8.0,0.1318376740609681,0.14311050222071045,-0.4843807608872959,87.5,0.6866318898874995,0.06375516090942944,0.46309017555337495,100.0,,,,,,,,,28.0,100.0,-0.2693680453495697,2.0,-0.086206896551724,2.0907994006302486,2.508955873380049,-0.5628865979381443,True,198.95,-0.0066037735849056,0.1880503144654088,0 days 00:44:00,A,Medium,GapFade_weakstock
ENTG,2025-04-07,open30,2025-04-07 09:33:00-04:00,True,1.1494085,0.8801,0.3059976139075107,8.0,0.06775733135584742,0.08423598679427974,2.8282482537242806,100.0,1.048411497730711,0.08734868001883705,0.8097881965864697,100.0,,,,,,,,,31.0,100.0,-0.2933866436135725,6.0,-0.0316562165468726,1.781716591506333,1.257705781566852,-0.397124631057793,True,198.95,-0.0405859128237523,0.0555906506632975,0 days 00:47:00,A,Medium,GapFade_weakstock
ROOT,2025-04-07,open30,2025-04-07 09:44:00-04:00,True,1.5456253,1.2419,0.24456502133827196,8.0,0.058806679544214306,0.051127085034451174,3.633266822641802,100.0,0.3980637172126533,0.04193389905121855,0.30815821351451,100.0,-11.0,-11.0,0.0,0.0197470179123173,1.5445528964285713,1.5452194000000001,-0.08480902616842573,False,42.0,100.0,-0.3676065057121954,9.0,-0.0478775473880929,1.1789940220547035,0.5717274644731776,-0.4093518825218063,False,198.95,-0.0465464062061874,0.0539302738573699,0 days 00:20:00,A,Medium,GapFade_strongstock
LINE,2025-04-09,open30,2025-04-09 09:37:00-04:00,True,0.8068046999999999,0.6859,0.1762716139378917,8.0,0.21135518248364016,0.21042755916106373,-0.16672516036217042,100.0,1.0331999407143915,0.11355878936940622,0.2869875222816398,60.0,,,,,,,,,35.0,100.0,-0.1628224841961387,4.0,-0.0010204081632652,1.203146106925884,3.0329330368636884,-0.2142857142857142,True,238.45,-0.0474463738508683,0.1178753830439222,0 days 06:25:00,A,Medium,GapFade_strongstock
MLGO,2025-04-15,open30,2025-04-15 09:37:00-04:00,True,3.2890544999999998,2.8448,0.15616370219347564,8.0,0.0911638793917664,0.14697039521546462,0.44226473438012354,12.5,-0.4671361942045815,-0.09070980728921395,-0.0922058236936577,80.0,,,,,,,,,35.0,14.285714285714285,-0.4216255442670537,5.0,-0.0673358427436218,0.0996623881295398,0.2331282907890546,-0.6558641975308642,False,166.65,-0.0663677130044842,0.0860986547085202,0 days 00:28:00,A,Medium,GapFade_weakstock
VERU,2022-05-04,post10,2022-05-04 10:30:00-04:00,True,2.140499,2.1552,-0.006821176688938224,8.0,0.06554765538956596,0.10297845935752602,-0.7027569894714609,75.0,0.46816989679484977,0.03450735261582969,0.23570896164210753,80.0,-56.0,-56.0,-55.0,-0.15884700989306788,2.129882392857143,2.11945,0.08393956026417071,True,88.0,100.0,-0.3293051359516616,4.0,-0.0123873873873873,0.3260247077872775,0.3302611027382221,-0.4988571428571428,False,4077.5,-0.0262257696693272,0.0741163055872291,0 days 00:14:00,A,Medium,GapFade_weakstock
S,2022-05-12,open30,2022-05-12 09:30:00-04:00,True,1.257175,1.0777,0.166535213881414,8.0,0.043171979497200606,0.07612501746227622,1.6205347269095354,100.0,0.23462023141253296,0.04164700025266469,-0.014989489077780749,0.0,,,,,,,,,28.0,71.42857142857143,-0.4012195121951218,5.0,-0.0392057026476578,1.701965208616562,1.539669355159244,-0.5472648752399232,True,4575.0,-0.0121886592474828,0.1399046104928458,0 days 01:41:00,B,Medium,GapFade_weakstock
BROS,2022-05-12,open30,2022-05-12 09:46:00-04:00,True,1.6752905999999999,1.3305,0.25914363021420517,8.0,0.049130558693297646,0.061258673704979,3.428299354509826,100.0,0.48443601472721176,0.05103856990541235,0.29552093476144115,100.0,-13.0,-13.0,-3.0,0.03851058842796721,1.6896689555555555,1.6481896,-0.2155310371002268,True,44.0,100.0,-0.3008543531326281,5.0,-0.3383764911259819,9.248167690050431,1.4635797216065651,-0.6554545454545455,True,4575.0,-0.1182937554969216,0.104221635883905,0 days 00:17:00,A,Medium,GapFade_weakstock
AAOI,2026-07-06,open30,2026-07-06 09:31:00-04:00,True,1.4290269999999998,1.242,0.1505853462157809,8.0,-0.004982705743758682,0.016401818908911164,9.48480487581892,100.0,-0.08017033882614333,-0.01598692925328152,0.007340119226245889,100.0,,,,,,,,,29.0,28.57142857142857,-0.1942038640906062,3.0,-0.006159570070277,0.5256782558870713,,-0.4266122877313489,False,24.8,-0.0308198494239008,0.0262468283349278,0 days 00:54:00,B,Medium,GapFade_strongstock
AXTI,2026-07-06,open30,2026-07-06 09:30:00-04:00,True,1.6327958571428574,1.5527,0.051584888995206635,8.0,0.020701058415568685,0.047854156851276634,0.6453740408721472,100.0,0.024715393499422422,-0.005344105703886095,0.10202633166542463,100.0,,,,,,,,,28.0,100.0,-0.2144839067702552,2.0,0.0844224655598728,1.062860010841433,,-0.5711092483934059,False,24.8,-0.0184039087947882,0.034527687296417,0 days 02:41:00,B,Medium,GapFade_strongstock
