ticker,date,status,exp,dte,spot935,fixed_strike,n_strikes,strikes,n_bars,valid_frac,extrap_frac,err,low_bucket,t_low,path
XPEV,2020-12-02,ok,2020-12-11,9,46.0,46.0,8,35.0|39.0|41.5|44.5|46.0|47.5|51.0|57.0,387,0.995,0.036,,open30,2020-12-02 09:33:00-05:00,C:\Users\zmbur\PycharmProjects\backtester\data\iv_study\XPEV_20201202.pkl
AMC,2021-01-27,ok,2021-02-05,9,5.5,5.5,5,4.5|5.0|5.5|6.0|6.5,347,0.892,0.003,,post10,2021-01-27 10:02:00-05:00,C:\Users\zmbur\PycharmProjects\backtester\data\iv_study\AMC_20210127.pkl
GME,2021-01-28,ok,2021-02-05,8,385.0,385.0,7,290.0|307.5|330.0|350.0|385.0|420.0|480.0,284,0.73,0.831,,post10,2021-01-28 11:24:00-05:00,C:\Users\zmbur\PycharmProjects\backtester\data\iv_study\GME_20210128.pkl
NIO,2021-02-23,ok,2021-03-05,10,45.0,45.0,8,34.0|38.0|43.0|45.0|47.0|51.0|54.0|56.0,385,0.99,0.0,,open30,2021-02-23 09:39:00-05:00,C:\Users\zmbur\PycharmProjects\backtester\data\iv_study\NIO_20210223.pkl
GME,2021-03-10,ok,2021-03-19,9,280.0,280.0,7,210.0|230.0|260.0|280.0|300.0|330.0|350.0,352,0.905,0.0,,post10,2021-03-10 12:40:00-05:00,C:\Users\zmbur\PycharmProjects\backtester\data\iv_study\GME_20210310.pkl
QQQ,2022-01-24,ok,2022-01-31,7,346.0,346.0,8,300.0|345.0|346.0|368.0|386.0|400.0|414.0|432.0,389,1.0,0.0,,post10,2022-01-24 12:17:00-05:00,C:\Users\zmbur\PycharmProjects\backtester\data\iv_study\QQQ_20220124.pkl
COIN,2022-05-12,ok,2022-05-20,8,46.0,46.0,7,35.0|39.0|42.0|46.0|50.0|53.0|57.0,389,1.0,0.131,,open30,2022-05-12 09:40:00-04:00,C:\Users\zmbur\PycharmProjects\backtester\data\iv_study\COIN_20220512.pkl
MSTR,2022-05-12,ok,2022-05-20,8,145.0,145.0,7,110.0|125.0|145.0|155.0|162.5|172.5|180.0,389,1.0,0.093,,open30,2022-05-12 09:40:00-04:00,C:\Users\zmbur\PycharmProjects\backtester\data\iv_study\MSTR_20220512.pkl
ARKK,2022-05-12,ok,2022-05-20,8,35.0,35.0,7,27.0|30.0|32.0|35.0|38.0|40.0|43.0,389,1.0,0.0,,open30,2022-05-12 09:40:00-04:00,C:\Users\zmbur\PycharmProjects\backtester\data\iv_study\ARKK_20220512.pkl
CVNA,2022-05-12,ok,2022-05-20,8,29.0,29.0,7,22.0|24.0|27.0|29.0|31.0|34.0|36.0,360,0.925,0.878,,open30,2022-05-12 09:39:00-04:00,C:\Users\zmbur\PycharmProjects\backtester\data\iv_study\CVNA_20220512.pkl
BYND,2022-05-12,ok,2022-05-20,8,22.5,22.5,8,17.0|18.0|20.0|22.0|22.5|24.0|26.0|28.0,369,0.949,0.122,,open30,2022-05-12 09:30:00-04:00,C:\Users\zmbur\PycharmProjects\backtester\data\iv_study\BYND_20220512.pkl
KWEB,2022-03-15,ok,2022-03-25,10,21.5,21.5,8,16.5|18.0|19.5|21.0|21.5|22.5|24.0|26.0,389,1.0,0.0,,open30,2022-03-15 09:47:00-04:00,C:\Users\zmbur\PycharmProjects\backtester\data\iv_study\KWEB_20220315.pkl
KWEB,2022-10-24,ok,2022-11-04,11,18.5,18.5,8,15.0|16.5|18.0|18.5|19.5|20.5|21.5|23.0,389,1.0,0.0,,post10,2022-10-24 10:26:00-04:00,C:\Users\zmbur\PycharmProjects\backtester\data\iv_study\KWEB_20221024.pkl
LI,2022-10-24,ok,2022-11-04,11,15.5,15.5,7,12.0|13.0|14.5|15.5|16.5|18.0|19.0,389,1.0,0.0,,post10,2022-10-24 10:27:00-04:00,C:\Users\zmbur\PycharmProjects\backtester\data\iv_study\LI_20221024.pkl
TSLA,2023-01-06,ok,2023-01-13,7,104.0,104.0,7,78.0|87.0|95.0|104.0|113.0|121.0|130.0,389,1.0,0.0,,open30,2023-01-06 09:39:00-05:00,C:\Users\zmbur\PycharmProjects\backtester\data\iv_study\TSLA_20230106.pkl
FRC,2023-03-10,ok,2023-03-17,7,75.0,75.0,7,60.0|65.0|70.0|75.0|80.0|85.0|90.0,318,0.817,0.038,,open30,2023-03-10 09:48:00-05:00,C:\Users\zmbur\PycharmProjects\backtester\data\iv_study\FRC_20230310.pkl
KEY,2023-03-13,no_chain,,,,,0,,0,0.0,0.0,,post10,2023-03-13 10:31:00-04:00,
WAL,2023-03-13,no_chain,,,,,0,,0,0.0,0.0,,post10,2023-03-13 10:25:00-04:00,
KRE,2023-03-13,ok,2023-03-24,11,44.0,44.0,8,35.0|39.0|42.0|44.0|45.0|49.0|53.0|55.0,389,1.0,0.0,,post10,2023-03-13 10:25:00-04:00,C:\Users\zmbur\PycharmProjects\backtester\data\iv_study\KRE_20230313.pkl
MARA,2024-01-03,ok,2024-01-12,9,21.0,21.0,8,16.0|17.5|19.0|21.0|21.5|23.0|24.5|26.0,389,1.0,0.0,,open30,2024-01-03 09:30:00-05:00,C:\Users\zmbur\PycharmProjects\backtester\data\iv_study\MARA_20240103.pkl
MARA,2024-01-19,ok,2024-01-26,7,16.0,16.0,7,12.0|13.5|14.5|16.0|17.5|18.5|20.0,389,1.0,0.0,,post10,2024-01-19 12:10:00-05:00,C:\Users\zmbur\PycharmProjects\backtester\data\iv_study\MARA_20240119.pkl
GL,2024-04-11,ok,2024-04-19,8,95.0,95.0,7,75.0|80.0|90.0|95.0|100.0|110.0|115.0,346,0.889,0.379,,post10,2024-04-11 15:04:00-04:00,C:\Users\zmbur\PycharmProjects\backtester\data\iv_study\GL_20240411.pkl
TSM,2024-08-05,ok,2024-08-16,11,138.0,138.0,8,105.0|130.0|138.0|140.0|145.0|150.0|160.0|172.5,388,0.997,0.0,,open30,2024-08-05 09:30:00-04:00,C:\Users\zmbur\PycharmProjects\backtester\data\iv_study\TSM_20240805.pkl
COIN,2024-08-05,ok,2024-08-16,11,170.0,170.0,8,130.0|150.0|165.0|170.0|180.0|195.0|205.0|212.5,389,1.0,0.0,,open30,2024-08-05 09:30:00-04:00,C:\Users\zmbur\PycharmProjects\backtester\data\iv_study\COIN_20240805.pkl
ARM,2024-08-05,ok,2024-08-16,11,102.0,102.0,7,77.5|92.5|102.0|108.0|114.0|119.0|125.0,389,1.0,0.0,,open30,2024-08-05 09:30:00-04:00,C:\Users\zmbur\PycharmProjects\backtester\data\iv_study\ARM_20240805.pkl
SOXL,2024-08-05,ok,2024-08-16,11,25.0,25.0,7,19.0|21.0|23.0|25.0|27.0|29.0|31.0,389,1.0,0.0,,open30,2024-08-05 09:30:00-04:00,C:\Users\zmbur\PycharmProjects\backtester\data\iv_study\SOXL_20240805.pkl
PLTR,2025-08-20,ok,2025-08-29,9,152.5,152.5,8,115.0|131.0|138.0|145.0|152.5|155.0|172.5|190.0,389,1.0,0.0,,post10,2025-08-20 10:54:00-04:00,C:\Users\zmbur\PycharmProjects\backtester\data\iv_study\PLTR_20250820.pkl
ETHE,2025-01-13,no_chain,,,,,0,,0,0.0,0.0,,open30,2025-01-13 09:35:00-05:00,
MRNA,2021-08-16,ok,2021-08-27,11,367.5,367.5,8,280.0|315.0|350.0|367.5|372.5|390.0|420.0|455.0,389,1.0,0.0,,post10,2021-08-16 10:21:00-04:00,C:\Users\zmbur\PycharmProjects\backtester\data\iv_study\MRNA_20210816.pkl
MRNA,2020-05-27,ok,2020-06-05,9,50.5,50.5,8,39.0|43.0|47.0|50.0|50.5|53.0|57.0|63.0,389,1.0,0.0,,post10,2020-05-27 10:42:00-04:00,C:\Users\zmbur\PycharmProjects\backtester\data\iv_study\MRNA_20200527.pkl
LAES,2025-01-08,ok,2025-01-17,9,5.0,5.0,1,5.0,363,0.933,0.003,,open30,2025-01-08 09:56:00-05:00,C:\Users\zmbur\PycharmProjects\backtester\data\iv_study\LAES_20250108.pkl
NVAX,2020-08-12,ok,2020-08-21,9,144.0,144.0,7,108.0|117.0|126.0|135.0|144.0|157.5|180.0,389,1.0,0.0,,post10,2020-08-12 10:09:00-04:00,C:\Users\zmbur\PycharmProjects\backtester\data\iv_study\NVAX_20200812.pkl
NVAX,2020-08-25,ok,2020-09-04,10,101.0,101.0,7,76.0|84.0|93.0|101.0|109.0|118.0|126.0,389,1.0,0.0,,open30,2020-08-25 09:33:00-04:00,C:\Users\zmbur\PycharmProjects\backtester\data\iv_study\NVAX_20200825.pkl
NVAX,2021-02-17,ok,2021-02-26,9,252.5,252.5,8,190.0|225.0|247.5|252.5|265.0|282.5|297.5|315.0,389,1.0,0.0,,open30,2021-02-17 09:30:00-05:00,C:\Users\zmbur\PycharmProjects\backtester\data\iv_study\NVAX_20210217.pkl
PLTR,2025-02-20,ok,2025-02-28,8,105.0,105.0,7,79.0|88.0|96.0|105.0|114.0|122.0|131.0,389,1.0,0.0,,open30,2025-02-20 09:59:00-05:00,C:\Users\zmbur\PycharmProjects\backtester\data\iv_study\PLTR_20250220.pkl
BE,2025-11-14,ok,2025-11-21,7,95.0,95.0,7,75.0|95.0|103.0|107.0|110.0|114.0|118.0,389,1.0,0.008,,open30,2025-11-14 09:30:00-05:00,C:\Users\zmbur\PycharmProjects\backtester\data\iv_study\BE_20251114.pkl
WLL,2020-02-12,ok,2020-02-21,9,3.5,3.5,3,3.0|3.5|4.0,372,0.956,0.656,,post10,2020-02-12 11:52:00-05:00,C:\Users\zmbur\PycharmProjects\backtester\data\iv_study\WLL_20200212.pkl
NIO,2019-10-02,ok,2019-10-11,9,1.0,1.0,1,1.0,386,0.992,0.003,,open30,2019-10-02 09:30:00-04:00,C:\Users\zmbur\PycharmProjects\backtester\data\iv_study\NIO_20191002.pkl
QQQ,2025-04-07,ok,2025-04-14,7,408.0,408.0,8,310.0|397.0|408.0|418.0|439.0|460.0|481.0|510.0,389,1.0,0.0,,open30,2025-04-07 09:44:00-04:00,C:\Users\zmbur\PycharmProjects\backtester\data\iv_study\QQQ_20250407.pkl
NVDA,2025-04-07,ok,2025-04-17,10,88.0,88.0,8,70.0|84.0|88.0|89.0|95.0|100.0|105.0|110.0,389,1.0,0.0,,open30,2025-04-07 09:44:00-04:00,C:\Users\zmbur\PycharmProjects\backtester\data\iv_study\NVDA_20250407.pkl
AAPL,2025-04-07,ok,2025-04-17,10,177.5,177.5,8,135.0|155.0|167.5|177.5|182.5|195.0|207.5|220.0,389,1.0,0.0,,open30,2025-04-07 09:43:00-04:00,C:\Users\zmbur\PycharmProjects\backtester\data\iv_study\AAPL_20250407.pkl
ACB.T,2018-02-05,no_chain,,,,,0,,0,0.0,0.0,,unknown,NaT,
WEED.T,2018-02-05,no_chain,,,,,0,,0,0.0,0.0,,open30,2018-02-05 09:33:00-05:00,
ABCN.T,2018-02-05,no_chain,,,,,0,,0,0.0,0.0,,open30,2018-02-05 09:32:00-05:00,
APH.T,2018-02-05,no_chain,,,,,0,,0,0.0,0.0,,open30,2018-02-05 09:34:00-05:00,
JNJ,2018-02-05,ok,2018-02-16,11,137.0,137.0,7,105.0|122.0|129.0|137.0|144.0|152.5|170.0,389,1.0,0.013,,post10,2018-02-05 15:10:00-05:00,C:\Users\zmbur\PycharmProjects\backtester\data\iv_study\JNJ_20180205.pkl
AAPL,2018-02-06,ok,2018-02-16,10,157.5,157.5,8,120.0|141.0|147.0|155.0|157.5|167.5|182.5|195.0,389,1.0,0.0,,open30,2018-02-06 09:30:00-05:00,C:\Users\zmbur\PycharmProjects\backtester\data\iv_study\AAPL_20180206.pkl
HON,2018-02-05,ok,2018-02-16,11,155.0,155.0,8,120.0|140.0|145.0|150.0|155.0|165.0|180.0|192.5,389,1.0,0.018,,post10,2018-02-05 15:09:00-05:00,C:\Users\zmbur\PycharmProjects\backtester\data\iv_study\HON_20180205.pkl
CAT,2018-02-05,ok,2018-02-16,11,155.0,155.0,8,120.0|140.0|145.0|150.0|155.0|165.0|180.0|192.5,389,1.0,0.0,,post10,2018-02-05 15:10:00-05:00,C:\Users\zmbur\PycharmProjects\backtester\data\iv_study\CAT_20180205.pkl
TNA,2018-02-06,ok,2018-02-16,10,60.5,60.5,8,49.0|56.0|60.5|61.5|65.0|68.5|72.0|75.5,389,1.0,0.0,,open30,2018-02-06 09:31:00-05:00,C:\Users\zmbur\PycharmProjects\backtester\data\iv_study\TNA_20180206.pkl
UPRO,2018-02-06,ok,2018-02-16,10,130.0,130.0,8,100.0|122.0|130.0|132.0|141.0|150.0|157.0|162.5,389,1.0,0.0,,open30,2018-02-06 09:31:00-05:00,C:\Users\zmbur\PycharmProjects\backtester\data\iv_study\UPRO_20180206.pkl
FIG,2026-02-04,ok,2026-02-13,9,20.5,20.5,7,16.0|18.0|20.5|22.0|23.0|24.0|25.5,389,1.0,0.0,,post10,2026-02-04 10:00:00-05:00,C:\Users\zmbur\PycharmProjects\backtester\data\iv_study\FIG_20260204.pkl
IGV,2026-02-04,ok,2026-02-20,16,83.0,83.0,7,63.0|70.0|76.0|83.0|90.0|96.0|103.0,389,1.0,0.0,,post10,2026-02-04 10:00:00-05:00,C:\Users\zmbur\PycharmProjects\backtester\data\iv_study\IGV_20260204.pkl
RIOT,2024-01-03,ok,2024-01-12,9,14.0,14.0,7,10.5|11.5|13.0|14.0|15.0|16.5|17.5,389,1.0,0.0,,open30,2024-01-03 09:32:00-05:00,C:\Users\zmbur\PycharmProjects\backtester\data\iv_study\RIOT_20240103.pkl
HUT,2024-01-03,ok,2024-01-12,9,12.0,12.0,7,9.0|10.0|11.0|12.0|13.0|14.0|15.0,389,1.0,0.0,,open30,2024-01-03 09:32:00-05:00,C:\Users\zmbur\PycharmProjects\backtester\data\iv_study\HUT_20240103.pkl
DPST,2024-02-02,ok,2024-02-09,7,69.0,69.0,8,55.0|68.0|69.0|72.5|76.5|79.5|82.0|86.0,389,1.0,0.0,,open30,2024-02-02 09:30:00-05:00,C:\Users\zmbur\PycharmProjects\backtester\data\iv_study\DPST_20240202.pkl
NVDA,2024-07-25,ok,2024-08-02,8,112.0,112.0,8,85.0|97.0|106.0|112.0|115.0|123.0|131.0|140.0,389,1.0,0.0,,post10,2024-07-25 10:13:00-04:00,C:\Users\zmbur\PycharmProjects\backtester\data\iv_study\NVDA_20240725.pkl
MSTR,2024-12-20,ok,2024-12-27,7,327.5,327.5,7,247.5|275.0|300.0|327.5|355.0|380.0|407.5,389,1.0,0.0,,open30,2024-12-20 09:30:00-05:00,C:\Users\zmbur\PycharmProjects\backtester\data\iv_study\MSTR_20241220.pkl
RGTI,2024-12-20,ok,2024-12-27,7,7.0,7.0,7,5.5|6.0|6.5|7.0|7.5|8.0|8.5,389,1.0,0.895,,open30,2024-12-20 09:35:00-05:00,C:\Users\zmbur\PycharmProjects\backtester\data\iv_study\RGTI_20241220.pkl
CLSK,2024-08-05,ok,2024-08-16,11,10.0,10.0,7,7.5|9.0|10.0|10.5|11.0|12.0|12.5,389,1.0,0.0,,open30,2024-08-05 09:31:00-04:00,C:\Users\zmbur\PycharmProjects\backtester\data\iv_study\CLSK_20240805.pkl
TSLA,2024-08-05,ok,2024-08-16,11,190.0,190.0,7,145.0|170.0|190.0|202.5|215.0|225.0|237.5,389,1.0,0.0,,open30,2024-08-05 09:30:00-04:00,C:\Users\zmbur\PycharmProjects\backtester\data\iv_study\TSLA_20240805.pkl
SERV,2024-08-05,ok,2024-08-16,11,8.0,8.0,5,6.0|7.0|8.0|9.0|10.0,389,1.0,0.003,,open30,2024-08-05 09:30:00-04:00,C:\Users\zmbur\PycharmProjects\backtester\data\iv_study\SERV_20240805.pkl
MARA,2024-08-05,ok,2024-08-16,11,13.5,13.5,7,11.0|13.0|13.5|14.0|15.0|16.0|16.5,389,1.0,0.368,,open30,2024-08-05 09:31:00-04:00,C:\Users\zmbur\PycharmProjects\backtester\data\iv_study\MARA_20240805.pkl
NVDA,2024-08-05,ok,2024-08-16,11,94.5,94.5,8,71.0|77.5|84.5|91.0|94.5|97.5|109.0|118.0,389,1.0,0.0,,open30,2024-08-05 09:31:00-04:00,C:\Users\zmbur\PycharmProjects\backtester\data\iv_study\NVDA_20240805.pkl
RIVN,2024-08-05,ok,2024-08-16,11,13.5,13.5,7,10.5|11.5|12.5|13.5|14.5|15.5|16.5,389,1.0,0.0,,open30,2024-08-05 09:30:00-04:00,C:\Users\zmbur\PycharmProjects\backtester\data\iv_study\RIVN_20240805.pkl
JMIA,2024-08-05,ok,2024-08-16,11,9.0,9.0,7,7.0|7.5|8.5|9.0|9.5|10.5|11.0,388,0.997,0.0,,open30,2024-08-05 09:31:00-04:00,C:\Users\zmbur\PycharmProjects\backtester\data\iv_study\JMIA_20240805.pkl
SMH,2024-08-05,ok,2024-08-16,11,205.0,205.0,8,154.0|165.0|176.0|188.0|199.0|205.0|227.5|255.0,389,1.0,0.0,,open30,2024-08-05 09:31:00-04:00,C:\Users\zmbur\PycharmProjects\backtester\data\iv_study\SMH_20240805.pkl
BHC,2022-05-10,ok,2022-05-20,10,8.0,8.0,5,6.0|7.0|8.0|9.0|10.0,385,0.99,0.057,,open30,2022-05-10 09:34:00-04:00,C:\Users\zmbur\PycharmProjects\backtester\data\iv_study\BHC_20220510.pkl
RBLX,2022-05-11,ok,2022-05-20,9,24.0,24.0,8,18.0|21.0|23.0|24.0|25.0|27.0|28.5|30.0,387,0.995,0.0,,open30,2022-05-11 09:30:00-04:00,C:\Users\zmbur\PycharmProjects\backtester\data\iv_study\RBLX_20220511.pkl
AFRM,2022-05-12,ok,2022-05-20,8,14.0,14.0,8,11.0|12.0|13.0|14.0|15.0|16.0|17.0|17.5,389,1.0,0.249,,open30,2022-05-12 09:30:00-04:00,C:\Users\zmbur\PycharmProjects\backtester\data\iv_study\AFRM_20220512.pkl
LCID,2022-05-12,no_chain,,,,,0,,0,0.0,0.0,,open30,2022-05-12 09:40:00-04:00,
AMC,2022-05-12,ok,2022-05-20,8,10.0,10.0,7,8.0|9.0|10.0|11.0|11.5|12.0|12.5,389,1.0,0.021,,post10,2022-05-12 10:00:00-04:00,C:\Users\zmbur\PycharmProjects\backtester\data\iv_study\AMC_20220512.pkl
QS,2022-05-12,ok,2022-05-20,8,10.0,10.0,7,7.5|8.5|9.0|10.0|11.0|11.5|12.5,389,1.0,0.0,,open30,2022-05-12 09:30:00-04:00,C:\Users\zmbur\PycharmProjects\backtester\data\iv_study\QS_20220512.pkl
SPCE,2022-05-12,ok,2022-05-20,8,5.0,5.0,5,4.0|4.5|5.0|5.5|6.0,389,1.0,0.08,,open30,2022-05-12 09:40:00-04:00,C:\Users\zmbur\PycharmProjects\backtester\data\iv_study\SPCE_20220512.pkl
UPST,2022-05-12,ok,2022-05-20,8,27.0,27.0,8,21.0|22.5|24.0|26.0|27.0|29.0|31.0|33.0,389,1.0,0.018,,open30,2022-05-12 09:30:00-04:00,C:\Users\zmbur\PycharmProjects\backtester\data\iv_study\UPST_20220512.pkl
SI,2022-05-12,ok,2022-05-20,8,60.0,60.0,7,45.0|50.0|55.0|60.0|65.0|70.0|75.0,384,0.987,0.0,,post10,2022-05-12 10:02:00-04:00,C:\Users\zmbur\PycharmProjects\backtester\data\iv_study\SI_20220512.pkl
PLUG,2022-05-12,ok,2022-05-20,8,13.0,13.0,7,10.0|11.0|12.0|13.0|14.0|15.0|16.0,389,1.0,0.0,,open30,2022-05-12 09:40:00-04:00,C:\Users\zmbur\PycharmProjects\backtester\data\iv_study\PLUG_20220512.pkl
ATER,2022-05-12,ok,2022-05-20,8,2.5,2.5,3,2.0|2.5|3.0,389,1.0,0.494,,open30,2022-05-12 09:33:00-04:00,C:\Users\zmbur\PycharmProjects\backtester\data\iv_study\ATER_20220512.pkl
SOFI,2025-04-07,ok,2025-04-17,10,9.0,9.0,7,7.0|7.5|8.5|9.0|9.5|10.5|11.0,389,1.0,0.0,,open30,2025-04-07 09:30:00-04:00,C:\Users\zmbur\PycharmProjects\backtester\data\iv_study\SOFI_20250407.pkl
ARKK,2025-04-07,ok,2025-04-17,10,39.0,39.0,8,30.0|34.0|37.5|39.0|40.0|44.5|46.5|48.5,389,1.0,0.0,,open30,2025-04-07 09:44:00-04:00,C:\Users\zmbur\PycharmProjects\backtester\data\iv_study\ARKK_20250407.pkl
TSLA,2025-04-07,ok,2025-04-17,10,225.0,225.0,7,170.0|187.5|207.5|225.0|242.5|262.5|280.0,389,1.0,0.0,,open30,2025-04-07 09:44:00-04:00,C:\Users\zmbur\PycharmProjects\backtester\data\iv_study\TSLA_20250407.pkl
PLTR,2025-04-07,ok,2025-04-17,10,69.0,69.0,8,55.0|62.5|67.5|69.0|72.0|76.0|81.0|86.0,384,0.987,0.0,,open30,2025-04-07 09:30:00-04:00,C:\Users\zmbur\PycharmProjects\backtester\data\iv_study\PLTR_20250407.pkl
SMH,2025-04-07,ok,2025-04-17,10,174.0,174.0,8,135.0|170.0|174.0|177.0|184.0|192.0|200.0|217.5,389,1.0,0.0,,open30,2025-04-07 09:44:00-04:00,C:\Users\zmbur\PycharmProjects\backtester\data\iv_study\SMH_20250407.pkl
AR,2025-04-07,ok,2025-04-17,10,33.0,33.0,8,25.0|29.0|31.5|33.0|33.5|36.0|38.5|41.0,389,1.0,0.0,,open30,2025-04-07 09:45:00-04:00,C:\Users\zmbur\PycharmProjects\backtester\data\iv_study\AR_20250407.pkl
AAOI,2025-04-07,ok,2025-04-17,10,10.5,10.5,7,8.0|9.0|10.0|10.5|11.5|12.5|13.0,389,1.0,0.0,,open30,2025-04-07 09:30:00-04:00,C:\Users\zmbur\PycharmProjects\backtester\data\iv_study\AAOI_20250407.pkl
AXSM,2025-04-07,ok,2025-04-17,10,95.0,95.0,7,75.0|80.0|90.0|95.0|100.0|110.0|115.0,389,1.0,0.0,,open30,2025-04-07 09:41:00-04:00,C:\Users\zmbur\PycharmProjects\backtester\data\iv_study\AXSM_20250407.pkl
VFC,2025-04-07,ok,2025-04-17,10,10.0,10.0,8,7.5|8.5|9.0|9.5|10.0|11.0|12.0|12.5,389,1.0,0.0,,open30,2025-04-07 09:45:00-04:00,C:\Users\zmbur\PycharmProjects\backtester\data\iv_study\VFC_20250407.pkl
UPST,2025-04-07,ok,2025-04-17,10,32.5,32.5,8,25.0|30.0|31.5|32.5|33.5|35.5|37.0|40.0,389,1.0,0.0,,open30,2025-04-07 09:30:00-04:00,C:\Users\zmbur\PycharmProjects\backtester\data\iv_study\UPST_20250407.pkl
ENTG,2025-04-07,ok,2025-04-17,10,62.5,62.5,8,47.5|55.0|60.0|62.5|65.0|67.5|72.5|77.5,389,1.0,0.0,,open30,2025-04-07 09:33:00-04:00,C:\Users\zmbur\PycharmProjects\backtester\data\iv_study\ENTG_20250407.pkl
ROOT,2025-04-07,ok,2025-04-17,10,105.0,105.0,7,80.0|90.0|95.0|105.0|115.0|120.0|130.0,389,1.0,0.0,,open30,2025-04-07 09:44:00-04:00,C:\Users\zmbur\PycharmProjects\backtester\data\iv_study\ROOT_20250407.pkl
LINE,2025-04-09,ok,2025-04-17,8,50.0,50.0,5,40.0|45.0|50.0|55.0|60.0,389,1.0,0.026,,open30,2025-04-09 09:37:00-04:00,C:\Users\zmbur\PycharmProjects\backtester\data\iv_study\LINE_20250409.pkl
MLGO,2025-04-15,ok,2025-04-25,10,11.0,11.0,5,9.0|10.0|11.0|12.0|13.0,389,1.0,0.046,,open30,2025-04-15 09:37:00-04:00,C:\Users\zmbur\PycharmProjects\backtester\data\iv_study\MLGO_20250415.pkl
VERU,2022-05-04,ok,2022-05-13,9,9.0,9.0,7,7.0|7.5|8.5|9.0|9.5|10.5|11.0,389,1.0,0.0,,post10,2022-05-04 10:30:00-04:00,C:\Users\zmbur\PycharmProjects\backtester\data\iv_study\VERU_20220504.pkl
S,2022-05-12,ok,2022-05-20,8,20.0,20.0,5,15.0|17.5|20.0|22.5|25.0,389,1.0,0.0,,open30,2022-05-12 09:30:00-04:00,C:\Users\zmbur\PycharmProjects\backtester\data\iv_study\S_20220512.pkl
BROS,2022-05-12,ok,2022-05-20,8,22.5,22.5,4,17.5|20.0|22.5|25.0,389,1.0,0.152,,open30,2022-05-12 09:46:00-04:00,C:\Users\zmbur\PycharmProjects\backtester\data\iv_study\BROS_20220512.pkl
AAOI,2026-07-06,ok,2026-07-17,11,118.0,118.0,7,90.0|110.0|114.0|118.0|121.0|125.0|145.0,389,1.0,0.0,,open30,2026-07-06 09:31:00-04:00,C:\Users\zmbur\PycharmProjects\backtester\data\iv_study\AAOI_20260706.pkl
AXTI,2026-07-06,ok,2026-07-17,11,60.0,60.0,8,45.0|55.0|60.0|63.5|66.5|70.0|72.5|75.0,389,1.0,0.0,,open30,2026-07-06 09:30:00-04:00,C:\Users\zmbur\PycharmProjects\backtester\data\iv_study\AXTI_20260706.pkl
