ticker,date,exp,dte,strike,spot,open_iv,close_iv,open_ts,close_ts
AAOI,2025-03-26,2025-04-04,9,21.5,21.5,1.1019999999999999,1.0530499999999998,2025-03-26 10:30:00-04:00,2025-03-26 15:30:00-04:00
AAOI,2025-03-27,2025-04-04,8,18.0,18.0,1.1343,1.066,2025-03-27 10:30:00-04:00,2025-03-27 15:30:00-04:00
AAOI,2025-03-28,2025-04-04,7,17.0,17.0,1.10765,1.0899999999999999,2025-03-28 10:30:00-04:00,2025-03-28 15:30:00-04:00
AAOI,2025-03-31,2025-04-11,11,15.5,15.5,1.24235,1.2061000000000002,2025-03-31 10:30:00-04:00,2025-03-31 15:30:00-04:00
AAOI,2025-04-01,2025-04-11,10,15.0,15.0,1.24645,1.18905,2025-04-01 10:30:00-04:00,2025-04-01 15:30:00-04:00
AAOI,2025-04-02,2025-04-11,9,15.0,15.0,1.22595,1.16715,2025-04-02 10:30:00-04:00,2025-04-02 15:30:00-04:00
AAOI,2025-04-03,2025-04-11,8,14.5,14.5,1.323,1.3407499999999999,2025-04-03 10:30:00-04:00,2025-04-03 15:30:00-04:00
AAOI,2025-04-04,2025-04-11,7,12.0,12.0,1.5636,1.7906,2025-04-04 10:30:00-04:00,2025-04-04 15:30:00-04:00
AAOI,2026-06-23,2026-07-02,9,160.0,160.0,1.3987500000000002,1.35025,2026-06-23 10:30:00-04:00,2026-06-23 15:30:00-04:00
AAOI,2026-06-24,2026-07-02,8,149.0,149.0,1.3507500000000001,1.353,2026-06-24 10:30:00-04:00,2026-06-24 15:30:00-04:00
AAOI,2026-06-25,2026-07-02,7,149.0,149.0,1.3469,1.28965,2026-06-25 10:30:00-04:00,2026-06-25 15:30:00-04:00
AAOI,2026-06-26,2026-07-02,6,130.0,130.0,1.2533,1.3032,2026-06-26 10:30:00-04:00,2026-06-26 15:30:00-04:00
AAOI,2026-06-29,2026-07-10,11,139.0,139.0,1.27805,1.2691,2026-06-29 10:30:00-04:00,2026-06-29 15:30:00-04:00
AAOI,2026-06-30,2026-07-10,10,148.0,148.0,1.2567,1.23295,2026-06-30 10:30:00-04:00,2026-06-30 15:30:00-04:00
AAOI,2026-07-01,2026-07-10,9,141.0,141.0,1.2601,1.20155,2026-07-01 10:30:00-04:00,2026-07-01 15:30:00-04:00
AAOI,2026-07-02,2026-07-10,8,136.0,136.0,1.20695,1.242,2026-07-02 10:30:00-04:00,2026-07-02 15:30:00-04:00
AAPL,2018-01-25,2018-02-02,8,175.0,175.0,0.40275,0.40735,2018-01-25 09:30:00-05:00,2018-01-25 15:30:00-05:00
AAPL,2018-01-26,2018-02-02,7,172.5,172.5,0.41415,0.41059999999999997,2018-01-26 09:30:00-05:00,2018-01-26 15:30:00-05:00
AAPL,2018-01-29,2018-02-09,11,167.5,167.5,0.37124999999999997,0.44345,2018-01-29 09:30:00-05:00,2018-01-29 15:30:00-05:00
AAPL,2018-01-30,2018-02-09,10,165.0,165.0,0.47335,0.46430000000000005,2018-01-30 09:30:00-05:00,2018-01-30 15:30:00-05:00
AAPL,2018-01-31,2018-02-09,9,167.5,167.5,0.4838,0.4767,2018-01-31 09:30:00-05:00,2018-01-31 15:30:00-05:00
AAPL,2018-02-01,2018-02-09,8,167.5,167.5,0.49585,0.4665,2018-02-01 09:30:00-05:00,2018-02-01 15:30:00-05:00
AAPL,2018-02-02,2018-02-09,7,165.0,165.0,0.33015,0.2873,2018-02-02 09:30:00-05:00,2018-02-02 15:30:00-05:00
AAPL,2018-02-05,2018-02-16,11,160.0,160.0,0.30365,0.33340000000000003,2018-02-05 09:30:00-05:00,2018-02-05 15:30:00-05:00
AAPL,2025-03-26,2025-04-04,9,225.0,225.0,0.26849999999999996,0.2701,2025-03-26 10:30:00-04:00,2025-03-26 15:30:00-04:00
AAPL,2025-03-27,2025-04-04,8,222.5,222.5,0.27849999999999997,0.27595000000000003,2025-03-27 10:30:00-04:00,2025-03-27 15:30:00-04:00
AAPL,2025-03-28,2025-04-04,7,222.5,222.5,0.296,0.2841,2025-03-28 10:30:00-04:00,2025-03-28 15:30:00-04:00
AAPL,2025-03-31,2025-04-11,11,217.5,217.5,0.32930000000000004,0.32215,2025-03-31 10:30:00-04:00,2025-03-31 15:30:00-04:00
AAPL,2025-04-01,2025-04-11,10,220.0,220.0,0.33285,0.3134,2025-04-01 10:30:00-04:00,2025-04-01 15:30:00-04:00
AAPL,2025-04-02,2025-04-11,9,222.5,222.5,0.3124,0.3077,2025-04-02 10:30:00-04:00,2025-04-02 15:30:00-04:00
AAPL,2025-04-03,2025-04-11,8,207.5,207.5,0.42705,0.44715,2025-04-03 10:30:00-04:00,2025-04-03 15:30:00-04:00
AAPL,2025-04-04,2025-04-11,7,197.5,197.5,0.5849,0.6021000000000001,2025-04-04 10:30:00-04:00,2025-04-04 15:30:00-04:00
AFRM,2022-05-02,2022-05-13,11,28.5,28.5,1.8589,1.8049499999999998,2022-05-02 10:30:00-04:00,2022-05-02 15:30:00-04:00
AFRM,2022-05-03,2022-05-13,10,30.5,30.5,1.80835,1.8165499999999999,2022-05-03 10:30:00-04:00,2022-05-03 15:30:00-04:00
AFRM,2022-05-04,2022-05-13,9,30.0,30.0,1.86505,1.8678,2022-05-04 10:30:00-04:00,2022-05-04 15:30:00-04:00
AFRM,2022-05-05,2022-05-13,8,30.0,30.0,1.92615,2.0966,2022-05-05 10:30:00-04:00,2022-05-05 15:30:00-04:00
AFRM,2022-05-06,2022-05-13,7,26.5,26.5,2.2775499999999997,2.2424,2022-05-06 10:30:00-04:00,2022-05-06 15:30:00-04:00
AFRM,2022-05-09,2022-05-20,11,24.0,24.0,2.23725,2.1816,2022-05-09 10:30:00-04:00,2022-05-09 15:30:00-04:00
AFRM,2022-05-10,2022-05-20,10,20.0,20.0,2.6423,2.7287,2022-05-10 10:30:00-04:00,2022-05-10 15:30:00-04:00
AFRM,2022-05-11,2022-05-20,9,17.0,17.0,2.87225,2.8276000000000003,2022-05-11 10:30:00-04:00,2022-05-11 15:30:00-04:00
AMC,2021-01-14,2021-01-22,8,2.0,2.0,1.46245,1.4843000000000002,2021-01-14 10:30:00-05:00,2021-01-14 15:30:00-05:00
AMC,2021-01-15,2021-01-22,7,2.0,2.0,1.6703000000000001,2.3046,2021-01-15 10:30:00-05:00,2021-01-15 15:30:00-05:00
AMC,2021-01-19,2021-01-29,10,2.5,2.5,2.4218,2.1464,2021-01-19 10:30:00-05:00,2021-01-19 15:30:00-05:00
AMC,2021-01-20,2021-01-29,9,3.0,3.0,2.1054000000000004,2.0937,2021-01-20 10:30:00-05:00,2021-01-20 15:30:00-05:00
AMC,2021-01-21,2021-01-29,8,3.0,3.0,1.8117,1.58825,2021-01-21 10:30:00-05:00,2021-01-21 15:30:00-05:00
AMC,2021-01-22,2021-01-29,7,3.0,3.0,1.64295,2.6035,2021-01-22 10:30:00-05:00,2021-01-22 15:30:00-05:00
AMC,2021-01-25,2021-02-05,11,4.5,4.5,4.302300000000001,3.8482,2021-01-25 10:30:00-05:00,2021-01-25 15:30:00-05:00
AMC,2021-01-26,2021-02-05,10,5.0,5.0,3.66655,3.8148999999999997,2021-01-26 10:30:00-05:00,2021-01-26 15:30:00-05:00
AMC,2022-05-02,2022-05-13,11,15.0,15.0,1.3701500000000002,1.29155,2022-05-02 10:30:00-04:00,2022-05-02 15:30:00-04:00
AMC,2022-05-03,2022-05-13,10,15.0,15.0,1.3189,1.30795,2022-05-03 10:30:00-04:00,2022-05-03 15:30:00-04:00
AMC,2022-05-04,2022-05-13,9,15.5,15.5,1.40775,1.3066,2022-05-04 10:30:00-04:00,2022-05-04 15:30:00-04:00
AMC,2022-05-05,2022-05-13,8,15.5,15.5,1.34555,1.3872499999999999,2022-05-05 10:30:00-04:00,2022-05-05 15:30:00-04:00
AMC,2022-05-06,2022-05-13,7,14.5,14.5,1.4529,1.45285,2022-05-06 10:30:00-04:00,2022-05-06 15:30:00-04:00
AMC,2022-05-09,2022-05-20,11,13.0,13.0,1.5185,1.59575,2022-05-09 10:30:00-04:00,2022-05-09 15:30:00-04:00
AMC,2022-05-10,2022-05-20,10,13.5,13.5,1.3558,1.3435,2022-05-10 10:30:00-04:00,2022-05-10 15:30:00-04:00
AMC,2022-05-11,2022-05-20,9,11.5,11.5,1.35035,1.5144000000000002,2022-05-11 10:30:00-04:00,2022-05-11 15:30:00-04:00
AR,2025-03-26,2025-04-04,9,42.5,42.5,0.34225,0.36275,2025-03-26 10:30:00-04:00,2025-03-26 15:30:00-04:00
AR,2025-03-27,2025-04-04,8,41.0,41.0,0.3842,0.3701,2025-03-27 10:30:00-04:00,2025-03-27 15:30:00-04:00
AR,2025-03-28,2025-04-04,7,39.5,39.5,0.4155,0.4382,2025-03-28 10:30:00-04:00,2025-03-28 15:30:00-04:00
AR,2025-03-31,2025-04-11,11,40.0,40.0,0.44889999999999997,0.4355,2025-03-31 10:30:00-04:00,2025-03-31 15:30:00-04:00
AR,2025-04-01,2025-04-11,10,40.5,40.5,0.45725,0.43720000000000003,2025-04-01 10:30:00-04:00,2025-04-01 15:30:00-04:00
AR,2025-04-02,2025-04-11,9,40.5,40.5,0.43135,0.4421,2025-04-02 10:30:00-04:00,2025-04-02 15:30:00-04:00
AR,2025-04-03,2025-04-11,8,40.0,40.0,0.50485,0.52025,2025-04-03 10:30:00-04:00,2025-04-03 15:30:00-04:00
AR,2025-04-04,2025-04-11,7,36.0,36.0,0.85505,0.91015,2025-04-04 10:30:00-04:00,2025-04-04 15:30:00-04:00
ARKK,2022-05-02,2022-05-13,11,47.0,47.0,0.855,0.8747,2022-05-02 10:30:00-04:00,2022-05-02 15:30:00-04:00
ARKK,2022-05-03,2022-05-13,10,50.0,50.0,0.89635,0.87995,2022-05-03 10:30:00-04:00,2022-05-03 15:30:00-04:00
ARKK,2022-05-04,2022-05-13,9,49.0,49.0,0.8503499999999999,0.78,2022-05-04 10:30:00-04:00,2022-05-04 15:30:00-04:00
ARKK,2022-05-05,2022-05-13,8,51.0,51.0,0.7572000000000001,0.8146,2022-05-05 10:30:00-04:00,2022-05-05 15:30:00-04:00
ARKK,2022-05-06,2022-05-13,7,47.0,47.0,0.9022,0.8240000000000001,2022-05-06 10:30:00-04:00,2022-05-06 15:30:00-04:00
ARKK,2022-05-09,2022-05-20,11,44.0,44.0,0.93885,0.9645999999999999,2022-05-09 10:30:00-04:00,2022-05-09 15:30:00-04:00
ARKK,2022-05-10,2022-05-20,10,43.0,43.0,1.0138500000000001,0.9573,2022-05-10 10:30:00-04:00,2022-05-10 15:30:00-04:00
ARKK,2022-05-11,2022-05-20,9,39.0,39.0,0.9901,1.0472000000000001,2022-05-11 10:30:00-04:00,2022-05-11 15:30:00-04:00
ARKK,2025-03-26,2025-04-04,9,54.0,54.0,0.4587,0.4897,2025-03-26 10:30:00-04:00,2025-03-26 15:30:00-04:00
ARKK,2025-03-27,2025-04-04,8,51.5,51.5,0.5191,0.50485,2025-03-27 10:30:00-04:00,2025-03-27 15:30:00-04:00
ARKK,2025-03-28,2025-04-04,7,50.5,50.5,0.5566,0.54135,2025-03-28 10:30:00-04:00,2025-03-28 15:30:00-04:00
ARKK,2025-03-31,2025-04-11,11,46.5,46.5,0.58395,0.57355,2025-03-31 10:30:00-04:00,2025-03-31 15:30:00-04:00
ARKK,2025-04-01,2025-04-11,10,47.5,47.5,0.5991500000000001,0.5980000000000001,2025-04-01 10:30:00-04:00,2025-04-01 15:30:00-04:00
ARKK,2025-04-02,2025-04-11,9,47.0,47.0,0.6179,0.61205,2025-04-02 10:30:00-04:00,2025-04-02 15:30:00-04:00
ARKK,2025-04-03,2025-04-11,8,46.0,46.0,0.64525,0.6456500000000001,2025-04-03 10:30:00-04:00,2025-04-03 15:30:00-04:00
ARKK,2025-04-04,2025-04-11,7,43.0,43.0,0.8471,0.9318,2025-04-04 10:30:00-04:00,2025-04-04 15:30:00-04:00
ARM,2024-07-24,2024-08-02,9,165.0,165.0,1.0666,1.0985,2024-07-24 10:30:00-04:00,2024-07-24 15:30:00-04:00
ARM,2024-07-25,2024-08-02,8,150.0,150.0,1.1879,1.11535,2024-07-25 10:30:00-04:00,2024-07-25 15:30:00-04:00
ARM,2024-07-26,2024-08-02,7,152.5,152.5,1.1379000000000001,1.09325,2024-07-26 10:30:00-04:00,2024-07-26 15:30:00-04:00
ARM,2024-07-29,2024-08-09,11,148.0,148.0,0.9986,0.98195,2024-07-29 10:30:00-04:00,2024-07-29 15:30:00-04:00
ARM,2024-07-30,2024-08-09,10,140.0,140.0,1.04575,1.0655000000000001,2024-07-30 10:30:00-04:00,2024-07-30 15:30:00-04:00
ARM,2024-07-31,2024-08-09,9,142.0,142.0,1.1022,1.0287,2024-07-31 10:30:00-04:00,2024-07-31 15:30:00-04:00
ARM,2024-08-01,2024-08-09,8,132.0,132.0,0.75465,0.80915,2024-08-01 10:30:00-04:00,2024-08-01 15:30:00-04:00
ARM,2024-08-02,2024-08-09,7,112.0,112.0,0.9351499999999999,0.80155,2024-08-02 10:30:00-04:00,2024-08-02 15:30:00-04:00
ATER,2022-05-02,2022-05-13,11,5.0,5.0,2.2929,2.14935,2022-05-02 10:30:00-04:00,2022-05-02 15:30:00-04:00
ATER,2022-05-03,2022-05-13,10,5.5,5.5,2.2226,2.10835,2022-05-03 10:30:00-04:00,2022-05-03 15:30:00-04:00
ATER,2022-05-04,2022-05-13,9,5.5,5.5,2.1728,2.0204999999999997,2022-05-04 10:30:00-04:00,2022-05-04 15:30:00-04:00
ATER,2022-05-05,2022-05-13,8,5.0,5.0,2.0322,2.0175,2022-05-05 10:30:00-04:00,2022-05-05 15:30:00-04:00
ATER,2022-05-06,2022-05-13,7,4.5,4.5,2.11715,1.97375,2022-05-06 10:30:00-04:00,2022-05-06 15:30:00-04:00
ATER,2022-05-09,2022-05-20,11,4.0,4.0,1.9021,1.9774500000000002,2022-05-09 10:30:00-04:00,2022-05-09 15:30:00-04:00
ATER,2022-05-10,2022-05-20,10,3.5,3.5,1.8663500000000002,1.7058,2022-05-10 10:30:00-04:00,2022-05-10 15:30:00-04:00
ATER,2022-05-11,2022-05-20,9,3.5,3.5,1.70855,2.25195,2022-05-11 10:30:00-04:00,2022-05-11 15:30:00-04:00
AXSM,2025-03-26,2025-04-17,22,120.0,120.0,0.40795000000000003,0.40155,2025-03-26 10:30:00-04:00,2025-03-26 15:30:00-04:00
AXSM,2025-03-27,2025-04-17,21,120.0,120.0,0.4615,0.45515,2025-03-27 10:30:00-04:00,2025-03-27 15:30:00-04:00
AXSM,2025-03-28,2025-04-17,20,120.0,120.0,0.46345000000000003,0.44794999999999996,2025-03-28 10:30:00-04:00,2025-03-28 15:30:00-04:00
AXSM,2025-03-31,2025-04-17,17,115.0,115.0,0.50815,0.50585,2025-03-31 10:30:00-04:00,2025-03-31 15:30:00-04:00
AXSM,2025-04-01,2025-04-17,16,110.0,110.0,0.4869,0.44215000000000004,2025-04-01 10:30:00-04:00,2025-04-01 15:30:00-04:00
AXSM,2025-04-02,2025-04-17,15,110.0,110.0,0.48265,0.4393,2025-04-02 10:30:00-04:00,2025-04-02 15:30:00-04:00
AXSM,2025-04-03,2025-04-17,14,110.0,110.0,0.47385,0.5108,2025-04-03 10:30:00-04:00,2025-04-03 15:30:00-04:00
AXSM,2025-04-04,2025-04-17,13,105.0,105.0,0.6375500000000001,0.62355,2025-04-04 10:30:00-04:00,2025-04-04 15:30:00-04:00
AXTI,2026-06-23,2026-07-02,9,87.0,87.0,1.5665499999999999,1.51525,2026-06-23 10:30:00-04:00,2026-06-23 15:30:00-04:00
AXTI,2026-06-24,2026-07-02,8,76.0,76.0,1.6111499999999999,1.5045000000000002,2026-06-24 10:30:00-04:00,2026-06-24 15:30:00-04:00
AXTI,2026-06-25,2026-07-02,7,70.0,70.0,1.55815,1.48515,2026-06-25 10:30:00-04:00,2026-06-25 15:30:00-04:00
AXTI,2026-06-26,2026-07-02,6,67.0,67.0,1.51645,1.51045,2026-06-26 10:30:00-04:00,2026-06-26 15:30:00-04:00
AXTI,2026-06-29,2026-07-10,11,71.0,71.0,1.5885500000000001,1.5484,2026-06-29 10:30:00-04:00,2026-06-29 15:30:00-04:00
AXTI,2026-06-30,2026-07-10,10,71.5,71.5,1.46295,1.40895,2026-06-30 10:30:00-04:00,2026-06-30 15:30:00-04:00
AXTI,2026-07-01,2026-07-10,9,67.0,67.0,1.49865,1.3568500000000001,2026-07-01 10:30:00-04:00,2026-07-01 15:30:00-04:00
AXTI,2026-07-02,2026-07-10,8,66.0,66.0,1.30895,1.5527,2026-07-02 10:30:00-04:00,2026-07-02 15:30:00-04:00
BE,2025-11-04,2025-11-14,10,132.0,132.0,1.5282499999999999,1.49145,2025-11-04 10:30:00-05:00,2025-11-04 15:30:00-05:00
BE,2025-11-05,2025-11-14,9,136.0,136.0,1.5761,1.4985,2025-11-05 10:30:00-05:00,2025-11-05 15:30:00-05:00
BE,2025-11-06,2025-11-14,8,141.0,141.0,1.51355,1.3794,2025-11-06 10:30:00-05:00,2025-11-06 15:30:00-05:00
BE,2025-11-07,2025-11-14,7,129.0,129.0,1.3771499999999999,1.33635,2025-11-07 10:30:00-05:00,2025-11-07 15:30:00-05:00
BE,2025-11-10,2025-11-21,11,142.0,142.0,1.454,1.3335,2025-11-10 10:30:00-05:00,2025-11-10 15:30:00-05:00
BE,2025-11-11,2025-11-21,10,135.0,135.0,1.34195,1.2736,2025-11-11 10:30:00-05:00,2025-11-11 15:30:00-05:00
BE,2025-11-12,2025-11-21,9,125.0,125.0,1.2902,1.27995,2025-11-12 10:30:00-05:00,2025-11-12 15:30:00-05:00
BE,2025-11-13,2025-11-21,8,118.0,118.0,1.33105,1.4711500000000002,2025-11-13 10:30:00-05:00,2025-11-13 15:30:00-05:00
BHC,2022-04-28,2022-05-06,8,21.0,21.0,0.8673500000000001,0.9183,2022-04-28 10:30:00-04:00,2022-04-28 15:30:00-04:00
BHC,2022-04-29,2022-05-06,7,19.5,19.5,0.8064,0.6933499999999999,2022-04-29 10:30:00-04:00,2022-04-29 15:30:00-04:00
BHC,2022-05-02,2022-05-13,11,19.0,19.0,0.8514999999999999,0.831,2022-05-02 10:30:00-04:00,2022-05-02 15:30:00-04:00
BHC,2022-05-03,2022-05-13,10,18.5,18.5,0.8351,0.84685,2022-05-03 10:30:00-04:00,2022-05-03 15:30:00-04:00
BHC,2022-05-04,2022-05-13,9,18.5,18.5,0.9324,0.9154,2022-05-04 10:30:00-04:00,2022-05-04 15:30:00-04:00
BHC,2022-05-05,2022-05-13,8,17.5,17.5,1.032,1.074,2022-05-05 10:30:00-04:00,2022-05-05 15:30:00-04:00
BHC,2022-05-06,2022-05-13,7,16.5,16.5,1.25325,1.21155,2022-05-06 10:30:00-04:00,2022-05-06 15:30:00-04:00
BHC,2022-05-09,2022-05-20,11,15.5,15.5,1.1249500000000001,1.13235,2022-05-09 10:30:00-04:00,2022-05-09 15:30:00-04:00
BROS,2022-05-02,2022-05-20,18,45.0,45.0,0.90335,0.8963000000000001,2022-05-02 10:30:00-04:00,2022-05-02 15:30:00-04:00
BROS,2022-05-03,2022-05-20,17,50.0,50.0,0.8874,0.8819999999999999,2022-05-03 10:30:00-04:00,2022-05-03 15:30:00-04:00
BROS,2022-05-04,2022-05-20,16,45.0,45.0,0.90715,0.88225,2022-05-04 10:30:00-04:00,2022-05-04 15:30:00-04:00
BROS,2022-05-05,2022-05-20,15,50.0,50.0,0.8656,0.8925000000000001,2022-05-05 10:30:00-04:00,2022-05-05 15:30:00-04:00
BROS,2022-05-06,2022-05-20,14,45.0,45.0,0.9447000000000001,0.91215,2022-05-06 10:30:00-04:00,2022-05-06 15:30:00-04:00
BROS,2022-05-09,2022-05-20,11,45.0,45.0,1.02875,1.0270000000000001,2022-05-09 10:30:00-04:00,2022-05-09 15:30:00-04:00
BROS,2022-05-10,2022-05-20,10,40.0,40.0,1.0522,1.0244,2022-05-10 10:30:00-04:00,2022-05-10 15:30:00-04:00
BROS,2022-05-11,2022-05-20,9,40.0,40.0,1.161,1.3305,2022-05-11 10:30:00-04:00,2022-05-11 15:30:00-04:00
BYND,2022-05-02,2022-05-13,11,36.0,36.0,1.39375,1.35955,2022-05-02 10:30:00-04:00,2022-05-02 15:30:00-04:00
BYND,2022-05-03,2022-05-13,10,38.0,38.0,1.35955,1.3548,2022-05-03 10:30:00-04:00,2022-05-03 15:30:00-04:00
BYND,2022-05-04,2022-05-13,9,38.5,38.5,1.3729,1.40265,2022-05-04 10:30:00-04:00,2022-05-04 15:30:00-04:00
BYND,2022-05-05,2022-05-13,8,40.5,40.5,1.4576500000000001,1.46585,2022-05-05 10:30:00-04:00,2022-05-05 15:30:00-04:00
BYND,2022-05-06,2022-05-13,7,38.0,38.0,1.59745,1.5243000000000002,2022-05-06 10:30:00-04:00,2022-05-06 15:30:00-04:00
BYND,2022-05-09,2022-05-20,11,34.5,34.5,1.54585,1.48635,2022-05-09 10:30:00-04:00,2022-05-09 15:30:00-04:00
BYND,2022-05-10,2022-05-20,10,32.0,32.0,1.5431,1.65765,2022-05-10 10:30:00-04:00,2022-05-10 15:30:00-04:00
BYND,2022-05-11,2022-05-20,9,30.0,30.0,1.89355,2.1179,2022-05-11 10:30:00-04:00,2022-05-11 15:30:00-04:00
CAT,2018-01-24,2018-02-02,9,172.5,172.5,0.40865,0.43975,2018-01-24 09:30:00-05:00,2018-01-24 15:30:00-05:00
CAT,2018-01-25,2018-02-02,8,170.0,170.0,0.3173,0.24855,2018-01-25 10:30:00-05:00,2018-01-25 15:30:00-05:00
CAT,2018-01-26,2018-02-02,7,167.5,167.5,0.25715,0.26755,2018-01-26 09:30:00-05:00,2018-01-26 15:30:00-05:00
CAT,2018-01-29,2018-02-09,11,165.0,165.0,0.28265,0.33685,2018-01-29 10:30:00-05:00,2018-01-29 15:30:00-05:00
CAT,2018-01-30,2018-02-09,10,160.0,160.0,0.3578,0.32889999999999997,2018-01-30 10:30:00-05:00,2018-01-30 15:30:00-05:00
CAT,2018-01-31,2018-02-09,9,165.0,165.0,0.30545,0.27805,2018-01-31 10:30:00-05:00,2018-01-31 15:30:00-05:00
CAT,2018-02-01,2018-02-09,8,162.5,162.5,0.28855,0.24425000000000002,2018-02-01 09:30:00-05:00,2018-02-01 15:30:00-05:00
CAT,2018-02-02,2018-02-09,7,160.0,160.0,0.41535,0.2928,2018-02-02 09:30:00-05:00,2018-02-02 15:30:00-05:00
CLSK,2024-07-24,2024-08-02,9,17.5,17.5,1.2061,1.1848999999999998,2024-07-24 10:30:00-04:00,2024-07-24 15:30:00-04:00
CLSK,2024-07-25,2024-08-02,8,16.0,16.0,1.1602999999999999,1.0126499999999998,2024-07-25 10:30:00-04:00,2024-07-25 15:30:00-04:00
CLSK,2024-07-26,2024-08-02,7,17.0,17.0,1.1602999999999999,1.1056,2024-07-26 10:30:00-04:00,2024-07-26 15:30:00-04:00
CLSK,2024-07-29,2024-08-09,11,18.0,18.0,1.28065,1.23685,2024-07-29 10:30:00-04:00,2024-07-29 15:30:00-04:00
CLSK,2024-07-30,2024-08-09,10,16.5,16.5,1.05775,1.0308,2024-07-30 10:30:00-04:00,2024-07-30 15:30:00-04:00
CLSK,2024-07-31,2024-08-09,9,16.5,16.5,0.97575,0.9511000000000001,2024-07-31 10:30:00-04:00,2024-07-31 15:30:00-04:00
CLSK,2024-08-01,2024-08-09,8,16.0,16.0,1.00975,1.0436999999999999,2024-08-01 10:30:00-04:00,2024-08-01 15:30:00-04:00
CLSK,2024-08-02,2024-08-09,7,15.0,15.0,1.2061000000000002,1.3982,2024-08-02 10:30:00-04:00,2024-08-02 15:30:00-04:00
COIN,2022-05-02,2022-05-13,11,113.0,113.0,1.46275,1.3918,2022-05-02 10:30:00-04:00,2022-05-02 15:30:00-04:00
COIN,2022-05-03,2022-05-13,10,124.0,124.0,1.3644500000000002,1.3326,2022-05-03 10:30:00-04:00,2022-05-03 15:30:00-04:00
COIN,2022-05-04,2022-05-13,9,123.0,123.0,1.4016,1.3165,2022-05-04 10:30:00-04:00,2022-05-04 15:30:00-04:00
COIN,2022-05-05,2022-05-13,8,125.0,125.0,1.41785,1.4927000000000001,2022-05-05 10:30:00-04:00,2022-05-05 15:30:00-04:00
COIN,2022-05-06,2022-05-13,7,110.0,110.0,1.70235,1.65235,2022-05-06 10:30:00-04:00,2022-05-06 15:30:00-04:00
COIN,2022-05-09,2022-05-20,11,95.0,95.0,1.6766,1.827,2022-05-09 10:30:00-04:00,2022-05-09 15:30:00-04:00
COIN,2022-05-10,2022-05-20,10,85.0,85.0,2.0942499999999997,1.9945,2022-05-10 10:30:00-04:00,2022-05-10 15:30:00-04:00
COIN,2022-05-11,2022-05-20,9,55.0,55.0,1.7967499999999998,1.7777500000000002,2022-05-11 10:30:00-04:00,2022-05-11 15:30:00-04:00
COIN,2024-07-24,2024-08-02,9,262.5,262.5,0.9777,0.9659,2024-07-24 10:30:00-04:00,2024-07-24 15:30:00-04:00
COIN,2024-07-25,2024-08-02,8,237.5,237.5,0.98675,0.94695,2024-07-25 10:30:00-04:00,2024-07-25 15:30:00-04:00
COIN,2024-07-26,2024-08-02,7,242.5,242.5,1.0714000000000001,1.0471,2024-07-26 10:30:00-04:00,2024-07-26 15:30:00-04:00
COIN,2024-07-29,2024-08-09,11,252.5,252.5,0.88905,0.86895,2024-07-29 10:30:00-04:00,2024-07-29 15:30:00-04:00
COIN,2024-07-30,2024-08-09,10,235.0,235.0,0.8714999999999999,0.86765,2024-07-30 10:30:00-04:00,2024-07-30 15:30:00-04:00
COIN,2024-07-31,2024-08-09,9,232.5,232.5,0.86425,0.8585,2024-07-31 10:30:00-04:00,2024-07-31 15:30:00-04:00
COIN,2024-08-01,2024-08-09,8,225.0,225.0,0.87165,0.90655,2024-08-01 10:30:00-04:00,2024-08-01 15:30:00-04:00
COIN,2024-08-02,2024-08-09,7,212.5,212.5,0.84765,0.7596499999999999,2024-08-02 10:30:00-04:00,2024-08-02 15:30:00-04:00
CVNA,2022-05-02,2022-05-13,11,57.0,57.0,1.6197,1.49165,2022-05-02 10:30:00-04:00,2022-05-02 15:30:00-04:00
CVNA,2022-05-03,2022-05-13,10,58.0,58.0,1.47305,1.32695,2022-05-03 10:30:00-04:00,2022-05-03 15:30:00-04:00
CVNA,2022-05-04,2022-05-13,9,54.0,54.0,1.36265,1.3206,2022-05-04 10:30:00-04:00,2022-05-04 15:30:00-04:00
CVNA,2022-05-05,2022-05-13,8,56.0,56.0,1.29875,1.55745,2022-05-05 10:30:00-04:00,2022-05-05 15:30:00-04:00
CVNA,2022-05-06,2022-05-13,7,44.0,44.0,1.98165,1.78715,2022-05-06 10:30:00-04:00,2022-05-06 15:30:00-04:00
CVNA,2022-05-09,2022-05-20,11,45.0,45.0,1.81895,1.68805,2022-05-09 10:30:00-04:00,2022-05-09 15:30:00-04:00
CVNA,2022-05-10,2022-05-20,10,42.0,42.0,1.85275,1.9245,2022-05-10 10:30:00-04:00,2022-05-10 15:30:00-04:00
CVNA,2022-05-11,2022-05-20,9,34.0,34.0,2.1699,2.2453000000000003,2022-05-11 10:30:00-04:00,2022-05-11 15:30:00-04:00
DPST,2024-01-23,2024-02-02,10,95.0,95.0,0.86905,0.841,2024-01-23 10:30:00-05:00,2024-01-23 15:30:00-05:00
DPST,2024-01-24,2024-02-02,9,95.0,95.0,0.87275,0.86485,2024-01-24 10:30:00-05:00,2024-01-24 15:30:00-05:00
DPST,2024-01-25,2024-02-02,8,96.5,96.5,0.91625,0.9145000000000001,2024-01-25 10:30:00-05:00,2024-01-25 15:30:00-05:00
DPST,2024-01-26,2024-02-02,7,95.0,95.0,0.93325,0.89855,2024-01-26 10:30:00-05:00,2024-01-26 15:30:00-05:00
DPST,2024-01-29,2024-02-09,11,94.5,94.5,0.9057,0.88315,2024-01-29 10:30:00-05:00,2024-01-29 15:30:00-05:00
DPST,2024-01-30,2024-02-09,10,98.5,98.5,0.8962,0.8876999999999999,2024-01-30 10:30:00-05:00,2024-01-30 15:30:00-05:00
DPST,2024-01-31,2024-02-09,9,82.5,82.5,1.06625,0.98525,2024-01-31 10:30:00-05:00,2024-01-31 15:30:00-05:00
DPST,2024-02-01,2024-02-09,8,81.5,81.5,1.11895,1.0721,2024-02-01 10:30:00-05:00,2024-02-01 15:30:00-05:00
ENTG,2025-03-26,2025-04-17,22,95.0,95.0,0.41500000000000004,0.42965,2025-03-26 10:30:00-04:00,2025-03-26 15:30:00-04:00
ENTG,2025-03-27,2025-04-17,21,92.5,92.5,0.4222,0.43195,2025-03-27 10:30:00-04:00,2025-03-27 15:30:00-04:00
ENTG,2025-03-28,2025-04-17,20,92.5,92.5,0.4427,0.48065,2025-03-28 10:30:00-04:00,2025-03-28 15:30:00-04:00
ENTG,2025-03-31,2025-04-17,17,87.5,87.5,0.5027999999999999,0.49275,2025-03-31 10:30:00-04:00,2025-03-31 15:30:00-04:00
ENTG,2025-04-01,2025-04-17,16,85.0,85.0,0.5438,0.51415,2025-04-01 10:30:00-04:00,2025-04-01 15:30:00-04:00
ENTG,2025-04-02,2025-04-17,15,85.0,85.0,0.5638,0.48629999999999995,2025-04-02 10:30:00-04:00,2025-04-02 15:30:00-04:00
ENTG,2025-04-03,2025-04-17,14,82.5,82.5,0.4831,0.58195,2025-04-03 10:30:00-04:00,2025-04-03 15:30:00-04:00
ENTG,2025-04-04,2025-04-17,13,70.0,70.0,0.7141,0.8801,2025-04-04 10:30:00-04:00,2025-04-04 15:30:00-04:00
FIG,2026-01-23,2026-01-30,7,28.0,28.0,0.64995,0.6226,2026-01-23 10:30:00-05:00,2026-01-23 15:30:00-05:00
FIG,2026-01-26,2026-02-06,11,29.0,29.0,0.6734,0.68335,2026-01-26 10:30:00-05:00,2026-01-26 15:30:00-05:00
FIG,2026-01-27,2026-02-06,10,29.0,29.0,0.7056,0.66405,2026-01-27 10:30:00-05:00,2026-01-27 15:30:00-05:00
FIG,2026-01-28,2026-02-06,9,28.5,28.5,0.65465,0.6913499999999999,2026-01-28 10:30:00-05:00,2026-01-28 15:30:00-05:00
FIG,2026-01-29,2026-02-06,8,29.0,29.0,0.74075,0.6911499999999999,2026-01-29 10:30:00-05:00,2026-01-29 15:30:00-05:00
FIG,2026-01-30,2026-02-06,7,27.0,27.0,0.68745,0.6839,2026-01-30 10:30:00-05:00,2026-01-30 15:30:00-05:00
FIG,2026-02-02,2026-02-13,11,25.5,25.5,0.8096,0.73375,2026-02-02 10:30:00-05:00,2026-02-02 15:30:00-05:00
FIG,2026-02-03,2026-02-13,10,23.0,23.0,0.9141999999999999,0.90835,2026-02-03 10:30:00-05:00,2026-02-03 15:30:00-05:00
FRC,2023-02-28,2023-03-17,17,120.0,120.0,0.3996,0.3624,2023-02-28 10:30:00-05:00,2023-02-28 15:30:00-05:00
FRC,2023-03-01,2023-03-17,16,125.0,125.0,0.33640000000000003,0.32345,2023-03-01 10:30:00-05:00,2023-03-01 15:30:00-05:00
FRC,2023-03-02,2023-03-17,15,120.0,120.0,0.3709,0.3527,2023-03-02 10:30:00-05:00,2023-03-02 15:30:00-05:00
FRC,2023-03-03,2023-03-17,14,120.0,120.0,0.35714999999999997,0.3957,2023-03-03 10:30:00-05:00,2023-03-03 15:30:00-05:00
FRC,2023-03-06,2023-03-17,11,125.0,125.0,0.34885,0.3449,2023-03-06 10:30:00-05:00,2023-03-06 15:30:00-05:00
FRC,2023-03-07,2023-03-17,10,120.0,120.0,0.42455,0.40080000000000005,2023-03-07 10:30:00-05:00,2023-03-07 15:30:00-05:00
FRC,2023-03-08,2023-03-17,9,115.0,115.0,0.56155,0.3891,2023-03-08 10:30:00-05:00,2023-03-08 15:30:00-05:00
FRC,2023-03-09,2023-03-17,8,105.0,105.0,0.51355,0.6998500000000001,2023-03-09 10:30:00-05:00,2023-03-09 15:30:00-05:00
GL,2024-04-01,2024-04-19,18,115.0,115.0,0.38544999999999996,0.36885,2024-04-01 10:30:00-04:00,2024-04-01 15:30:00-04:00
GL,2024-04-02,2024-04-19,17,115.0,115.0,0.40785,0.40035,2024-04-02 10:30:00-04:00,2024-04-02 15:30:00-04:00
GL,2024-04-03,2024-04-19,16,110.0,110.0,0.46245,0.33299999999999996,2024-04-03 10:30:00-04:00,2024-04-03 15:30:00-04:00
GL,2024-04-04,2024-04-19,15,110.0,110.0,0.33235000000000003,0.32125,2024-04-04 10:30:00-04:00,2024-04-04 15:30:00-04:00
GL,2024-04-05,2024-04-19,14,110.0,110.0,0.3241,0.30035,2024-04-05 10:30:00-04:00,2024-04-05 15:30:00-04:00
GL,2024-04-08,2024-04-19,11,105.0,105.0,0.46905,0.48465,2024-04-08 10:30:00-04:00,2024-04-08 15:30:00-04:00
GL,2024-04-09,2024-04-19,10,110.0,110.0,0.46165,0.4062,2024-04-09 10:30:00-04:00,2024-04-09 15:30:00-04:00
GL,2024-04-10,2024-04-19,9,110.0,110.0,0.41205,0.34550000000000003,2024-04-10 10:30:00-04:00,2024-04-10 15:30:00-04:00
GME,2021-01-15,2021-01-22,7,39.0,39.0,2.9627,2.57125,2021-01-15 10:30:00-05:00,2021-01-15 15:30:00-05:00
GME,2021-01-19,2021-01-29,10,39.0,39.0,2.6445,2.4987,2021-01-19 10:30:00-05:00,2021-01-19 15:30:00-05:00
GME,2021-01-20,2021-01-29,9,37.0,37.0,2.22445,2.1662,2021-01-20 10:30:00-05:00,2021-01-20 15:30:00-05:00
GME,2021-01-21,2021-01-29,8,38.0,38.0,1.8965,1.92115,2021-01-21 10:30:00-05:00,2021-01-21 15:30:00-05:00
GME,2021-01-22,2021-01-29,7,43.0,43.0,2.1332500000000003,3.0462499999999997,2021-01-22 10:30:00-05:00,2021-01-22 15:30:00-05:00
GME,2021-01-25,2021-02-05,11,85.0,85.0,5.783049999999999,4.96225,2021-01-25 10:30:00-05:00,2021-01-25 15:30:00-05:00
GME,2021-01-26,2021-02-05,10,90.0,90.0,4.86025,5.4805,2021-01-26 10:30:00-05:00,2021-01-26 15:30:00-05:00
GME,2021-01-27,2021-02-05,9,210.0,210.0,7.04795,7.47675,2021-01-27 10:30:00-05:00,2021-01-27 15:30:00-05:00
GME,2021-02-26,2021-03-05,7,125.0,125.0,5.79505,5.84605,2021-02-26 10:30:00-05:00,2021-02-26 15:30:00-05:00
GME,2021-03-01,2021-03-12,11,104.0,104.0,4.3931000000000004,4.40665,2021-03-01 10:30:00-05:00,2021-03-01 15:30:00-05:00
GME,2021-03-02,2021-03-12,10,120.0,120.0,4.04385,3.76075,2021-03-02 10:30:00-05:00,2021-03-02 15:30:00-05:00
GME,2021-03-03,2021-03-12,9,125.0,125.0,3.3684000000000003,3.0017,2021-03-03 10:30:00-05:00,2021-03-03 15:30:00-05:00
GME,2021-03-04,2021-03-12,8,124.0,124.0,3.0041,3.49185,2021-03-04 10:30:00-05:00,2021-03-04 15:30:00-05:00
GME,2021-03-05,2021-03-12,7,130.0,130.0,3.4957000000000003,2.69975,2021-03-05 10:30:00-05:00,2021-03-05 15:30:00-05:00
GME,2021-03-08,2021-03-19,11,150.0,150.0,3.6944999999999997,3.8129999999999997,2021-03-08 10:30:00-05:00,2021-03-08 15:30:00-05:00
GME,2021-03-09,2021-03-19,10,220.0,220.0,4.0125,3.6900500000000003,2021-03-09 10:30:00-05:00,2021-03-09 15:30:00-05:00
HON,2018-01-24,2018-02-02,9,160.0,160.0,0.22605,0.2226,2018-01-24 10:30:00-05:00,2018-01-24 15:30:00-05:00
HON,2018-01-25,2018-02-02,8,160.0,160.0,0.23775000000000002,0.23335,2018-01-25 10:30:00-05:00,2018-01-25 15:30:00-05:00
HON,2018-01-26,2018-02-02,7,162.5,162.5,0.1643,0.14825,2018-01-26 10:30:00-05:00,2018-01-26 15:30:00-05:00
HON,2018-01-29,2018-02-09,11,165.0,165.0,0.15845,0.16375,2018-01-29 10:30:00-05:00,2018-01-29 15:30:00-05:00
HON,2018-01-30,2018-02-09,10,160.0,160.0,0.1822,0.17595,2018-01-30 10:30:00-05:00,2018-01-30 15:30:00-05:00
HON,2018-01-31,2018-02-09,9,160.0,160.0,0.17804999999999999,0.16620000000000001,2018-01-31 10:30:00-05:00,2018-01-31 15:30:00-05:00
HON,2018-02-01,2018-02-09,8,160.0,160.0,0.1673,0.15435,2018-02-01 10:30:00-05:00,2018-02-01 15:30:00-05:00
HON,2018-02-02,2018-02-09,7,157.5,157.5,0.175,0.17625,2018-02-02 10:30:00-05:00,2018-02-02 15:30:00-05:00
HUT,2023-12-20,2023-12-29,9,13.0,13.0,1.3202500000000001,1.3271,2023-12-20 10:30:00-05:00,2023-12-20 15:30:00-05:00
HUT,2023-12-21,2023-12-29,8,12.5,12.5,1.3256999999999999,1.1904,2023-12-21 10:30:00-05:00,2023-12-21 15:30:00-05:00
HUT,2023-12-22,2023-12-29,7,13.0,13.0,1.282,1.44335,2023-12-22 10:30:00-05:00,2023-12-22 15:30:00-05:00
HUT,2023-12-26,2024-01-05,10,14.0,14.0,1.63335,1.6641499999999998,2023-12-26 10:30:00-05:00,2023-12-26 15:30:00-05:00
HUT,2023-12-27,2024-01-05,9,16.0,16.0,1.68395,1.44465,2023-12-27 10:30:00-05:00,2023-12-27 15:30:00-05:00
HUT,2023-12-28,2024-01-05,8,16.0,16.0,1.74755,1.8425,2023-12-28 10:30:00-05:00,2023-12-28 15:30:00-05:00
HUT,2023-12-29,2024-01-05,7,16.5,16.5,1.9229,1.86165,2023-12-29 10:30:00-05:00,2023-12-29 15:30:00-05:00
HUT,2024-01-02,2024-01-12,10,14.0,14.0,2.10175,2.0051,2024-01-02 10:30:00-05:00,2024-01-02 15:30:00-05:00
IGV,2026-01-23,2026-02-20,28,97.0,97.0,0.27444999999999997,0.27525,2026-01-23 10:30:00-05:00,2026-01-23 15:30:00-05:00
IGV,2026-01-26,2026-02-20,25,98.0,98.0,0.2762,0.2734,2026-01-26 10:30:00-05:00,2026-01-26 15:30:00-05:00
IGV,2026-01-27,2026-02-20,24,99.0,99.0,0.25770000000000004,0.26735,2026-01-27 10:30:00-05:00,2026-01-27 15:30:00-05:00
IGV,2026-01-28,2026-02-20,23,98.0,98.0,0.28305,0.2714,2026-01-28 10:30:00-05:00,2026-01-28 15:30:00-05:00
IGV,2026-01-29,2026-02-20,22,94.0,94.0,0.31565,0.2871,2026-01-29 10:30:00-05:00,2026-01-29 15:30:00-05:00
IGV,2026-01-30,2026-02-20,21,92.0,92.0,0.3024,0.30474999999999997,2026-01-30 10:30:00-05:00,2026-01-30 15:30:00-05:00
IGV,2026-02-02,2026-02-20,18,91.0,91.0,0.31305,0.3062,2026-02-02 10:30:00-05:00,2026-02-02 15:30:00-05:00
IGV,2026-02-03,2026-02-20,17,89.0,89.0,0.29325,0.3574,2026-02-03 10:30:00-05:00,2026-02-03 15:30:00-05:00
JMIA,2024-07-24,2024-08-02,9,13.5,13.5,2.1406,1.8767,2024-07-24 10:30:00-04:00,2024-07-24 15:30:00-04:00
JMIA,2024-07-25,2024-08-02,8,12.0,12.0,1.75775,1.55815,2024-07-25 10:30:00-04:00,2024-07-25 15:30:00-04:00
JMIA,2024-07-26,2024-08-02,7,13.0,13.0,1.5827499999999999,1.5882,2024-07-26 10:30:00-04:00,2024-07-26 15:30:00-04:00
JMIA,2024-07-29,2024-08-09,11,13.0,13.0,2.0416999999999996,1.9853,2024-07-29 10:30:00-04:00,2024-07-29 15:30:00-04:00
JMIA,2024-07-30,2024-08-09,10,12.5,12.5,2.123,2.6020000000000003,2024-07-30 10:30:00-04:00,2024-07-30 15:30:00-04:00
JMIA,2024-07-31,2024-08-09,9,12.5,12.5,2.5742,2.5068,2024-07-31 10:30:00-04:00,2024-07-31 15:30:00-04:00
JMIA,2024-08-01,2024-08-09,8,12.0,12.0,2.4877000000000002,2.31635,2024-08-01 10:30:00-04:00,2024-08-01 15:30:00-04:00
JMIA,2024-08-02,2024-08-09,7,9.5,9.5,2.40425,2.3076,2024-08-02 10:30:00-04:00,2024-08-02 15:30:00-04:00
JNJ,2018-01-24,2018-02-02,9,143.0,143.0,0.16144999999999998,0.155,2018-01-24 10:30:00-05:00,2018-01-24 15:30:00-05:00
JNJ,2018-01-25,2018-02-02,8,142.0,142.0,0.15655,0.1513,2018-01-25 09:30:00-05:00,2018-01-25 15:30:00-05:00
JNJ,2018-01-26,2018-02-02,7,145.0,145.0,0.14035,0.133,2018-01-26 10:30:00-05:00,2018-01-26 15:30:00-05:00
JNJ,2018-01-29,2018-02-09,11,145.0,145.0,0.14579999999999999,0.1555,2018-01-29 09:30:00-05:00,2018-01-29 15:30:00-05:00
JNJ,2018-01-30,2018-02-09,10,143.0,143.0,0.16925,0.1593,2018-01-30 10:30:00-05:00,2018-01-30 15:30:00-05:00
JNJ,2018-01-31,2018-02-09,9,141.0,141.0,0.16965,0.16825,2018-01-31 10:30:00-05:00,2018-01-31 15:30:00-05:00
JNJ,2018-02-01,2018-02-09,8,138.0,138.0,0.17459999999999998,0.17035,2018-02-01 10:30:00-05:00,2018-02-01 15:30:00-05:00
JNJ,2018-02-02,2018-02-09,7,140.0,140.0,0.32199999999999995,0.1661,2018-02-02 09:30:00-05:00,2018-02-02 15:30:00-05:00
KEY,2023-03-01,2023-03-17,16,18.0,18.0,0.2983,0.2861,2023-03-01 10:30:00-05:00,2023-03-01 15:30:00-05:00
KEY,2023-03-02,2023-03-17,15,18.0,18.0,0.29925,0.29485,2023-03-02 10:30:00-05:00,2023-03-02 15:30:00-05:00
KEY,2023-03-03,2023-03-17,14,18.0,18.0,0.30369999999999997,0.2885,2023-03-03 10:30:00-05:00,2023-03-03 15:30:00-05:00
KEY,2023-03-06,2023-03-17,11,18.0,18.0,0.32320000000000004,0.28605,2023-03-06 10:30:00-05:00,2023-03-06 15:30:00-05:00
KEY,2023-03-07,2023-03-17,10,18.0,18.0,0.29974999999999996,0.2929,2023-03-07 10:30:00-05:00,2023-03-07 15:30:00-05:00
KEY,2023-03-08,2023-03-17,9,18.0,18.0,0.29195000000000004,0.32420000000000004,2023-03-08 10:30:00-05:00,2023-03-08 15:30:00-05:00
KEY,2023-03-09,2023-03-17,8,17.0,17.0,0.3183,0.42474999999999996,2023-03-09 10:30:00-05:00,2023-03-09 15:30:00-05:00
KEY,2023-03-10,2023-03-17,7,16.0,16.0,0.6312,0.6273,2023-03-10 10:30:00-05:00,2023-03-10 15:30:00-05:00
KRE,2023-03-01,2023-03-10,9,61.0,61.0,0.22775,0.22794999999999999,2023-03-01 10:30:00-05:00,2023-03-01 15:30:00-05:00
KRE,2023-03-02,2023-03-10,8,60.0,60.0,0.2353,0.22649999999999998,2023-03-02 10:30:00-05:00,2023-03-02 15:30:00-05:00
KRE,2023-03-03,2023-03-10,7,60.0,60.0,0.2324,0.22015,2023-03-03 10:30:00-05:00,2023-03-03 15:30:00-05:00
KRE,2023-03-06,2023-03-17,11,60.5,60.5,0.2641,0.2558,2023-03-06 10:30:00-05:00,2023-03-06 15:30:00-05:00
KRE,2023-03-07,2023-03-17,10,59.0,59.0,0.27365,0.26705,2023-03-07 10:30:00-05:00,2023-03-07 15:30:00-05:00
KRE,2023-03-08,2023-03-17,9,58.0,58.0,0.27949999999999997,0.269,2023-03-08 10:30:00-05:00,2023-03-08 15:30:00-05:00
KRE,2023-03-09,2023-03-17,8,56.0,56.0,0.2988,0.36665000000000003,2023-03-09 10:30:00-05:00,2023-03-09 15:30:00-05:00
KRE,2023-03-10,2023-03-17,7,50.0,50.0,0.7929,0.83805,2023-03-10 10:30:00-05:00,2023-03-10 15:30:00-05:00
KWEB,2022-03-03,2022-03-11,8,33.0,33.0,0.5722,0.5530999999999999,2022-03-03 10:30:00-05:00,2022-03-03 15:30:00-05:00
KWEB,2022-03-04,2022-03-11,7,31.0,31.0,0.61715,0.6511,2022-03-04 10:30:00-05:00,2022-03-04 15:30:00-05:00
KWEB,2022-03-07,2022-03-18,11,29.0,29.0,0.7396,0.7437,2022-03-07 10:30:00-05:00,2022-03-07 15:30:00-05:00
KWEB,2022-03-08,2022-03-18,10,28.0,28.0,0.77415,0.7437,2022-03-08 10:30:00-05:00,2022-03-08 15:30:00-05:00
KWEB,2022-03-09,2022-03-18,9,29.0,29.0,0.7243999999999999,0.6945,2022-03-09 10:30:00-05:00,2022-03-09 15:30:00-05:00
KWEB,2022-03-10,2022-03-18,8,27.0,27.0,0.79935,0.7859,2022-03-10 10:30:00-05:00,2022-03-10 15:30:00-05:00
KWEB,2022-03-11,2022-03-18,7,27.0,27.0,0.90835,0.9921,2022-03-11 10:30:00-05:00,2022-03-11 15:30:00-05:00
KWEB,2022-03-14,2022-03-25,11,21.5,21.5,1.17535,1.22595,2022-03-14 10:30:00-04:00,2022-03-14 15:30:00-04:00
KWEB,2022-10-12,2022-10-21,9,22.5,22.5,0.6515,0.6217999999999999,2022-10-12 10:30:00-04:00,2022-10-12 15:30:00-04:00
KWEB,2022-10-13,2022-10-21,8,21.5,21.5,0.6265499999999999,0.60695,2022-10-13 10:30:00-04:00,2022-10-13 15:30:00-04:00
KWEB,2022-10-14,2022-10-21,7,22.5,22.5,0.5952500000000001,0.62185,2022-10-14 10:30:00-04:00,2022-10-14 15:30:00-04:00
KWEB,2022-10-17,2022-10-28,11,22.5,22.5,0.6695,0.6265,2022-10-17 10:30:00-04:00,2022-10-17 15:30:00-04:00
KWEB,2022-10-18,2022-10-28,10,23.0,23.0,0.58975,0.5651999999999999,2022-10-18 10:30:00-04:00,2022-10-18 15:30:00-04:00
KWEB,2022-10-19,2022-10-28,9,22.0,22.0,0.6039000000000001,0.62415,2022-10-19 10:30:00-04:00,2022-10-19 15:30:00-04:00
KWEB,2022-10-20,2022-10-28,8,21.5,21.5,0.6765000000000001,0.65935,2022-10-20 10:30:00-04:00,2022-10-20 15:30:00-04:00
KWEB,2022-10-21,2022-10-28,7,21.0,21.0,0.664,0.7314,2022-10-21 10:30:00-04:00,2022-10-21 15:30:00-04:00
LAES,2025-01-02,2025-01-17,15,7.5,7.5,2.6210500000000003,2.95065,2025-01-02 10:30:00-05:00,2025-01-02 15:30:00-05:00
LAES,2025-01-03,2025-01-17,14,7.5,7.5,2.60345,2.3691,2025-01-03 10:30:00-05:00,2025-01-03 15:30:00-05:00
LAES,2025-01-06,2025-01-17,11,10.0,10.0,3.1220499999999998,2.82465,2025-01-06 10:30:00-05:00,2025-01-06 15:30:00-05:00
LAES,2025-01-07,2025-01-17,10,7.5,7.5,2.53905,2.2431,2025-01-07 10:30:00-05:00,2025-01-07 15:30:00-05:00
LCID,2022-05-02,2022-05-13,11,18.0,18.0,1.2450999999999999,1.2218,2022-05-02 10:30:00-04:00,2022-05-02 15:30:00-04:00
LCID,2022-05-03,2022-05-13,10,19.0,19.0,1.19245,1.1917499999999999,2022-05-03 10:30:00-04:00,2022-05-03 15:30:00-04:00
LCID,2022-05-04,2022-05-13,9,19.0,19.0,1.21225,1.1596000000000002,2022-05-04 10:30:00-04:00,2022-05-04 15:30:00-04:00
LCID,2022-05-05,2022-05-13,8,19.5,19.5,1.2642,1.3749500000000001,2022-05-05 10:30:00-04:00,2022-05-05 15:30:00-04:00
LCID,2022-05-06,2022-05-13,7,18.0,18.0,0.9025000000000001,0.8263499999999999,2022-05-06 10:30:00-04:00,2022-05-06 15:30:00-04:00
LI,2022-10-12,2022-10-21,9,20.5,20.5,0.88785,0.8866499999999999,2022-10-12 10:30:00-04:00,2022-10-12 15:30:00-04:00
LI,2022-10-13,2022-10-21,8,19.5,19.5,0.90425,0.855,2022-10-13 10:30:00-04:00,2022-10-13 15:30:00-04:00
LI,2022-10-14,2022-10-21,7,20.0,20.0,0.8550500000000001,0.80115,2022-10-14 10:30:00-04:00,2022-10-14 15:30:00-04:00
LI,2022-10-17,2022-10-28,11,19.0,19.0,0.8726,0.7894,2022-10-17 10:30:00-04:00,2022-10-17 15:30:00-04:00
LI,2022-10-18,2022-10-28,10,19.5,19.5,0.77765,0.7214499999999999,2022-10-18 10:30:00-04:00,2022-10-18 15:30:00-04:00
LI,2022-10-19,2022-10-28,9,18.0,18.0,0.8151999999999999,0.8432999999999999,2022-10-19 10:30:00-04:00,2022-10-19 15:30:00-04:00
LI,2022-10-20,2022-10-28,8,17.5,17.5,0.8269,0.8105,2022-10-20 10:30:00-04:00,2022-10-20 15:30:00-04:00
LI,2022-10-21,2022-10-28,7,17.0,17.0,0.80115,0.86205,2022-10-21 10:30:00-04:00,2022-10-21 15:30:00-04:00
LINE,2025-03-28,2025-04-17,20,60.0,60.0,0.3145,0.33735000000000004,2025-03-28 10:30:00-04:00,2025-03-28 15:30:00-04:00
LINE,2025-03-31,2025-04-17,17,60.0,60.0,0.3607,0.3386,2025-03-31 10:30:00-04:00,2025-03-31 15:30:00-04:00
LINE,2025-04-01,2025-04-17,16,60.0,60.0,0.33565,0.31685,2025-04-01 10:30:00-04:00,2025-04-01 15:30:00-04:00
LINE,2025-04-02,2025-04-17,15,55.0,55.0,0.3598,0.35565,2025-04-02 10:30:00-04:00,2025-04-02 15:30:00-04:00
LINE,2025-04-03,2025-04-17,14,60.0,60.0,0.5067,0.36815,2025-04-03 10:30:00-04:00,2025-04-03 15:30:00-04:00
LINE,2025-04-04,2025-04-17,13,55.0,55.0,0.56435,0.53295,2025-04-04 10:30:00-04:00,2025-04-04 15:30:00-04:00
LINE,2025-04-07,2025-04-17,10,55.0,55.0,0.6929000000000001,0.54955,2025-04-07 10:30:00-04:00,2025-04-07 15:30:00-04:00
LINE,2025-04-08,2025-04-17,9,50.0,50.0,0.56365,0.6859,2025-04-08 10:30:00-04:00,2025-04-08 15:30:00-04:00
MARA,2023-12-20,2023-12-29,9,24.0,24.0,1.403,1.4467500000000002,2023-12-20 10:30:00-05:00,2023-12-20 15:30:00-05:00
MARA,2023-12-21,2023-12-29,8,23.5,23.5,1.49525,1.32915,2023-12-21 10:30:00-05:00,2023-12-21 15:30:00-05:00
MARA,2023-12-22,2023-12-29,7,25.5,25.5,1.51375,1.45695,2023-12-22 10:30:00-05:00,2023-12-22 15:30:00-05:00
MARA,2024-01-02,2024-01-12,10,25.5,25.5,2.0534,1.9758,2024-01-02 10:30:00-05:00,2024-01-02 15:30:00-05:00
MARA,2024-01-08,2024-01-19,11,25.0,25.0,1.79295,1.6606999999999998,2024-01-08 10:30:00-05:00,2024-01-08 15:30:00-05:00
MARA,2024-01-09,2024-01-19,10,25.0,25.0,1.7366000000000001,1.71605,2024-01-09 10:30:00-05:00,2024-01-09 15:30:00-05:00
MARA,2024-01-10,2024-01-19,9,25.0,25.0,1.6832500000000001,1.714,2024-01-10 10:30:00-05:00,2024-01-10 15:30:00-05:00
MARA,2024-01-11,2024-01-19,8,26.5,26.5,1.58,1.5889,2024-01-11 10:30:00-05:00,2024-01-11 15:30:00-05:00
MARA,2024-01-12,2024-01-19,7,21.5,21.5,1.46795,1.4119,2024-01-12 10:30:00-05:00,2024-01-12 15:30:00-05:00
MARA,2024-01-16,2024-01-26,10,18.5,18.5,1.43715,1.35515,2024-01-16 10:30:00-05:00,2024-01-16 15:30:00-05:00
MARA,2024-01-17,2024-01-26,9,17.5,17.5,1.3989,1.2998,2024-01-17 10:30:00-05:00,2024-01-17 15:30:00-05:00
MARA,2024-01-18,2024-01-26,8,17.0,17.0,1.2519,1.2731,2024-01-18 10:30:00-05:00,2024-01-18 15:30:00-05:00
MARA,2024-07-24,2024-08-02,9,22.0,22.0,1.2511999999999999,1.2191,2024-07-24 10:30:00-04:00,2024-07-24 15:30:00-04:00
MARA,2024-07-25,2024-08-02,8,20.0,20.0,1.2273,1.17535,2024-07-25 10:30:00-04:00,2024-07-25 15:30:00-04:00
MARA,2024-07-26,2024-08-02,7,21.5,21.5,1.2355,1.2266,2024-07-26 10:30:00-04:00,2024-07-26 15:30:00-04:00
MARA,2024-07-29,2024-08-09,11,22.5,22.5,1.1336,1.1404999999999998,2024-07-29 10:30:00-04:00,2024-07-29 15:30:00-04:00
MARA,2024-07-30,2024-08-09,10,20.5,20.5,1.0695000000000001,1.03315,2024-07-30 10:30:00-04:00,2024-07-30 15:30:00-04:00
MARA,2024-07-31,2024-08-09,9,20.5,20.5,1.00855,1.0531000000000001,2024-07-31 10:30:00-04:00,2024-07-31 15:30:00-04:00
MARA,2024-08-01,2024-08-09,8,20.0,20.0,1.0513,1.0976,2024-08-01 10:30:00-04:00,2024-08-01 15:30:00-04:00
MARA,2024-08-02,2024-08-09,7,17.5,17.5,1.13435,0.9863,2024-08-02 10:30:00-04:00,2024-08-02 15:30:00-04:00
MLGO,2025-04-03,2025-04-11,8,15.0,15.0,5.3727,5.338699999999999,2025-04-03 10:30:00-04:00,2025-04-03 15:30:00-04:00
MLGO,2025-04-04,2025-04-11,7,17.0,17.0,6.184699999999999,4.32575,2025-04-04 10:30:00-04:00,2025-04-04 15:30:00-04:00
MLGO,2025-04-07,2025-04-17,10,17.5,17.5,3.74695,3.6707,2025-04-07 10:30:00-04:00,2025-04-07 15:30:00-04:00
MLGO,2025-04-08,2025-04-17,9,20.0,20.0,3.3640499999999998,3.1574,2025-04-08 10:30:00-04:00,2025-04-08 15:30:00-04:00
MLGO,2025-04-09,2025-04-17,8,17.5,17.5,4.045,3.15565,2025-04-09 10:30:00-04:00,2025-04-09 15:30:00-04:00
MLGO,2025-04-10,2025-04-17,7,17.5,17.5,3.6034500000000005,3.13375,2025-04-10 10:30:00-04:00,2025-04-10 15:30:00-04:00
MLGO,2025-04-11,2025-04-17,6,15.0,15.0,3.6359500000000002,2.73675,2025-04-11 10:30:00-04:00,2025-04-11 15:30:00-04:00
MLGO,2025-04-14,2025-04-25,11,15.0,15.0,3.04805,2.8448,2025-04-14 10:30:00-04:00,2025-04-14 15:30:00-04:00
MRNA,2020-05-14,2020-05-22,8,64.0,64.0,1.2837,1.10455,2020-05-14 10:30:00-04:00,2020-05-14 15:30:00-04:00
MRNA,2020-05-15,2020-05-22,7,64.0,64.0,1.1900499999999998,1.0899,2020-05-15 10:30:00-04:00,2020-05-15 15:30:00-04:00
MRNA,2020-05-18,2020-05-29,11,80.0,80.0,1.6855,1.63775,2020-05-18 10:30:00-04:00,2020-05-18 15:30:00-04:00
MRNA,2020-05-19,2020-05-29,10,79.0,79.0,1.4245,1.39405,2020-05-19 10:30:00-04:00,2020-05-19 15:30:00-04:00
MRNA,2020-05-20,2020-05-29,9,69.0,69.0,1.3792,1.3284500000000001,2020-05-20 10:30:00-04:00,2020-05-20 15:30:00-04:00
MRNA,2020-05-21,2020-05-29,8,71.0,71.0,1.2953000000000001,1.2097,2020-05-21 10:30:00-04:00,2020-05-21 15:30:00-04:00
MRNA,2020-05-22,2020-05-29,7,69.0,69.0,1.1835499999999999,0.99915,2020-05-22 10:30:00-04:00,2020-05-22 15:30:00-04:00
MRNA,2020-05-26,2020-06-05,10,64.0,64.0,1.189,1.21275,2020-05-26 10:30:00-04:00,2020-05-26 15:30:00-04:00
MRNA,2021-08-04,2021-08-13,9,380.0,380.0,0.9924999999999999,0.8993,2021-08-04 10:30:00-04:00,2021-08-04 15:30:00-04:00
MRNA,2021-08-05,2021-08-13,8,417.5,417.5,0.83115,0.7342,2021-08-05 10:30:00-04:00,2021-08-05 15:30:00-04:00
MRNA,2021-08-06,2021-08-13,7,412.5,412.5,0.72055,0.70145,2021-08-06 10:30:00-04:00,2021-08-06 15:30:00-04:00
MRNA,2021-08-09,2021-08-20,11,430.0,430.0,0.76,0.945,2021-08-09 10:30:00-04:00,2021-08-09 15:30:00-04:00
MRNA,2021-08-10,2021-08-20,10,475.0,475.0,0.82465,0.93075,2021-08-10 10:30:00-04:00,2021-08-10 15:30:00-04:00
MRNA,2021-08-11,2021-08-20,9,450.0,450.0,0.8466,0.9794,2021-08-11 10:30:00-04:00,2021-08-11 15:30:00-04:00
MRNA,2021-08-12,2021-08-20,8,395.0,395.0,0.9168000000000001,0.7762,2021-08-12 10:30:00-04:00,2021-08-12 15:30:00-04:00
MRNA,2021-08-13,2021-08-20,7,400.0,400.0,0.78425,0.7239,2021-08-13 10:30:00-04:00,2021-08-13 15:30:00-04:00
MSTR,2022-05-02,2022-05-13,11,355.0,355.0,1.0804,1.03705,2022-05-02 10:30:00-04:00,2022-05-02 15:30:00-04:00
MSTR,2022-05-03,2022-05-13,10,360.0,360.0,1.0436,1.03335,2022-05-03 10:30:00-04:00,2022-05-03 15:30:00-04:00
MSTR,2022-05-04,2022-05-13,9,345.0,345.0,0.9461999999999999,0.9149499999999999,2022-05-04 10:30:00-04:00,2022-05-04 15:30:00-04:00
MSTR,2022-05-05,2022-05-13,8,355.0,355.0,0.8592500000000001,1.0527,2022-05-05 10:30:00-04:00,2022-05-05 15:30:00-04:00
MSTR,2022-05-06,2022-05-13,7,295.0,295.0,1.3152,1.15375,2022-05-06 10:30:00-04:00,2022-05-06 15:30:00-04:00
MSTR,2022-05-09,2022-05-20,11,250.0,250.0,1.55135,1.7053,2022-05-09 10:30:00-04:00,2022-05-09 15:30:00-04:00
MSTR,2022-05-10,2022-05-20,10,240.0,240.0,1.6223,1.5335999999999999,2022-05-10 10:30:00-04:00,2022-05-10 15:30:00-04:00
MSTR,2022-05-11,2022-05-20,9,200.0,200.0,1.79115,2.1911,2022-05-11 10:30:00-04:00,2022-05-11 15:30:00-04:00
MSTR,2024-12-10,2024-12-20,10,375.0,375.0,1.1369500000000001,1.1291,2024-12-10 10:30:00-05:00,2024-12-10 15:30:00-05:00
MSTR,2024-12-11,2024-12-20,9,395.0,395.0,1.1614499999999999,1.12465,2024-12-11 10:30:00-05:00,2024-12-11 15:30:00-05:00
MSTR,2024-12-12,2024-12-20,8,410.0,410.0,1.1228,1.13305,2024-12-12 10:30:00-05:00,2024-12-12 15:30:00-05:00
MSTR,2024-12-13,2024-12-20,7,402.5,402.5,1.05805,1.0387499999999998,2024-12-13 10:30:00-05:00,2024-12-13 15:30:00-05:00
MSTR,2024-12-16,2024-12-27,11,417.5,417.5,0.98085,0.9622999999999999,2024-12-16 10:30:00-05:00,2024-12-16 15:30:00-05:00
MSTR,2024-12-17,2024-12-27,10,405.0,405.0,0.9212,0.92045,2024-12-17 10:30:00-05:00,2024-12-17 15:30:00-05:00
MSTR,2024-12-18,2024-12-27,9,380.0,380.0,0.88965,0.98015,2024-12-18 10:30:00-05:00,2024-12-18 15:30:00-05:00
MSTR,2024-12-19,2024-12-27,8,367.5,367.5,1.01515,0.9557,2024-12-19 10:30:00-05:00,2024-12-19 15:30:00-05:00
NIO,2019-09-20,2019-09-27,7,3.0,3.0,1.05,1.1726,2019-09-20 10:30:00-04:00,2019-09-20 15:30:00-04:00
NIO,2019-09-23,2019-10-04,11,3.0,3.0,1.08195,1.3093,2019-09-23 10:30:00-04:00,2019-09-23 15:30:00-04:00
NIO,2019-09-24,2019-10-04,10,2.0,2.0,1.40775,1.3093,2019-09-24 10:30:00-04:00,2019-09-24 15:30:00-04:00
NIO,2019-09-25,2019-10-04,9,2.0,2.0,1.3366500000000001,1.21635,2019-09-25 10:30:00-04:00,2019-09-25 15:30:00-04:00
NIO,2019-09-26,2019-10-04,8,2.0,2.0,1.2218,1.15075,2019-09-26 10:30:00-04:00,2019-09-26 15:30:00-04:00
NIO,2019-09-27,2019-10-04,7,2.0,2.0,1.3859,1.69215,2019-09-27 10:30:00-04:00,2019-09-27 15:30:00-04:00
NIO,2019-09-30,2019-10-11,11,1.5,1.5,2.123,2.12885,2019-09-30 10:30:00-04:00,2019-09-30 15:30:00-04:00
NIO,2019-10-01,2019-10-11,10,1.5,1.5,2.18745,2.3398000000000003,2019-10-01 10:30:00-04:00,2019-10-01 15:30:00-04:00
NIO,2021-02-10,2021-02-19,9,62.5,62.5,0.77535,0.7422,2021-02-10 10:30:00-05:00,2021-02-10 15:30:00-05:00
NIO,2021-02-11,2021-02-19,8,62.0,62.0,0.71235,0.6999500000000001,2021-02-11 10:30:00-05:00,2021-02-11 15:30:00-05:00
NIO,2021-02-12,2021-02-19,7,59.5,59.5,0.6515,0.5554,2021-02-12 10:30:00-05:00,2021-02-12 15:30:00-05:00
NIO,2021-02-16,2021-02-26,10,61.0,61.0,0.8182499999999999,0.7536499999999999,2021-02-16 10:30:00-05:00,2021-02-16 15:30:00-05:00
NIO,2021-02-17,2021-02-26,9,57.0,57.0,0.7818,0.7418,2021-02-17 10:30:00-05:00,2021-02-17 15:30:00-05:00
NIO,2021-02-18,2021-02-26,8,56.0,56.0,0.8823,0.81665,2021-02-18 10:30:00-05:00,2021-02-18 15:30:00-05:00
NIO,2021-02-19,2021-02-26,7,55.5,55.5,0.7736000000000001,0.76745,2021-02-19 10:30:00-05:00,2021-02-19 15:30:00-05:00
NIO,2021-02-22,2021-03-05,11,53.5,53.5,1.22065,1.1873,2021-02-22 10:30:00-05:00,2021-02-22 15:30:00-05:00
NVAX,2020-07-31,2020-08-07,7,147.0,147.0,2.23215,2.29145,2020-07-31 10:30:00-04:00,2020-07-31 15:30:00-04:00
NVAX,2020-08-03,2020-08-14,11,145.0,145.0,2.0275,1.91035,2020-08-03 10:30:00-04:00,2020-08-03 15:30:00-04:00
NVAX,2020-08-04,2020-08-14,10,155.0,155.0,1.9657,1.89585,2020-08-04 10:30:00-04:00,2020-08-04 15:30:00-04:00
NVAX,2020-08-05,2020-08-14,9,180.0,180.0,1.5401,1.323,2020-08-05 10:30:00-04:00,2020-08-05 15:30:00-04:00
NVAX,2020-08-06,2020-08-14,8,175.0,175.0,1.1951,1.1926,2020-08-06 10:30:00-04:00,2020-08-06 15:30:00-04:00
NVAX,2020-08-07,2020-08-14,7,167.5,167.5,1.16905,1.0596999999999999,2020-08-07 10:30:00-04:00,2020-08-07 15:30:00-04:00
NVAX,2020-08-10,2020-08-21,11,175.0,175.0,1.17915,1.1461999999999999,2020-08-10 10:30:00-04:00,2020-08-10 15:30:00-04:00
NVAX,2020-08-11,2020-08-21,10,149.0,149.0,1.1726,1.2391,2020-08-11 10:30:00-04:00,2020-08-11 15:30:00-04:00
NVAX,2020-08-13,2020-08-21,8,131.0,131.0,1.44835,1.27915,2020-08-13 10:30:00-04:00,2020-08-13 15:30:00-04:00
NVAX,2020-08-14,2020-08-21,7,142.0,142.0,1.31975,1.0819,2020-08-14 10:30:00-04:00,2020-08-14 15:30:00-04:00
NVAX,2020-08-17,2020-08-28,11,147.0,147.0,1.1553,0.98655,2020-08-17 10:30:00-04:00,2020-08-17 15:30:00-04:00
NVAX,2020-08-18,2020-08-28,10,152.5,152.5,0.9660500000000001,0.992,2020-08-18 10:30:00-04:00,2020-08-18 15:30:00-04:00
NVAX,2020-08-19,2020-08-28,9,145.0,145.0,0.9258,0.94085,2020-08-19 10:30:00-04:00,2020-08-19 15:30:00-04:00
NVAX,2020-08-20,2020-08-28,8,145.0,145.0,0.90265,0.84565,2020-08-20 10:30:00-04:00,2020-08-20 15:30:00-04:00
NVAX,2020-08-21,2020-08-28,7,144.0,144.0,0.83865,0.9022,2020-08-21 10:30:00-04:00,2020-08-21 15:30:00-04:00
NVAX,2020-08-24,2020-09-04,11,129.0,129.0,1.1985000000000001,1.2680500000000001,2020-08-24 10:30:00-04:00,2020-08-24 15:30:00-04:00
NVAX,2021-02-04,2021-02-12,8,282.5,282.5,1.2210999999999999,1.1485,2021-02-04 10:30:00-05:00,2021-02-04 15:30:00-05:00
NVAX,2021-02-05,2021-02-12,7,287.5,287.5,1.13965,1.06705,2021-02-05 10:30:00-05:00,2021-02-05 15:30:00-05:00
NVAX,2021-02-08,2021-02-19,11,295.0,295.0,1.0284,1.0438,2021-02-08 10:30:00-05:00,2021-02-08 15:30:00-05:00
NVAX,2021-02-09,2021-02-19,10,325.0,325.0,1.08785,1.0806499999999999,2021-02-09 10:30:00-05:00,2021-02-09 15:30:00-05:00
NVAX,2021-02-10,2021-02-19,9,315.0,315.0,1.03785,1.07435,2021-02-10 10:30:00-05:00,2021-02-10 15:30:00-05:00
NVAX,2021-02-11,2021-02-19,8,305.0,305.0,1.0246499999999998,0.97195,2021-02-11 10:30:00-05:00,2021-02-11 15:30:00-05:00
NVAX,2021-02-12,2021-02-19,7,295.0,295.0,1.02545,1.12255,2021-02-12 10:30:00-05:00,2021-02-12 15:30:00-05:00
NVAX,2021-02-16,2021-02-26,10,292.5,292.5,1.32205,1.2452,2021-02-16 10:30:00-05:00,2021-02-16 15:30:00-05:00
NVDA,2024-07-15,2024-07-26,11,131.0,131.0,0.5101,0.49495,2024-07-15 10:30:00-04:00,2024-07-15 15:30:00-04:00
NVDA,2024-07-16,2024-07-26,10,128.0,128.0,0.5135000000000001,0.48750000000000004,2024-07-16 10:30:00-04:00,2024-07-16 15:30:00-04:00
NVDA,2024-07-17,2024-07-26,9,121.0,121.0,0.5587,0.55135,2024-07-17 10:30:00-04:00,2024-07-17 15:30:00-04:00
NVDA,2024-07-18,2024-07-26,8,122.0,122.0,0.5465500000000001,0.55045,2024-07-18 10:30:00-04:00,2024-07-18 15:30:00-04:00
NVDA,2024-07-19,2024-07-26,7,120.0,120.0,0.5528,0.5146,2024-07-19 10:30:00-04:00,2024-07-19 15:30:00-04:00
NVDA,2024-07-22,2024-08-02,11,121.0,121.0,0.5510999999999999,0.5077499999999999,2024-07-22 10:30:00-04:00,2024-07-22 15:30:00-04:00
NVDA,2024-07-23,2024-08-02,10,124.0,124.0,0.48885,0.4859,2024-07-23 10:30:00-04:00,2024-07-23 15:30:00-04:00
NVDA,2024-07-24,2024-08-02,9,119.0,119.0,0.54115,0.5709500000000001,2024-07-24 10:30:00-04:00,2024-07-24 15:30:00-04:00
NVDA,2024-07-25,2024-08-02,8,112.0,112.0,0.6478999999999999,0.58785,2024-07-25 10:30:00-04:00,2024-07-25 15:30:00-04:00
NVDA,2024-07-26,2024-08-02,7,115.0,115.0,0.57785,0.5603,2024-07-26 10:30:00-04:00,2024-07-26 15:30:00-04:00
NVDA,2024-07-29,2024-08-09,11,115.0,115.0,0.5701499999999999,0.5692,2024-07-29 10:30:00-04:00,2024-07-29 15:30:00-04:00
NVDA,2024-07-30,2024-08-09,10,112.0,112.0,0.62395,0.6735,2024-07-30 10:30:00-04:00,2024-07-30 15:30:00-04:00
NVDA,2024-07-31,2024-08-09,9,112.0,112.0,0.61555,0.589,2024-07-31 10:30:00-04:00,2024-07-31 15:30:00-04:00
NVDA,2024-08-01,2024-08-09,8,119.0,119.0,0.59215,0.6917500000000001,2024-08-01 10:30:00-04:00,2024-08-01 15:30:00-04:00
NVDA,2024-08-02,2024-08-09,7,103.0,103.0,0.89485,0.8269,2024-08-02 10:30:00-04:00,2024-08-02 15:30:00-04:00
NVDA,2025-03-26,2025-04-04,9,118.0,118.0,0.47075,0.48545,2025-03-26 10:30:00-04:00,2025-03-26 15:30:00-04:00
NVDA,2025-03-27,2025-04-04,8,112.0,112.0,0.49965000000000004,0.4887,2025-03-27 10:30:00-04:00,2025-03-27 15:30:00-04:00
NVDA,2025-03-28,2025-04-04,7,112.0,112.0,0.50545,0.5106999999999999,2025-03-28 10:30:00-04:00,2025-03-28 15:30:00-04:00
NVDA,2025-03-31,2025-04-11,11,105.0,105.0,0.59055,0.55635,2025-03-31 10:30:00-04:00,2025-03-31 15:30:00-04:00
NVDA,2025-04-01,2025-04-11,10,108.0,108.0,0.5423,0.519,2025-04-01 10:30:00-04:00,2025-04-01 15:30:00-04:00
NVDA,2025-04-02,2025-04-11,9,108.0,108.0,0.5447,0.5204500000000001,2025-04-02 10:30:00-04:00,2025-04-02 15:30:00-04:00
NVDA,2025-04-03,2025-04-11,8,105.0,105.0,0.5561,0.56305,2025-04-03 10:30:00-04:00,2025-04-03 15:30:00-04:00
NVDA,2025-04-04,2025-04-11,7,99.0,99.0,0.7875,0.7784,2025-04-04 10:30:00-04:00,2025-04-04 15:30:00-04:00
PLTR,2025-02-07,2025-02-14,7,111.0,111.0,0.69525,0.65835,2025-02-07 10:30:00-05:00,2025-02-07 15:30:00-05:00
PLTR,2025-02-10,2025-02-21,11,110.0,110.0,0.6323000000000001,0.6479,2025-02-10 10:30:00-05:00,2025-02-10 15:30:00-05:00
PLTR,2025-02-11,2025-02-21,10,118.0,118.0,0.6453,0.6313,2025-02-11 10:30:00-05:00,2025-02-11 15:30:00-05:00
PLTR,2025-02-12,2025-02-21,9,113.0,113.0,0.6347,0.6097999999999999,2025-02-12 10:30:00-05:00,2025-02-12 15:30:00-05:00
PLTR,2025-02-13,2025-02-21,8,117.0,117.0,0.5728,0.5524,2025-02-13 10:30:00-05:00,2025-02-13 15:30:00-05:00
PLTR,2025-02-14,2025-02-21,7,120.0,120.0,0.55035,0.5113,2025-02-14 10:30:00-05:00,2025-02-14 15:30:00-05:00
PLTR,2025-02-18,2025-02-28,10,123.0,123.0,0.6415500000000001,0.6232,2025-02-18 10:30:00-05:00,2025-02-18 15:30:00-05:00
PLTR,2025-02-19,2025-02-28,9,124.0,124.0,0.6257999999999999,0.6726,2025-02-19 10:30:00-05:00,2025-02-19 15:30:00-05:00
PLTR,2025-03-26,2025-04-04,9,97.0,97.0,0.68865,0.6757500000000001,2025-03-26 10:30:00-04:00,2025-03-26 15:30:00-04:00
PLTR,2025-03-27,2025-04-04,8,91.0,91.0,0.72715,0.7091,2025-03-27 10:30:00-04:00,2025-03-27 15:30:00-04:00
PLTR,2025-03-28,2025-04-04,7,88.0,88.0,0.7705,0.7329,2025-03-28 10:30:00-04:00,2025-03-28 15:30:00-04:00
PLTR,2025-03-31,2025-04-11,11,80.0,80.0,0.85095,0.8228,2025-03-31 10:30:00-04:00,2025-03-31 15:30:00-04:00
PLTR,2025-04-01,2025-04-11,10,84.0,84.0,0.8102,0.7949999999999999,2025-04-01 10:30:00-04:00,2025-04-01 15:30:00-04:00
PLTR,2025-04-02,2025-04-11,9,84.0,84.0,0.8241,0.79015,2025-04-02 10:30:00-04:00,2025-04-02 15:30:00-04:00
PLTR,2025-04-03,2025-04-11,8,84.0,84.0,0.8697,0.87365,2025-04-03 10:30:00-04:00,2025-04-03 15:30:00-04:00
PLTR,2025-04-04,2025-04-11,7,79.0,79.0,1.1873,1.14065,2025-04-04 10:30:00-04:00,2025-04-04 15:30:00-04:00
PLTR,2025-08-08,2025-08-15,7,187.5,187.5,0.47709999999999997,0.45015000000000005,2025-08-08 10:30:00-04:00,2025-08-08 15:30:00-04:00
PLTR,2025-08-11,2025-08-22,11,182.5,182.5,0.4903,0.47535000000000005,2025-08-11 10:30:00-04:00,2025-08-11 15:30:00-04:00
PLTR,2025-08-12,2025-08-22,10,185.0,185.0,0.46635000000000004,0.45930000000000004,2025-08-12 10:30:00-04:00,2025-08-12 15:30:00-04:00
PLTR,2025-08-13,2025-08-22,9,190.0,190.0,0.4657,0.45699999999999996,2025-08-13 10:30:00-04:00,2025-08-13 15:30:00-04:00
PLTR,2025-08-14,2025-08-22,8,185.0,185.0,0.4588,0.45430000000000004,2025-08-14 10:30:00-04:00,2025-08-14 15:30:00-04:00
PLTR,2025-08-15,2025-08-22,7,177.5,177.5,0.4794,0.44265,2025-08-15 10:30:00-04:00,2025-08-15 15:30:00-04:00
PLTR,2025-08-18,2025-08-29,11,177.5,177.5,0.48760000000000003,0.46115,2025-08-18 10:30:00-04:00,2025-08-18 15:30:00-04:00
PLTR,2025-08-19,2025-08-29,10,167.5,167.5,0.54205,0.5870500000000001,2025-08-19 10:30:00-04:00,2025-08-19 15:30:00-04:00
PLUG,2022-05-02,2022-05-13,11,21.0,21.0,1.1466,1.1316000000000002,2022-05-02 10:30:00-04:00,2022-05-02 15:30:00-04:00
PLUG,2022-05-03,2022-05-13,10,21.5,21.5,1.09455,1.0701,2022-05-03 10:30:00-04:00,2022-05-03 15:30:00-04:00
PLUG,2022-05-04,2022-05-13,9,21.5,21.5,1.09945,1.07825,2022-05-04 10:30:00-04:00,2022-05-04 15:30:00-04:00
PLUG,2022-05-05,2022-05-13,8,22.5,22.5,1.0802,1.1773500000000001,2022-05-05 10:30:00-04:00,2022-05-05 15:30:00-04:00
PLUG,2022-05-06,2022-05-13,7,20.5,20.5,1.31135,1.2574,2022-05-06 10:30:00-04:00,2022-05-06 15:30:00-04:00
PLUG,2022-05-09,2022-05-20,11,18.5,18.5,1.27715,1.33595,2022-05-09 10:30:00-04:00,2022-05-09 15:30:00-04:00
PLUG,2022-05-10,2022-05-20,10,16.5,16.5,1.1314,1.0992000000000002,2022-05-10 10:30:00-04:00,2022-05-10 15:30:00-04:00
PLUG,2022-05-11,2022-05-20,9,15.0,15.0,1.1350500000000001,1.22455,2022-05-11 10:30:00-04:00,2022-05-11 15:30:00-04:00
QQQ,2022-01-11,2022-01-18,7,379.0,379.0,0.23220000000000002,0.21894999999999998,2022-01-11 10:30:00-05:00,2022-01-11 15:30:00-05:00
QQQ,2022-01-12,2022-01-19,7,390.0,390.0,0.1877,0.17335,2022-01-12 10:30:00-05:00,2022-01-12 15:30:00-05:00
QQQ,2022-01-13,2022-01-19,6,389.0,389.0,0.177,0.18255,2022-01-13 10:30:00-05:00,2022-01-13 15:30:00-05:00
QQQ,2022-01-14,2022-01-21,7,376.0,376.0,0.2732,0.23785,2022-01-14 10:30:00-05:00,2022-01-14 15:30:00-05:00
QQQ,2022-01-18,2022-01-24,6,373.0,373.0,0.2766,0.26885000000000003,2022-01-18 10:30:00-05:00,2022-01-18 15:30:00-05:00
QQQ,2022-01-19,2022-01-26,7,372.0,372.0,0.29300000000000004,0.26575000000000004,2022-01-19 10:30:00-05:00,2022-01-19 15:30:00-05:00
QQQ,2022-01-20,2022-01-26,6,370.0,370.0,0.27180000000000004,0.26675000000000004,2022-01-20 10:30:00-05:00,2022-01-20 15:30:00-05:00
QQQ,2022-01-21,2022-01-28,7,361.0,361.0,0.36245,0.36495,2022-01-21 10:30:00-05:00,2022-01-21 15:30:00-05:00
QQQ,2025-03-26,2025-04-02,7,492.0,492.0,0.21565,0.22394999999999998,2025-03-26 10:30:00-04:00,2025-03-26 15:30:00-04:00
QQQ,2025-03-27,2025-04-03,7,482.0,482.0,0.2511,0.2427,2025-03-27 10:30:00-04:00,2025-03-27 15:30:00-04:00
QQQ,2025-03-28,2025-04-04,7,479.0,479.0,0.27845,0.26625,2025-03-28 10:30:00-04:00,2025-03-28 15:30:00-04:00
QQQ,2025-03-31,2025-04-07,7,459.0,459.0,0.30855,0.3016,2025-03-31 10:30:00-04:00,2025-03-31 15:30:00-04:00
QQQ,2025-04-01,2025-04-08,7,467.0,467.0,0.30379999999999996,0.28915,2025-04-01 10:30:00-04:00,2025-04-01 15:30:00-04:00
QQQ,2025-04-02,2025-04-09,7,469.0,469.0,0.3106,0.30055,2025-04-02 10:30:00-04:00,2025-04-02 15:30:00-04:00
QQQ,2025-04-03,2025-04-10,7,460.0,460.0,0.33645,0.3235,2025-04-03 10:30:00-04:00,2025-04-03 15:30:00-04:00
QQQ,2025-04-04,2025-04-11,7,439.0,439.0,0.48585,0.5208999999999999,2025-04-04 10:30:00-04:00,2025-04-04 15:30:00-04:00
QS,2022-05-02,2022-05-13,11,14.5,14.5,0.9962500000000001,0.9440999999999999,2022-05-02 10:30:00-04:00,2022-05-02 15:30:00-04:00
QS,2022-05-03,2022-05-13,10,16.0,16.0,0.89255,0.8690500000000001,2022-05-03 10:30:00-04:00,2022-05-03 15:30:00-04:00
QS,2022-05-04,2022-05-13,9,15.5,15.5,0.88085,1.3066,2022-05-04 10:30:00-04:00,2022-05-04 15:30:00-04:00
QS,2022-05-05,2022-05-13,8,16.0,16.0,0.8316,0.8866499999999999,2022-05-05 10:30:00-04:00,2022-05-05 15:30:00-04:00
QS,2022-05-06,2022-05-13,7,15.0,15.0,0.9370499999999999,0.82805,2022-05-06 10:30:00-04:00,2022-05-06 15:30:00-04:00
QS,2022-05-09,2022-05-20,11,14.0,14.0,0.9335500000000001,0.9159999999999999,2022-05-09 10:30:00-04:00,2022-05-09 15:30:00-04:00
QS,2022-05-10,2022-05-20,10,13.0,13.0,0.9277,0.99095,2022-05-10 10:30:00-04:00,2022-05-10 15:30:00-04:00
QS,2022-05-11,2022-05-20,9,12.0,12.0,1.09175,1.26555,2022-05-11 10:30:00-04:00,2022-05-11 15:30:00-04:00
RBLX,2022-04-29,2022-05-06,7,32.5,32.5,0.9353,0.9558,2022-04-29 10:30:00-04:00,2022-04-29 15:30:00-04:00
RBLX,2022-05-02,2022-05-13,11,30.5,30.5,1.58175,1.5659999999999998,2022-05-02 10:30:00-04:00,2022-05-02 15:30:00-04:00
RBLX,2022-05-03,2022-05-13,10,33.0,33.0,1.5667,1.58135,2022-05-03 10:30:00-04:00,2022-05-03 15:30:00-04:00
RBLX,2022-05-04,2022-05-13,9,32.5,32.5,1.6337,1.5434999999999999,2022-05-04 10:30:00-04:00,2022-05-04 15:30:00-04:00
RBLX,2022-05-05,2022-05-13,8,33.0,33.0,1.6934999999999998,1.85755,2022-05-05 10:30:00-04:00,2022-05-05 15:30:00-04:00
RBLX,2022-05-06,2022-05-13,7,29.5,29.5,1.99115,1.89205,2022-05-06 10:30:00-04:00,2022-05-06 15:30:00-04:00
RBLX,2022-05-09,2022-05-20,11,26.5,26.5,1.81105,1.8008,2022-05-09 10:30:00-04:00,2022-05-09 15:30:00-04:00
RBLX,2022-05-10,2022-05-20,10,25.0,25.0,2.0886,2.15965,2022-05-10 10:30:00-04:00,2022-05-10 15:30:00-04:00
RGTI,2024-12-10,2024-12-20,10,5.0,5.0,2.3808499999999997,2.3925,2024-12-10 10:30:00-05:00,2024-12-10 15:30:00-05:00
RGTI,2024-12-11,2024-12-20,9,7.5,7.5,2.8568499999999997,2.7851,2024-12-11 10:30:00-05:00,2024-12-11 15:30:00-05:00
RGTI,2024-12-12,2024-12-20,8,7.5,7.5,2.82175,2.3281,2024-12-12 10:30:00-05:00,2024-12-12 15:30:00-05:00
RGTI,2024-12-13,2024-12-20,7,6.0,6.0,2.27535,2.3193,2024-12-13 10:30:00-05:00,2024-12-13 15:30:00-05:00
RGTI,2024-12-16,2024-12-27,11,7.0,7.0,2.03655,2.3867,2024-12-16 10:30:00-05:00,2024-12-16 15:30:00-05:00
RGTI,2024-12-17,2024-12-27,10,9.0,9.0,2.4233000000000002,2.2973,2024-12-17 10:30:00-05:00,2024-12-17 15:30:00-05:00
RGTI,2024-12-18,2024-12-27,9,11.0,11.0,2.5273,2.39105,2024-12-18 10:30:00-05:00,2024-12-18 15:30:00-05:00
RGTI,2024-12-19,2024-12-27,8,9.5,9.5,2.2577499999999997,2.38375,2024-12-19 10:30:00-05:00,2024-12-19 15:30:00-05:00
RIOT,2023-12-20,2023-12-29,9,17.5,17.5,1.0332,1.12065,2023-12-20 10:30:00-05:00,2023-12-20 15:30:00-05:00
RIOT,2023-12-21,2023-12-29,8,17.0,17.0,1.107,1.0765,2023-12-21 10:30:00-05:00,2023-12-21 15:30:00-05:00
RIOT,2023-12-22,2023-12-29,7,17.0,17.0,1.0425,1.0613000000000001,2023-12-22 10:30:00-05:00,2023-12-22 15:30:00-05:00
RIOT,2023-12-26,2024-01-05,10,17.5,17.5,1.36195,1.24165,2023-12-26 10:30:00-05:00,2023-12-26 15:30:00-05:00
RIOT,2023-12-27,2024-01-05,9,18.0,18.0,1.3264,1.22595,2023-12-27 10:30:00-05:00,2023-12-27 15:30:00-05:00
RIOT,2023-12-28,2024-01-05,8,18.0,18.0,1.3613,1.3749500000000001,2023-12-28 10:30:00-05:00,2023-12-28 15:30:00-05:00
RIOT,2023-12-29,2024-01-05,7,18.0,18.0,1.34485,1.39545,2023-12-29 10:30:00-05:00,2023-12-29 15:30:00-05:00
RIOT,2024-01-02,2024-01-12,10,16.5,16.5,1.552,1.4871,2024-01-02 10:30:00-05:00,2024-01-02 15:30:00-05:00
RIVN,2024-07-24,2024-08-02,9,17.0,17.0,0.7120500000000001,0.71675,2024-07-24 10:30:00-04:00,2024-07-24 15:30:00-04:00
RIVN,2024-07-25,2024-08-02,8,16.0,16.0,0.75425,0.6718,2024-07-25 10:30:00-04:00,2024-07-25 15:30:00-04:00
RIVN,2024-07-26,2024-08-02,7,16.5,16.5,0.6554,0.6421,2024-07-26 10:30:00-04:00,2024-07-26 15:30:00-04:00
RIVN,2024-07-29,2024-08-09,11,16.5,16.5,0.9687,0.94175,2024-07-29 10:30:00-04:00,2024-07-29 15:30:00-04:00
RIVN,2024-07-30,2024-08-09,10,16.5,16.5,1.0021,1.0109,2024-07-30 10:30:00-04:00,2024-07-30 15:30:00-04:00
RIVN,2024-07-31,2024-08-09,9,16.5,16.5,1.05835,1.0238,2024-07-31 10:30:00-04:00,2024-07-31 15:30:00-04:00
RIVN,2024-08-01,2024-08-09,8,16.0,16.0,1.0742,1.1336499999999998,2024-08-01 10:30:00-04:00,2024-08-01 15:30:00-04:00
RIVN,2024-08-02,2024-08-09,7,14.5,14.5,1.28335,1.23825,2024-08-02 10:30:00-04:00,2024-08-02 15:30:00-04:00
ROOT,2025-03-26,2025-04-17,22,170.0,170.0,0.8831,0.8883000000000001,2025-03-26 10:30:00-04:00,2025-03-26 15:30:00-04:00
ROOT,2025-03-27,2025-04-17,21,145.0,145.0,0.9066000000000001,0.89575,2025-03-27 10:30:00-04:00,2025-03-27 15:30:00-04:00
ROOT,2025-03-28,2025-04-17,20,145.0,145.0,0.90205,0.9096,2025-03-28 10:30:00-04:00,2025-03-28 15:30:00-04:00
ROOT,2025-03-31,2025-04-17,17,130.0,130.0,0.97565,0.94295,2025-03-31 10:30:00-04:00,2025-03-31 15:30:00-04:00
ROOT,2025-04-01,2025-04-17,16,130.0,130.0,0.96985,0.9358,2025-04-01 10:30:00-04:00,2025-04-01 15:30:00-04:00
ROOT,2025-04-02,2025-04-17,15,130.0,130.0,0.97075,0.94935,2025-04-02 10:30:00-04:00,2025-04-02 15:30:00-04:00
ROOT,2025-04-03,2025-04-17,14,115.0,115.0,1.03745,1.06795,2025-04-03 10:30:00-04:00,2025-04-03 15:30:00-04:00
ROOT,2025-04-04,2025-04-17,13,115.0,115.0,1.23105,1.2419,2025-04-04 10:30:00-04:00,2025-04-04 15:30:00-04:00
S,2022-05-02,2022-05-20,18,35.0,35.0,0.8559,0.8729,2022-05-02 10:30:00-04:00,2022-05-02 15:30:00-04:00
S,2022-05-03,2022-05-20,17,35.0,35.0,0.8679,0.8386,2022-05-03 10:30:00-04:00,2022-05-03 15:30:00-04:00
S,2022-05-04,2022-05-20,16,30.0,30.0,0.8764,0.87815,2022-05-04 10:30:00-04:00,2022-05-04 15:30:00-04:00
S,2022-05-05,2022-05-20,15,30.0,30.0,0.8744,0.8843,2022-05-05 10:30:00-04:00,2022-05-05 15:30:00-04:00
S,2022-05-06,2022-05-20,14,30.0,30.0,0.92595,0.9113,2022-05-06 10:30:00-04:00,2022-05-06 15:30:00-04:00
S,2022-05-09,2022-05-20,11,25.0,25.0,1.1006,1.0941,2022-05-09 10:30:00-04:00,2022-05-09 15:30:00-04:00
S,2022-05-10,2022-05-20,10,22.5,22.5,1.08765,1.0853,2022-05-10 10:30:00-04:00,2022-05-10 15:30:00-04:00
S,2022-05-11,2022-05-20,9,22.5,22.5,1.1050499999999999,1.0777,2022-05-11 10:30:00-04:00,2022-05-11 15:30:00-04:00
SERV,2024-07-31,2024-08-16,16,15.0,15.0,2.48585,2.59735,2024-07-31 10:30:00-04:00,2024-07-31 15:30:00-04:00
SERV,2024-08-01,2024-08-16,15,15.0,15.0,2.66245,2.28635,2024-08-01 10:30:00-04:00,2024-08-01 15:30:00-04:00
SERV,2024-08-02,2024-08-16,14,14.0,14.0,2.4476,2.42665,2024-08-02 10:30:00-04:00,2024-08-02 15:30:00-04:00
SI,2022-05-02,2022-05-20,18,115.0,115.0,1.0029,1.00295,2022-05-02 10:30:00-04:00,2022-05-02 15:30:00-04:00
SI,2022-05-03,2022-05-20,17,120.0,120.0,0.9791,0.96025,2022-05-03 10:30:00-04:00,2022-05-03 15:30:00-04:00
SI,2022-05-04,2022-05-20,16,125.0,125.0,0.94965,0.90865,2022-05-04 10:30:00-04:00,2022-05-04 15:30:00-04:00
SI,2022-05-05,2022-05-20,15,130.0,130.0,0.87585,0.92155,2022-05-05 10:30:00-04:00,2022-05-05 15:30:00-04:00
SI,2022-05-06,2022-05-20,14,110.0,110.0,1.05135,0.9712000000000001,2022-05-06 10:30:00-04:00,2022-05-06 15:30:00-04:00
SI,2022-05-09,2022-05-20,11,105.0,105.0,1.1164,1.34435,2022-05-09 10:30:00-04:00,2022-05-09 15:30:00-04:00
SI,2022-05-10,2022-05-20,10,95.0,95.0,1.32645,1.33755,2022-05-10 10:30:00-04:00,2022-05-10 15:30:00-04:00
SI,2022-05-11,2022-05-20,9,80.0,80.0,1.44225,1.69795,2022-05-11 10:30:00-04:00,2022-05-11 15:30:00-04:00
SMH,2024-07-24,2024-08-02,9,250.0,250.0,0.3809,0.39754999999999996,2024-07-24 10:30:00-04:00,2024-07-24 15:30:00-04:00
SMH,2024-07-25,2024-08-02,8,237.5,237.5,0.46845000000000003,0.4431,2024-07-25 10:30:00-04:00,2024-07-25 15:30:00-04:00
SMH,2024-07-26,2024-08-02,7,240.0,240.0,0.44495,0.4356,2024-07-26 10:30:00-04:00,2024-07-26 15:30:00-04:00
SMH,2024-07-29,2024-08-09,11,242.5,242.5,0.4244,0.4128,2024-07-29 10:30:00-04:00,2024-07-29 15:30:00-04:00
SMH,2024-07-30,2024-08-09,10,240.0,240.0,0.4448,0.44565,2024-07-30 10:30:00-04:00,2024-07-30 15:30:00-04:00
SMH,2024-07-31,2024-08-09,9,240.0,240.0,0.44435,0.43865,2024-07-31 10:30:00-04:00,2024-07-31 15:30:00-04:00
SMH,2024-08-01,2024-08-09,8,245.0,245.0,0.42735,0.4764,2024-08-01 10:30:00-04:00,2024-08-01 15:30:00-04:00
SMH,2024-08-02,2024-08-09,7,215.0,215.0,0.6563,0.59565,2024-08-02 10:30:00-04:00,2024-08-02 15:30:00-04:00
SMH,2025-03-26,2025-04-04,9,227.5,227.5,0.3593,0.37995,2025-03-26 10:30:00-04:00,2025-03-26 15:30:00-04:00
SMH,2025-03-27,2025-04-04,8,217.5,217.5,0.3952,0.3839,2025-03-27 10:30:00-04:00,2025-03-27 15:30:00-04:00
SMH,2025-03-28,2025-04-04,7,217.5,217.5,0.41985,0.3948,2025-03-28 10:30:00-04:00,2025-03-28 15:30:00-04:00
SMH,2025-03-31,2025-04-11,11,205.0,205.0,0.44599999999999995,0.433,2025-03-31 10:30:00-04:00,2025-03-31 15:30:00-04:00
SMH,2025-04-01,2025-04-11,10,210.0,210.0,0.42855,0.41315,2025-04-01 10:30:00-04:00,2025-04-01 15:30:00-04:00
SMH,2025-04-02,2025-04-11,9,210.0,210.0,0.4333,0.41725,2025-04-02 10:30:00-04:00,2025-04-02 15:30:00-04:00
SMH,2025-04-03,2025-04-11,8,205.0,205.0,0.46865,0.4571,2025-04-03 10:30:00-04:00,2025-04-03 15:30:00-04:00
SMH,2025-04-04,2025-04-11,7,188.0,188.0,0.75985,0.7403500000000001,2025-04-04 10:30:00-04:00,2025-04-04 15:30:00-04:00
SOFI,2025-03-26,2025-04-04,9,13.5,13.5,0.58195,0.60225,2025-03-26 10:30:00-04:00,2025-03-26 15:30:00-04:00
SOFI,2025-03-27,2025-04-04,8,12.5,12.5,0.6577500000000001,0.6366499999999999,2025-03-27 10:30:00-04:00,2025-03-27 15:30:00-04:00
SOFI,2025-03-28,2025-04-04,7,12.0,12.0,0.69135,0.68275,2025-03-28 10:30:00-04:00,2025-03-28 15:30:00-04:00
SOFI,2025-03-31,2025-04-11,11,11.5,11.5,0.7542500000000001,0.732,2025-03-31 10:30:00-04:00,2025-03-31 15:30:00-04:00
SOFI,2025-04-01,2025-04-11,10,11.5,11.5,0.7659499999999999,0.7214499999999999,2025-04-01 10:30:00-04:00,2025-04-01 15:30:00-04:00
SOFI,2025-04-02,2025-04-11,9,12.0,12.0,0.7179,0.7202999999999999,2025-04-02 10:30:00-04:00,2025-04-02 15:30:00-04:00
SOFI,2025-04-03,2025-04-11,8,11.5,11.5,0.83045,0.8315999999999999,2025-04-03 10:30:00-04:00,2025-04-03 15:30:00-04:00
SOFI,2025-04-04,2025-04-11,7,10.0,10.0,1.2601,1.21225,2025-04-04 10:30:00-04:00,2025-04-04 15:30:00-04:00
SOXL,2024-07-24,2024-08-02,9,48.0,48.0,1.0513,1.16165,2024-07-24 10:30:00-04:00,2024-07-24 15:30:00-04:00
SOXL,2024-07-25,2024-08-02,8,40.0,40.0,1.4539,1.2912,2024-07-25 10:30:00-04:00,2024-07-25 15:30:00-04:00
SOXL,2024-07-26,2024-08-02,7,41.0,41.0,1.29325,1.19855,2024-07-26 10:30:00-04:00,2024-07-26 15:30:00-04:00
SOXL,2024-07-29,2024-08-09,11,44.0,44.0,1.1148500000000001,1.0619,2024-07-29 10:30:00-04:00,2024-07-29 15:30:00-04:00
SOXL,2024-07-30,2024-08-09,10,42.5,42.5,1.1781000000000001,1.1647500000000002,2024-07-30 10:30:00-04:00,2024-07-30 15:30:00-04:00
SOXL,2024-07-31,2024-08-09,9,41.5,41.5,1.15415,1.15725,2024-07-31 10:30:00-04:00,2024-07-31 15:30:00-04:00
SOXL,2024-08-01,2024-08-09,8,43.0,43.0,1.189,1.43715,2024-08-01 10:30:00-04:00,2024-08-01 15:30:00-04:00
SOXL,2024-08-02,2024-08-09,7,29.0,29.0,1.94355,1.688,2024-08-02 10:30:00-04:00,2024-08-02 15:30:00-04:00
SPCE,2022-05-02,2022-05-13,11,7.5,7.5,1.2697,1.2765,2022-05-02 10:30:00-04:00,2022-05-02 15:30:00-04:00
SPCE,2022-05-03,2022-05-13,10,8.0,8.0,1.2765,1.2492,2022-05-03 10:30:00-04:00,2022-05-03 15:30:00-04:00
SPCE,2022-05-04,2022-05-13,9,8.0,8.0,1.2888,1.2847,2022-05-04 10:30:00-04:00,2022-05-04 15:30:00-04:00
SPCE,2022-05-05,2022-05-13,8,8.0,8.0,1.35035,1.5308,2022-05-05 10:30:00-04:00,2022-05-05 15:30:00-04:00
SPCE,2022-05-06,2022-05-13,7,7.0,7.0,1.0671499999999998,0.8726,2022-05-06 10:30:00-04:00,2022-05-06 15:30:00-04:00
SPCE,2022-05-09,2022-05-20,11,6.5,6.5,1.0624500000000001,1.0226000000000002,2022-05-09 10:30:00-04:00,2022-05-09 15:30:00-04:00
SPCE,2022-05-10,2022-05-20,10,6.0,6.0,1.09175,1.07415,2022-05-10 10:30:00-04:00,2022-05-10 15:30:00-04:00
SPCE,2022-05-11,2022-05-20,9,5.5,5.5,1.2300499999999999,1.1234,2022-05-11 10:30:00-04:00,2022-05-11 15:30:00-04:00
TNA,2018-01-25,2018-02-02,8,80.0,80.0,0.45805,0.4113,2018-01-25 09:30:00-05:00,2018-01-25 15:30:00-05:00
TNA,2018-01-26,2018-02-02,7,80.0,80.0,0.56245,0.39555,2018-01-26 09:30:00-05:00,2018-01-26 15:30:00-05:00
TNA,2018-01-29,2018-02-09,11,79.0,79.0,0.46505,0.45425,2018-01-29 09:30:00-05:00,2018-01-29 15:30:00-05:00
TNA,2018-01-30,2018-02-09,10,77.0,77.0,0.5014000000000001,0.4797,2018-01-30 09:30:00-05:00,2018-01-30 15:30:00-05:00
TNA,2018-01-31,2018-02-09,9,78.0,78.0,0.4575,0.46854999999999997,2018-01-31 09:30:00-05:00,2018-01-31 15:30:00-05:00
TNA,2018-02-01,2018-02-09,8,74.5,74.5,0.48319999999999996,0.4289,2018-02-01 09:30:00-05:00,2018-02-01 15:30:00-05:00
TNA,2018-02-02,2018-02-09,7,74.5,74.5,0.40125,0.49665000000000004,2018-02-02 09:30:00-05:00,2018-02-02 15:30:00-05:00
TNA,2018-02-05,2018-02-16,11,69.5,69.5,0.6669499999999999,0.76635,2018-02-05 09:30:00-05:00,2018-02-05 15:30:00-05:00
TSLA,2022-12-23,2022-12-30,7,124.0,124.0,0.8252999999999999,0.7169,2022-12-23 10:30:00-05:00,2022-12-23 15:30:00-05:00
TSLA,2022-12-27,2023-01-06,10,119.0,119.0,1.0607000000000002,1.0457,2022-12-27 10:30:00-05:00,2022-12-27 15:30:00-05:00
TSLA,2022-12-28,2023-01-06,9,113.0,113.0,1.0831,1.0777,2022-12-28 10:30:00-05:00,2022-12-28 15:30:00-05:00
TSLA,2022-12-29,2023-01-06,8,118.0,118.0,1.0689,1.0063499999999999,2022-12-29 10:30:00-05:00,2022-12-29 15:30:00-05:00
TSLA,2022-12-30,2023-01-06,7,123.0,123.0,1.05045,0.9883500000000001,2022-12-30 10:30:00-05:00,2022-12-30 15:30:00-05:00
TSLA,2023-01-03,2023-01-13,10,116.0,116.0,0.8883,0.88125,2023-01-03 10:30:00-05:00,2023-01-03 15:30:00-05:00
TSLA,2023-01-04,2023-01-13,9,110.0,110.0,0.9055500000000001,0.8609,2023-01-04 10:30:00-05:00,2023-01-04 15:30:00-05:00
TSLA,2023-01-05,2023-01-13,8,109.0,109.0,0.8664499999999999,0.8184,2023-01-05 10:30:00-05:00,2023-01-05 15:30:00-05:00
TSLA,2024-07-24,2024-08-02,9,220.0,220.0,0.55655,0.5405,2024-07-24 10:30:00-04:00,2024-07-24 15:30:00-04:00
TSLA,2024-07-25,2024-08-02,8,220.0,220.0,0.57675,0.5265500000000001,2024-07-25 10:30:00-04:00,2024-07-25 15:30:00-04:00
TSLA,2024-07-26,2024-08-02,7,217.5,217.5,0.5419499999999999,0.4913,2024-07-26 10:30:00-04:00,2024-07-26 15:30:00-04:00
TSLA,2024-07-29,2024-08-09,11,227.5,227.5,0.5468999999999999,0.5127999999999999,2024-07-29 10:30:00-04:00,2024-07-29 15:30:00-04:00
TSLA,2024-07-30,2024-08-09,10,230.0,230.0,0.52705,0.5093,2024-07-30 10:30:00-04:00,2024-07-30 15:30:00-04:00
TSLA,2024-07-31,2024-08-09,9,230.0,230.0,0.5102,0.48560000000000003,2024-07-31 10:30:00-04:00,2024-07-31 15:30:00-04:00
TSLA,2024-08-01,2024-08-09,8,230.0,230.0,0.50125,0.5256000000000001,2024-08-01 10:30:00-04:00,2024-08-01 15:30:00-04:00
TSLA,2024-08-02,2024-08-09,7,212.5,212.5,0.63615,0.5801000000000001,2024-08-02 10:30:00-04:00,2024-08-02 15:30:00-04:00
TSLA,2025-03-26,2025-04-04,9,282.5,282.5,0.79375,0.8017000000000001,2025-03-26 10:30:00-04:00,2025-03-26 15:30:00-04:00
TSLA,2025-03-27,2025-04-04,8,275.0,275.0,0.81155,0.8102,2025-03-27 10:30:00-04:00,2025-03-27 15:30:00-04:00
TSLA,2025-03-28,2025-04-04,7,270.0,270.0,0.8768,0.83745,2025-03-28 10:30:00-04:00,2025-03-28 15:30:00-04:00
TSLA,2025-03-31,2025-04-11,11,245.0,245.0,0.9006000000000001,0.8384,2025-03-31 10:30:00-04:00,2025-03-31 15:30:00-04:00
TSLA,2025-04-01,2025-04-11,10,265.0,265.0,0.85065,0.8188500000000001,2025-04-01 10:30:00-04:00,2025-04-01 15:30:00-04:00
TSLA,2025-04-02,2025-04-11,9,255.0,255.0,0.8304,0.8449,2025-04-02 10:30:00-04:00,2025-04-02 15:30:00-04:00
TSLA,2025-04-03,2025-04-11,8,272.5,272.5,0.79965,0.80425,2025-04-03 10:30:00-04:00,2025-04-03 15:30:00-04:00
TSLA,2025-04-04,2025-04-11,7,257.5,257.5,1.00585,0.9535,2025-04-04 10:30:00-04:00,2025-04-04 15:30:00-04:00
TSM,2024-07-24,2024-08-02,9,165.0,165.0,0.4385,0.44730000000000003,2024-07-24 10:30:00-04:00,2024-07-24 15:30:00-04:00
TSM,2024-07-25,2024-08-02,8,157.5,157.5,0.4955,0.46735000000000004,2024-07-25 10:30:00-04:00,2024-07-25 15:30:00-04:00
TSM,2024-07-26,2024-08-02,7,162.5,162.5,0.45555,0.44675,2024-07-26 10:30:00-04:00,2024-07-26 15:30:00-04:00
TSM,2024-07-29,2024-08-09,11,162.5,162.5,0.46414999999999995,0.44855,2024-07-29 10:30:00-04:00,2024-07-29 15:30:00-04:00
TSM,2024-07-30,2024-08-09,10,160.0,160.0,0.47535000000000005,0.48145,2024-07-30 10:30:00-04:00,2024-07-30 15:30:00-04:00
TSM,2024-07-31,2024-08-09,9,162.5,162.5,0.4817,0.45855,2024-07-31 10:30:00-04:00,2024-07-31 15:30:00-04:00
TSM,2024-08-01,2024-08-09,8,165.0,165.0,0.45915,0.5144,2024-08-01 10:30:00-04:00,2024-08-01 15:30:00-04:00
TSM,2024-08-02,2024-08-09,7,149.0,149.0,0.66255,0.5800000000000001,2024-08-02 10:30:00-04:00,2024-08-02 15:30:00-04:00
UPRO,2018-01-25,2018-02-02,8,168.0,168.0,0.3248,0.31625000000000003,2018-01-25 09:30:00-05:00,2018-01-25 15:30:00-05:00
UPRO,2018-01-26,2018-02-02,7,168.5,168.5,0.32775,0.29745,2018-01-26 09:30:00-05:00,2018-01-26 15:30:00-05:00
UPRO,2018-01-29,2018-02-09,11,171.5,171.5,0.32445,0.32785,2018-01-29 09:30:00-05:00,2018-01-29 15:30:00-05:00
UPRO,2018-01-30,2018-02-09,10,164.5,164.5,0.43079999999999996,0.39149999999999996,2018-01-30 09:30:00-05:00,2018-01-30 15:30:00-05:00
UPRO,2018-01-31,2018-02-09,9,165.5,165.5,0.40045,0.35545,2018-01-31 09:30:00-05:00,2018-01-31 15:30:00-05:00
UPRO,2018-02-01,2018-02-09,8,162.5,162.5,0.3909,0.37145,2018-02-01 09:30:00-05:00,2018-02-01 15:30:00-05:00
UPRO,2018-02-02,2018-02-09,7,161.0,161.0,0.41069999999999995,0.4234,2018-02-02 09:30:00-05:00,2018-02-02 15:30:00-05:00
UPRO,2018-02-05,2018-02-16,11,149.0,149.0,0.5447,0.76615,2018-02-05 09:30:00-05:00,2018-02-05 15:30:00-05:00
UPST,2022-05-02,2022-05-13,11,74.0,74.0,1.99445,2.0061999999999998,2022-05-02 10:30:00-04:00,2022-05-02 15:30:00-04:00
UPST,2022-05-03,2022-05-13,10,83.0,83.0,2.0642,2.0370999999999997,2022-05-03 10:30:00-04:00,2022-05-03 15:30:00-04:00
UPST,2022-05-04,2022-05-13,9,85.0,85.0,2.1314,2.1087499999999997,2022-05-04 10:30:00-04:00,2022-05-04 15:30:00-04:00
UPST,2022-05-05,2022-05-13,8,91.0,91.0,2.16785,2.1906,2022-05-05 10:30:00-04:00,2022-05-05 15:30:00-04:00
UPST,2022-05-06,2022-05-13,7,89.0,89.0,2.459,2.33885,2022-05-06 10:30:00-04:00,2022-05-06 15:30:00-04:00
UPST,2022-05-09,2022-05-20,11,81.0,81.0,2.1254,2.0472,2022-05-09 10:30:00-04:00,2022-05-09 15:30:00-04:00
UPST,2022-05-10,2022-05-20,10,36.0,36.0,1.96955,1.7205,2022-05-10 10:30:00-04:00,2022-05-10 15:30:00-04:00
UPST,2022-05-11,2022-05-20,9,32.0,32.0,1.5527,1.7222,2022-05-11 10:30:00-04:00,2022-05-11 15:30:00-04:00
UPST,2025-03-26,2025-04-04,9,55.0,55.0,0.8017000000000001,0.79555,2025-03-26 10:30:00-04:00,2025-03-26 15:30:00-04:00
UPST,2025-03-27,2025-04-04,8,51.0,51.0,0.85885,0.8161,2025-03-27 10:30:00-04:00,2025-03-27 15:30:00-04:00
UPST,2025-03-28,2025-04-04,7,48.5,48.5,0.8664499999999999,0.8512,2025-03-28 10:30:00-04:00,2025-03-28 15:30:00-04:00
UPST,2025-03-31,2025-04-11,11,45.0,45.0,0.9438,0.8893,2025-03-31 10:30:00-04:00,2025-03-31 15:30:00-04:00
UPST,2025-04-01,2025-04-11,10,45.5,45.5,0.90865,0.8811,2025-04-01 10:30:00-04:00,2025-04-01 15:30:00-04:00
UPST,2025-04-02,2025-04-11,9,45.5,45.5,0.9133,0.9171,2025-04-02 10:30:00-04:00,2025-04-02 15:30:00-04:00
UPST,2025-04-03,2025-04-11,8,43.5,43.5,1.0829499999999999,1.0191,2025-04-03 10:30:00-04:00,2025-04-03 15:30:00-04:00
UPST,2025-04-04,2025-04-11,7,35.5,35.5,1.46105,1.3418,2025-04-04 10:30:00-04:00,2025-04-04 15:30:00-04:00
VERU,2022-04-22,2022-04-29,7,11.5,11.5,1.4268999999999998,1.46795,2022-04-22 10:30:00-04:00,2022-04-22 15:30:00-04:00
VERU,2022-04-25,2022-05-06,11,11.5,11.5,1.65725,1.9168500000000002,2022-04-25 10:30:00-04:00,2022-04-25 15:30:00-04:00
VERU,2022-04-26,2022-05-06,10,12.5,12.5,1.9604,1.8909500000000001,2022-04-26 10:30:00-04:00,2022-04-26 15:30:00-04:00
VERU,2022-04-27,2022-05-06,9,13.0,13.0,1.82295,1.8097500000000002,2022-04-27 10:30:00-04:00,2022-04-27 15:30:00-04:00
VERU,2022-04-28,2022-05-06,8,13.0,13.0,1.8723,1.7947,2022-04-28 10:30:00-04:00,2022-04-28 15:30:00-04:00
VERU,2022-04-29,2022-05-06,7,12.0,12.0,1.79465,1.7441,2022-04-29 10:30:00-04:00,2022-04-29 15:30:00-04:00
VERU,2022-05-02,2022-05-13,11,12.5,12.5,2.2138,2.12595,2022-05-02 10:30:00-04:00,2022-05-02 15:30:00-04:00
VERU,2022-05-03,2022-05-13,10,10.0,10.0,2.2094500000000004,2.1552,2022-05-03 10:30:00-04:00,2022-05-03 15:30:00-04:00
VFC,2025-03-26,2025-04-04,9,16.5,16.5,0.53905,0.5359,2025-03-26 10:30:00-04:00,2025-03-26 15:30:00-04:00
VFC,2025-03-27,2025-04-04,8,16.0,16.0,0.6265000000000001,0.5687,2025-03-27 10:30:00-04:00,2025-03-27 15:30:00-04:00
VFC,2025-03-28,2025-04-04,7,16.0,16.0,0.57885,0.55465,2025-03-28 10:30:00-04:00,2025-03-28 15:30:00-04:00
VFC,2025-03-31,2025-04-11,11,15.5,15.5,0.61795,0.6194500000000001,2025-03-31 10:30:00-04:00,2025-03-31 15:30:00-04:00
VFC,2025-04-01,2025-04-11,10,15.5,15.5,0.6632,0.6413500000000001,2025-04-01 10:30:00-04:00,2025-04-01 15:30:00-04:00
VFC,2025-04-02,2025-04-11,9,16.0,16.0,0.64215,0.6374500000000001,2025-04-02 10:30:00-04:00,2025-04-02 15:30:00-04:00
VFC,2025-04-03,2025-04-11,8,14.5,14.5,0.8937,1.43645,2025-04-03 10:30:00-04:00,2025-04-03 15:30:00-04:00
VFC,2025-04-04,2025-04-11,7,11.0,11.0,1.18905,1.3517000000000001,2025-04-04 10:30:00-04:00,2025-04-04 15:30:00-04:00
WAL,2023-03-01,2023-03-17,16,75.0,75.0,0.37095,0.371,2023-03-01 10:30:00-05:00,2023-03-01 15:30:00-05:00
WAL,2023-03-02,2023-03-17,15,75.0,75.0,0.3659,0.3664,2023-03-02 10:30:00-05:00,2023-03-02 15:30:00-05:00
WAL,2023-03-03,2023-03-17,14,75.0,75.0,0.2412,0.3272,2023-03-03 10:30:00-05:00,2023-03-03 15:30:00-05:00
WAL,2023-03-06,2023-03-17,11,75.0,75.0,0.37570000000000003,0.35245,2023-03-06 10:30:00-05:00,2023-03-06 15:30:00-05:00
WAL,2023-03-07,2023-03-17,10,75.0,75.0,0.38055,0.42110000000000003,2023-03-07 10:30:00-05:00,2023-03-07 15:30:00-05:00
WAL,2023-03-08,2023-03-17,9,70.0,70.0,0.40154999999999996,0.38935,2023-03-08 10:30:00-05:00,2023-03-08 15:30:00-05:00
WAL,2023-03-09,2023-03-17,8,65.0,65.0,0.51515,0.5558000000000001,2023-03-09 10:30:00-05:00,2023-03-09 15:30:00-05:00
WAL,2023-03-10,2023-03-17,7,50.0,50.0,1.9083,2.7181,2023-03-10 10:30:00-05:00,2023-03-10 14:30:00-05:00
WLL,2020-01-31,2020-02-07,7,4.5,4.5,1.0272999999999999,1.1023,2020-01-31 10:30:00-05:00,2020-01-31 15:30:00-05:00
WLL,2020-02-03,2020-02-14,11,4.5,4.5,1.1316,1.08355,2020-02-03 10:30:00-05:00,2020-02-03 15:30:00-05:00
WLL,2020-02-04,2020-02-14,10,4.5,4.5,1.0601,1.0203,2020-02-04 10:30:00-05:00,2020-02-04 15:30:00-05:00
WLL,2020-02-05,2020-02-14,9,4.5,4.5,1.0945,1.12615,2020-02-05 10:30:00-05:00,2020-02-05 15:30:00-05:00
WLL,2020-02-06,2020-02-14,8,4.5,4.5,1.1234,1.0765,2020-02-06 10:30:00-05:00,2020-02-06 15:30:00-05:00
WLL,2020-02-07,2020-02-14,7,4.5,4.5,1.1296499999999998,1.0765,2020-02-07 10:30:00-05:00,2020-02-07 15:30:00-05:00
WLL,2020-02-10,2020-02-21,11,4.0,4.0,1.1695,1.21365,2020-02-10 10:30:00-05:00,2020-02-10 15:30:00-05:00
WLL,2020-02-11,2020-02-21,10,4.0,4.0,1.4515,1.2355,2020-02-11 10:30:00-05:00,2020-02-11 15:30:00-05:00
XPEV,2020-11-19,2020-11-27,8,41.0,41.0,1.00285,1.07595,2020-11-19 10:30:00-05:00,2020-11-19 15:30:00-05:00
XPEV,2020-11-20,2020-11-27,7,50.0,50.0,1.4515,1.5137,2020-11-20 10:30:00-05:00,2020-11-20 15:30:00-05:00
XPEV,2020-11-23,2020-12-04,11,60.0,60.0,1.6743999999999999,1.9005999999999998,2020-11-23 10:30:00-05:00,2020-11-23 15:30:00-05:00
XPEV,2020-11-24,2020-12-04,10,65.0,65.0,1.9880499999999999,1.6998,2020-11-24 10:30:00-05:00,2020-11-24 15:30:00-05:00
XPEV,2020-11-25,2020-12-04,9,65.0,65.0,1.6141999999999999,1.3568500000000001,2020-11-25 10:30:00-05:00,2020-11-25 15:30:00-05:00
XPEV,2020-11-27,2020-12-04,7,67.0,67.0,1.46895,1.4858500000000001,2020-11-27 10:30:00-05:00,2020-11-27 15:30:00-05:00
XPEV,2020-11-30,2020-12-11,11,61.0,61.0,1.5734,1.4744000000000002,2020-11-30 10:30:00-05:00,2020-11-30 15:30:00-05:00
XPEV,2020-12-01,2020-12-11,10,61.0,61.0,1.5814,1.4741,2020-12-01 10:30:00-05:00,2020-12-01 15:30:00-05:00
