ticker,date,exp,dte,strike,spot,open_iv,close_iv,open_ts,close_ts
AAL,2023-01-11,2023-01-20,9,15.0,15.0,0.55775,0.54915,2023-01-11 10:30:00-05:00,2023-01-11 15:30:00-05:00
AAL,2023-01-09,2023-01-20,11,14.5,14.5,0.5242,0.5226,2023-01-09 10:30:00-05:00,2023-01-09 15:30:00-05:00
AAL,2023-01-06,2023-01-13,7,14.0,14.0,0.5019,0.50075,2023-01-06 10:30:00-05:00,2023-01-06 15:30:00-05:00
AAL,2023-01-12,2023-01-20,8,16.0,16.0,0.4982,0.50695,2023-01-12 10:30:00-05:00,2023-01-12 15:30:00-05:00
AAL,2023-01-10,2023-01-20,10,14.5,14.5,0.5631999999999999,0.5554,2023-01-10 10:30:00-05:00,2023-01-10 15:30:00-05:00
AAL,2023-01-13,2023-01-20,7,16.5,16.5,0.46185,0.44335,2023-01-13 10:30:00-05:00,2023-01-13 15:30:00-05:00
AAL,2023-01-17,2023-01-27,10,17.0,17.0,0.6078,0.5578000000000001,2023-01-17 10:30:00-05:00,2023-01-17 15:30:00-05:00
AI,2023-06-07,2023-06-16,9,38.5,38.5,1.30555,1.2799,2023-06-07 10:30:00-04:00,2023-06-07 15:30:00-04:00
AI,2023-06-06,2023-06-16,10,35.0,35.0,1.2741500000000001,1.24845,2023-06-06 10:30:00-04:00,2023-06-06 15:30:00-04:00
AI,2023-06-08,2023-06-16,8,36.0,36.0,1.2095,1.0829499999999999,2023-06-08 10:30:00-04:00,2023-06-08 15:30:00-04:00
AI,2023-06-12,2023-06-23,11,37.0,37.0,1.16815,1.1848999999999998,2023-06-12 10:30:00-04:00,2023-06-12 15:30:00-04:00
AI,2023-06-09,2023-06-16,7,38.0,38.0,1.1709,1.1231499999999999,2023-06-09 10:30:00-04:00,2023-06-09 15:30:00-04:00
AAL,2023-01-05,2023-01-13,8,13.5,13.5,0.53515,0.5195000000000001,2023-01-05 10:30:00-05:00,2023-01-05 15:30:00-05:00
AI,2023-06-14,2023-06-23,9,41.0,41.0,1.2885,1.19415,2023-06-14 10:30:00-04:00,2023-06-14 15:30:00-04:00
AI,2023-06-13,2023-06-23,10,38.0,38.0,1.1873,1.2355,2023-06-13 10:30:00-04:00,2023-06-13 15:30:00-04:00
AI,2023-06-15,2023-06-23,8,41.5,41.5,1.45835,1.2468,2023-06-15 10:30:00-04:00,2023-06-15 15:30:00-04:00
AMC,2021-01-15,2021-01-22,7,2.0,2.0,1.6703000000000001,2.3046,2021-01-15 10:30:00-05:00,2021-01-15 15:30:00-05:00
AMC,2021-01-19,2021-01-29,10,2.5,2.5,2.4218,2.1464,2021-01-19 10:30:00-05:00,2021-01-19 15:30:00-05:00
AMC,2021-01-20,2021-01-29,9,3.0,3.0,2.1054000000000004,2.0937,2021-01-20 10:30:00-05:00,2021-01-20 15:30:00-05:00
AMC,2021-01-22,2021-01-29,7,3.0,3.0,1.64295,2.6035,2021-01-22 10:30:00-05:00,2021-01-22 15:30:00-05:00
AMC,2021-01-21,2021-01-29,8,3.0,3.0,1.8117,1.58825,2021-01-21 10:30:00-05:00,2021-01-21 15:30:00-05:00
AMC,2021-01-25,2021-02-05,11,4.5,4.5,4.302300000000001,3.8482,2021-01-25 10:30:00-05:00,2021-01-25 15:30:00-05:00
AMC,2021-01-14,2021-01-22,8,2.0,2.0,1.46245,1.4843000000000002,2021-01-14 10:30:00-05:00,2021-01-14 15:30:00-05:00
AMC,2021-05-21,2021-05-28,7,12.5,12.5,1.43645,1.30935,2021-05-21 10:30:00-04:00,2021-05-21 15:30:00-04:00
AMC,2021-01-26,2021-02-05,10,5.0,5.0,3.66655,3.8148999999999997,2021-01-26 10:30:00-05:00,2021-01-26 15:30:00-05:00
AMC,2021-05-24,2021-06-04,11,12.5,12.5,1.3052,1.2854,2021-05-24 10:30:00-04:00,2021-05-24 15:30:00-04:00
AMC,2021-05-25,2021-06-04,10,14.0,14.0,1.6121500000000002,1.6074000000000002,2021-05-25 10:30:00-04:00,2021-05-25 15:30:00-04:00
AMC,2021-05-26,2021-06-04,9,18.0,18.0,2.85175,2.63565,2021-05-26 10:30:00-04:00,2021-05-26 15:30:00-04:00
AMC,2021-05-27,2021-06-04,8,18.0,18.0,2.93745,3.42375,2021-05-27 10:30:00-04:00,2021-05-27 15:30:00-04:00
AMC,2021-05-28,2021-06-04,7,35.0,35.0,4.809749999999999,3.7074499999999997,2021-05-28 10:30:00-04:00,2021-05-28 15:30:00-04:00
AMC,2021-06-01,2021-06-11,10,30.0,30.0,3.19195,2.8653000000000004,2021-06-01 10:30:00-04:00,2021-06-01 15:30:00-04:00
AMC,2021-06-02,2021-06-11,9,37.0,37.0,3.66695,5.05005,2021-06-02 10:30:00-04:00,2021-06-02 15:30:00-04:00
AMC,2022-03-17,2022-03-25,8,15.0,15.0,1.10835,1.0484,2022-03-17 10:30:00-04:00,2022-03-17 15:30:00-04:00
AMC,2022-03-21,2022-04-01,11,16.0,16.0,1.02965,1.00855,2022-03-21 10:30:00-04:00,2022-03-21 15:30:00-04:00
AMC,2022-03-18,2022-03-25,7,15.0,15.0,0.9804,1.0085,2022-03-18 10:30:00-04:00,2022-03-18 15:30:00-04:00
AMC,2022-03-22,2022-04-01,10,16.0,16.0,0.9652000000000001,1.2109,2022-03-22 10:30:00-04:00,2022-03-22 15:30:00-04:00
AMC,2022-03-23,2022-04-01,9,18.5,18.5,1.6053000000000002,1.5725,2022-03-23 10:30:00-04:00,2022-03-23 15:30:00-04:00
AMC,2022-03-24,2022-04-01,8,20.0,20.0,1.5458500000000002,1.3729,2022-03-24 10:30:00-04:00,2022-03-24 15:30:00-04:00
AMC,2022-03-25,2022-04-01,7,20.0,20.0,1.4925,1.4119,2022-03-25 10:30:00-04:00,2022-03-25 15:30:00-04:00
AMC,2022-03-28,2022-04-08,11,21.0,21.0,1.5991499999999998,2.0666,2022-03-28 10:30:00-04:00,2022-03-28 15:30:00-04:00
AMD,2018-08-23,2018-08-31,8,21.5,21.5,0.45015,0.4702,2018-08-23 09:30:00-04:00,2018-08-23 15:30:00-04:00
AMD,2018-08-27,2018-09-07,11,25.0,25.0,0.6132,0.6769000000000001,2018-08-27 09:30:00-04:00,2018-08-27 15:30:00-04:00
AMD,2018-08-24,2018-08-31,7,23.5,23.5,0.5318,0.5327500000000001,2018-08-24 09:30:00-04:00,2018-08-24 15:30:00-04:00
AMD,2018-08-28,2018-09-07,10,26.0,26.0,0.6761,0.6507499999999999,2018-08-28 09:30:00-04:00,2018-08-28 15:30:00-04:00
AMD,2018-08-29,2018-09-07,9,24.5,24.5,0.58745,0.5741499999999999,2018-08-29 09:30:00-04:00,2018-08-29 15:30:00-04:00
AMC,2021-01-27,2021-02-05,9,5.5,5.5,6.750299999999999,7.7566500000000005,2021-01-27 10:30:00-05:00,2021-01-27 15:30:00-05:00
AMD,2018-08-30,2018-09-07,8,25.5,25.5,0.59055,0.5488,2018-08-30 09:30:00-04:00,2018-08-30 15:30:00-04:00
AMD,2018-08-31,2018-09-07,7,25.0,25.0,0.5214,0.4628,2018-08-31 09:30:00-04:00,2018-08-31 15:30:00-04:00
AMD,2018-09-04,2018-09-14,10,26.0,26.0,0.58085,0.72905,2018-09-04 09:30:00-04:00,2018-09-04 15:30:00-04:00
AMD,2024-01-05,2024-01-12,7,138.0,138.0,0.37375,0.35495,2024-01-05 10:30:00-05:00,2024-01-05 15:30:00-05:00
AMD,2024-01-08,2024-01-19,11,142.0,142.0,0.3752,0.36605,2024-01-08 10:30:00-05:00,2024-01-08 15:30:00-05:00
AMD,2024-01-09,2024-01-19,10,146.0,146.0,0.3776,0.3607,2024-01-09 10:30:00-05:00,2024-01-09 15:30:00-05:00
AMD,2024-01-10,2024-01-19,9,149.0,149.0,0.36595,0.35514999999999997,2024-01-10 10:30:00-05:00,2024-01-10 15:30:00-05:00
AMD,2024-01-11,2024-01-19,8,149.0,149.0,0.36225,0.33665,2024-01-11 10:30:00-05:00,2024-01-11 15:30:00-05:00
AMD,2024-01-12,2024-01-19,7,148.0,148.0,0.3498,0.3216,2024-01-12 10:30:00-05:00,2024-01-12 15:30:00-05:00
AMD,2024-01-16,2024-01-26,10,152.5,152.5,0.42155,0.41805000000000003,2024-01-16 10:30:00-05:00,2024-01-16 15:30:00-05:00
AMD,2024-01-19,2024-01-26,7,165.0,165.0,0.435,0.4213,2024-01-19 10:30:00-05:00,2024-01-19 15:30:00-05:00
AMD,2024-01-22,2024-02-02,11,172.5,172.5,0.69285,0.6737,2024-01-22 10:30:00-05:00,2024-01-22 15:30:00-05:00
AMD,2024-01-23,2024-02-02,10,165.0,165.0,0.6786,0.6608,2024-01-23 10:30:00-05:00,2024-01-23 15:30:00-05:00
AMD,2024-01-24,2024-02-02,9,172.5,172.5,0.70005,0.70575,2024-01-24 10:30:00-05:00,2024-01-24 15:30:00-05:00
ARM,2024-04-05,2024-04-12,7,122.0,122.0,0.5968,0.5116499999999999,2024-04-05 10:30:00-04:00,2024-04-05 15:30:00-04:00
ARM,2024-04-08,2024-04-19,11,125.0,125.0,0.5428,0.57345,2024-04-08 10:30:00-04:00,2024-04-08 15:30:00-04:00
AMD,2024-01-17,2024-01-26,9,157.5,157.5,0.45015,0.44755,2024-01-17 10:30:00-05:00,2024-01-17 15:30:00-05:00
ARM,2024-04-09,2024-04-19,10,133.0,133.0,0.6186,0.56835,2024-04-09 10:30:00-04:00,2024-04-09 15:30:00-04:00
AMD,2024-01-18,2024-01-26,8,165.0,165.0,0.44805,0.43220000000000003,2024-01-18 10:30:00-05:00,2024-01-18 15:30:00-05:00
ARM,2024-04-11,2024-04-19,8,127.0,127.0,0.53415,0.52875,2024-04-11 10:30:00-04:00,2024-04-11 15:30:00-04:00
ARM,2024-04-12,2024-04-19,7,130.0,130.0,0.55045,0.55795,2024-04-12 10:30:00-04:00,2024-04-12 15:30:00-04:00
AVGO,2023-05-17,2023-05-26,9,650.0,650.0,0.24109999999999998,0.24380000000000002,2023-05-17 10:30:00-04:00,2023-05-17 15:30:00-04:00
AVGO,2023-05-18,2023-05-26,8,660.0,660.0,0.24559999999999998,0.2485,2023-05-18 10:30:00-04:00,2023-05-18 15:30:00-04:00
ARM,2024-04-15,2024-04-26,11,125.0,125.0,0.57125,0.58335,2024-04-15 10:30:00-04:00,2024-04-15 15:30:00-04:00
AVGO,2023-05-19,2023-05-26,7,680.0,680.0,0.24225,0.23404999999999998,2023-05-19 10:30:00-04:00,2023-05-19 15:30:00-04:00
ARM,2024-04-10,2024-04-19,9,125.0,125.0,0.5605,0.5237499999999999,2024-04-10 10:30:00-04:00,2024-04-10 15:30:00-04:00
AVGO,2023-05-22,2023-06-02,11,685.0,685.0,0.36765000000000003,0.35405,2023-05-22 10:30:00-04:00,2023-05-22 15:30:00-04:00
ARM,2024-04-16,2024-04-26,10,123.0,123.0,0.5827,0.5567500000000001,2024-04-16 10:30:00-04:00,2024-04-16 15:30:00-04:00
AVGO,2023-05-23,2023-06-02,10,700.0,700.0,0.38005,0.3766,2023-05-23 10:30:00-04:00,2023-05-23 15:30:00-04:00
AVGO,2023-05-24,2023-06-02,9,680.0,680.0,0.4118,0.40145,2023-05-24 10:30:00-04:00,2023-05-24 15:30:00-04:00
AVGO,2024-06-07,2024-06-14,7,1402.5,1402.5,0.6177999999999999,0.5949,2024-06-07 10:30:00-04:00,2024-06-07 15:30:00-04:00
AVGO,2023-05-26,2023-06-02,7,755.0,755.0,0.63595,0.76555,2023-05-26 10:30:00-04:00,2023-05-26 15:30:00-04:00
AVGO,2024-06-10,2024-06-21,11,1430.0,1430.0,0.54525,0.5259,2024-06-10 10:30:00-04:00,2024-06-10 15:30:00-04:00
AVGO,2024-06-11,2024-06-21,10,1435.0,1435.0,0.5302,0.5095000000000001,2024-06-11 10:30:00-04:00,2024-06-11 15:30:00-04:00
AVGO,2024-06-13,2024-06-21,8,1710.0,1710.0,0.44610000000000005,0.40055,2024-06-13 10:30:00-04:00,2024-06-13 15:30:00-04:00
AVGO,2024-06-17,2024-06-28,11,1780.0,1780.0,0.547,0.49135,2024-06-17 10:30:00-04:00,2024-06-17 15:30:00-04:00
AVGO,2024-06-14,2024-06-21,7,1700.0,1700.0,0.4139,0.42005000000000003,2024-06-14 10:30:00-04:00,2024-06-14 15:30:00-04:00
AVGO,2024-06-18,2024-06-28,10,1820.0,1820.0,0.56025,0.53125,2024-06-18 10:30:00-04:00,2024-06-18 15:30:00-04:00
AVGO,2023-05-25,2023-06-02,8,695.0,695.0,0.4264,0.48265,2023-05-25 10:30:00-04:00,2023-05-25 15:30:00-04:00
BB,2021-05-24,2021-06-04,11,8.5,8.5,0.5531,0.4658,2021-05-24 10:30:00-04:00,2021-05-24 15:30:00-04:00
BB,2021-05-25,2021-06-04,10,8.5,8.5,0.5078,0.6171,2021-05-25 10:30:00-04:00,2021-05-25 15:30:00-04:00
BB,2021-05-26,2021-06-04,9,9.0,9.0,0.8562000000000001,0.8562000000000001,2021-05-26 10:30:00-04:00,2021-05-26 15:30:00-04:00
AVGO,2024-06-12,2024-06-21,9,1500.0,1500.0,0.569,0.58645,2024-06-12 10:30:00-04:00,2024-06-12 15:30:00-04:00
BB,2021-05-21,2021-05-28,7,8.5,8.5,0.5812,0.54525,2021-05-21 10:30:00-04:00,2021-05-21 15:30:00-04:00
BB,2021-05-28,2021-06-04,7,11.0,11.0,2.01755,1.44875,2021-05-28 10:30:00-04:00,2021-05-28 15:30:00-04:00
BBBY,2021-01-12,2021-01-22,10,20.5,20.5,0.6917500000000001,0.6937,2021-01-12 10:30:00-05:00,2021-01-12 15:30:00-05:00
BB,2021-06-02,2021-06-11,9,13.0,13.0,2.8166,3.6363,2021-06-02 10:30:00-04:00,2021-06-02 15:30:00-04:00
BBBY,2021-01-14,2021-01-22,8,24.0,24.0,0.8955,0.94935,2021-01-14 10:30:00-05:00,2021-01-14 15:30:00-05:00
BBBY,2021-01-13,2021-01-22,9,21.5,21.5,0.7226,0.6953,2021-01-13 10:30:00-05:00,2021-01-13 15:30:00-05:00
BB,2021-05-27,2021-06-04,8,9.5,9.5,1.18765,1.25055,2021-05-27 10:30:00-04:00,2021-05-27 15:30:00-04:00
BBBY,2021-01-19,2021-01-29,10,26.0,26.0,0.89895,0.8773,2021-01-19 10:30:00-05:00,2021-01-19 15:30:00-05:00
BBBY,2021-01-20,2021-01-29,9,26.0,26.0,0.8315999999999999,0.7853,2021-01-20 10:30:00-05:00,2021-01-20 15:30:00-05:00
BB,2021-06-01,2021-06-11,10,11.0,11.0,1.70855,1.87125,2021-06-01 10:30:00-04:00,2021-06-01 15:30:00-04:00
BBBY,2021-01-21,2021-01-29,8,25.0,25.0,0.8925,0.8304,2021-01-21 10:30:00-05:00,2021-01-21 15:30:00-05:00
BBBY,2021-01-22,2021-01-29,7,26.5,26.5,0.77005,1.02495,2021-01-22 10:30:00-05:00,2021-01-22 15:30:00-05:00
BBBY,2021-01-25,2021-02-05,11,39.0,39.0,2.9631,2.0424499999999997,2021-01-25 10:30:00-05:00,2021-01-25 15:30:00-05:00
BBBY,2021-05-21,2021-05-28,7,24.0,24.0,0.5734,0.5367,2021-05-21 10:30:00-04:00,2021-05-21 15:30:00-04:00
BBBY,2021-01-27,2021-02-05,9,48.0,48.0,3.4758,4.04875,2021-01-27 10:30:00-05:00,2021-01-27 15:30:00-05:00
BBBY,2021-01-26,2021-02-05,10,30.0,30.0,1.86985,2.0318,2021-01-26 10:30:00-05:00,2021-01-26 15:30:00-05:00
BBBY,2021-05-24,2021-06-04,11,24.0,24.0,0.5359,0.5265,2021-05-24 10:30:00-04:00,2021-05-24 15:30:00-04:00
BBBY,2021-01-15,2021-01-22,7,27.0,27.0,0.8287,0.7156,2021-01-15 10:30:00-05:00,2021-01-15 15:30:00-05:00
BBBY,2021-05-26,2021-06-04,9,24.0,24.0,0.56015,0.62885,2021-05-26 10:30:00-04:00,2021-05-26 15:30:00-04:00
BBBY,2021-05-25,2021-06-04,10,24.0,24.0,0.53355,0.5499499999999999,2021-05-25 10:30:00-04:00,2021-05-25 15:30:00-04:00
BBBY,2021-05-28,2021-06-04,7,28.5,28.5,0.94645,0.8035,2021-05-28 10:30:00-04:00,2021-05-28 15:30:00-04:00
BBBY,2021-05-27,2021-06-04,8,26.5,26.5,0.68745,0.7355,2021-05-27 10:30:00-04:00,2021-05-27 15:30:00-04:00
BBBY,2021-06-01,2021-06-11,10,29.0,29.0,0.9353,0.8444499999999999,2021-06-01 10:30:00-04:00,2021-06-01 15:30:00-04:00
BBBY,2021-06-02,2021-06-11,9,27.5,27.5,0.9933,2.42545,2021-06-02 10:30:00-04:00,2021-06-02 15:30:00-04:00
BBBY,2022-02-23,2022-03-04,9,14.0,14.0,0.97575,0.9359,2022-02-23 10:30:00-05:00,2022-02-23 15:30:00-05:00
BBBY,2022-02-24,2022-03-04,8,13.0,13.0,1.0636,1.04135,2022-02-24 10:30:00-05:00,2022-02-24 15:30:00-05:00
BBBY,2022-02-28,2022-03-11,11,16.0,16.0,1.0513,1.00325,2022-02-28 10:30:00-05:00,2022-02-28 15:30:00-05:00
BBBY,2022-02-25,2022-03-04,7,15.5,15.5,1.0742,0.9440999999999999,2022-02-25 10:30:00-05:00,2022-02-25 15:30:00-05:00
BBBY,2022-03-02,2022-03-11,9,17.0,17.0,1.0676999999999999,1.00155,2022-03-02 10:30:00-05:00,2022-03-02 15:30:00-05:00
BE,2026-04-20,2026-05-01,11,207.5,207.5,1.35135,1.3883,2026-04-20 10:30:00-04:00,2026-04-20 15:30:00-04:00
BBBY,2022-03-04,2022-03-11,7,16.5,16.5,1.1048,0.9757,2022-03-04 10:30:00-05:00,2022-03-04 15:30:00-05:00
BE,2026-04-21,2026-05-01,10,225.0,225.0,1.4426,1.47615,2026-04-21 10:30:00-04:00,2026-04-21 15:30:00-04:00
BBBY,2022-03-01,2022-03-11,10,17.0,17.0,1.03195,1.0478,2022-03-01 10:30:00-05:00,2022-03-01 15:30:00-05:00
BE,2026-04-22,2026-05-01,9,232.5,232.5,1.5074,1.4839,2026-04-22 10:30:00-04:00,2026-04-22 15:30:00-04:00
BBBY,2022-03-03,2022-03-11,8,17.5,17.5,1.04425,1.0226,2022-03-03 10:30:00-05:00,2022-03-03 15:30:00-05:00
BE,2026-04-23,2026-05-01,8,232.5,232.5,1.5025,1.50105,2026-04-23 10:30:00-04:00,2026-04-23 15:30:00-04:00
BE,2026-04-27,2026-05-08,11,235.0,235.0,1.427,1.4083,2026-04-27 10:30:00-04:00,2026-04-27 15:30:00-04:00
BE,2026-04-24,2026-05-01,7,240.0,240.0,1.57335,1.53365,2026-04-24 10:30:00-04:00,2026-04-24 15:30:00-04:00
BE,2026-04-28,2026-05-08,10,225.0,225.0,1.4798,1.4372500000000001,2026-04-28 10:30:00-04:00,2026-04-28 15:30:00-04:00
BE,2026-04-29,2026-05-08,9,285.0,285.0,1.1608999999999998,1.1301,2026-04-29 10:30:00-04:00,2026-04-29 15:30:00-04:00
BEKE,2024-09-19,2024-09-27,8,15.0,15.0,0.4355,0.44430000000000003,2024-09-19 10:30:00-04:00,2024-09-19 15:30:00-04:00
BEKE,2024-09-23,2024-10-04,11,14.5,14.5,0.45794999999999997,0.4511,2024-09-23 10:30:00-04:00,2024-09-23 15:30:00-04:00
BEKE,2024-09-24,2024-10-04,10,16.5,16.5,0.5101,0.5195000000000001,2024-09-24 10:30:00-04:00,2024-09-24 15:30:00-04:00
BEKE,2024-09-25,2024-10-04,9,16.0,16.0,0.4976,0.5205,2024-09-25 10:30:00-04:00,2024-09-25 15:30:00-04:00
BEKE,2024-09-18,2024-09-27,9,14.0,14.0,0.44820000000000004,0.41300000000000003,2024-09-18 10:30:00-04:00,2024-09-18 15:30:00-04:00
BEKE,2024-09-20,2024-09-27,7,15.0,15.0,0.42865,0.42669999999999997,2024-09-20 10:30:00-04:00,2024-09-20 15:30:00-04:00
BILI,2022-11-22,2022-12-02,10,13.0,13.0,1.5246499999999998,1.5294,2022-11-22 10:30:00-05:00,2022-11-22 15:30:00-05:00
BILI,2022-11-23,2022-12-02,9,13.5,13.5,1.52325,1.4898,2022-11-23 10:30:00-05:00,2022-11-23 15:30:00-05:00
BEKE,2024-09-26,2024-10-04,8,19.5,19.5,0.6656,0.7162,2024-09-26 10:30:00-04:00,2024-09-26 15:30:00-04:00
BEKE,2024-09-27,2024-10-04,7,19.5,19.5,0.6796,0.62025,2024-09-27 10:30:00-04:00,2024-09-27 15:30:00-04:00
BILI,2022-11-28,2022-12-09,11,12.5,12.5,1.33255,1.2847,2022-11-28 10:30:00-05:00,2022-11-28 15:30:00-05:00
BILI,2022-12-01,2022-12-09,8,16.5,16.5,1.0777,1.17395,2022-12-01 10:30:00-05:00,2022-12-01 15:30:00-05:00
BILI,2022-11-30,2022-12-09,9,16.5,16.5,1.29155,1.1602999999999999,2022-11-30 10:30:00-05:00,2022-11-30 15:30:00-05:00
BILI,2022-11-29,2022-12-09,10,14.5,14.5,1.2149999999999999,1.15755,2022-11-29 10:30:00-05:00,2022-11-29 15:30:00-05:00
BILI,2022-11-25,2022-12-02,7,13.0,13.0,1.4433,1.3818000000000001,2022-11-25 10:30:00-05:00,2022-11-25 15:30:00-05:00
BITO,2023-12-20,2023-12-29,9,22.0,22.0,0.5499499999999999,0.5421,2023-12-20 10:30:00-05:00,2023-12-20 15:30:00-05:00
BITO,2023-12-22,2023-12-29,7,21.0,21.0,0.49360000000000004,0.47555000000000003,2023-12-22 10:30:00-05:00,2023-12-22 15:30:00-05:00
BILI,2022-12-02,2022-12-09,7,17.0,17.0,1.2615,1.25875,2022-12-02 10:30:00-05:00,2022-12-02 15:30:00-05:00
BITO,2023-12-18,2023-12-29,11,21.0,21.0,0.5568,0.53365,2023-12-18 10:30:00-05:00,2023-12-18 15:30:00-05:00
BITO,2023-12-21,2023-12-29,8,22.0,22.0,0.53515,0.51715,2023-12-21 10:30:00-05:00,2023-12-21 15:30:00-05:00
BITO,2023-12-19,2023-12-29,10,21.0,21.0,0.5343,0.5273,2023-12-19 10:30:00-05:00,2023-12-19 15:30:00-05:00
BITO,2023-12-27,2024-01-05,9,21.0,21.0,0.5702499999999999,0.5726,2023-12-27 10:30:00-05:00,2023-12-27 15:30:00-05:00
BITO,2023-12-26,2024-01-05,10,21.0,21.0,0.5421,0.564,2023-12-26 10:30:00-05:00,2023-12-26 15:30:00-05:00
BITO,2023-12-28,2024-01-05,8,21.0,21.0,0.57655,0.5726,2023-12-28 10:30:00-05:00,2023-12-28 15:30:00-05:00
BLNK,2020-11-12,2020-11-20,8,10.0,10.0,1.42145,1.5267,2020-11-12 10:30:00-05:00,2020-11-12 15:30:00-05:00
BLNK,2020-11-13,2020-11-20,7,10.0,10.0,1.2273,1.1576,2020-11-13 10:30:00-05:00,2020-11-13 15:30:00-05:00
BLNK,2020-11-18,2020-12-18,30,12.5,12.5,1.22125,1.26215,2020-11-18 10:30:00-05:00,2020-11-18 15:30:00-05:00
BLNK,2020-11-20,2020-12-18,28,20.0,20.0,1.9307500000000002,1.86075,2020-11-20 10:30:00-05:00,2020-11-20 15:30:00-05:00
BLNK,2020-11-16,2020-12-18,32,10.0,10.0,1.12165,1.2062,2020-11-16 10:30:00-05:00,2020-11-16 15:30:00-05:00
BLNK,2020-12-15,2020-12-24,9,26.0,26.0,1.36165,1.23345,2020-12-15 10:30:00-05:00,2020-12-15 15:30:00-05:00
BLNK,2020-12-16,2020-12-24,8,29.5,29.5,1.2707,1.31755,2020-12-16 10:30:00-05:00,2020-12-16 15:30:00-05:00
BLNK,2020-12-17,2020-12-24,7,30.5,30.5,1.31305,1.4303499999999998,2020-12-17 10:30:00-05:00,2020-12-17 15:30:00-05:00
BLNK,2020-11-17,2020-12-18,31,12.5,12.5,1.25475,1.24125,2020-11-17 10:30:00-05:00,2020-11-17 15:30:00-05:00
BLNK,2020-12-18,2020-12-24,6,34.0,34.0,1.5308000000000002,1.4316499999999999,2020-12-18 10:30:00-05:00,2020-12-18 15:30:00-05:00
BLNK,2020-12-23,2020-12-31,8,44.0,44.0,1.57765,1.4337,2020-12-23 10:30:00-05:00,2020-12-23 15:30:00-05:00
BLNK,2020-12-22,2020-12-31,9,40.0,40.0,1.4631500000000002,1.5194999999999999,2020-12-22 10:30:00-05:00,2020-12-22 15:30:00-05:00
BLNK,2020-12-24,2020-12-31,7,46.0,46.0,1.6508,1.50245,2020-12-24 10:30:00-05:00,2020-12-24 15:30:00-05:00
BYND,2025-10-10,2025-10-17,7,1.5,1.5,8.7441,5.32105,2025-10-10 10:30:00-04:00,2025-10-10 15:30:00-04:00
BLNK,2020-12-21,2020-12-31,10,37.0,37.0,1.55165,1.3551,2020-12-21 10:30:00-05:00,2020-12-21 15:30:00-05:00
BYND,2025-10-14,2025-10-24,10,0.5,0.5,3.7304,4.0843,2025-10-14 10:30:00-04:00,2025-10-14 15:30:00-04:00
BYND,2025-10-13,2025-10-24,11,1.0,1.0,3.4139999999999997,3.6601500000000002,2025-10-13 10:30:00-04:00,2025-10-13 15:30:00-04:00
BYND,2025-10-15,2025-10-24,9,0.5,0.5,3.6484,2.8968499999999997,2025-10-15 10:30:00-04:00,2025-10-15 15:30:00-04:00
BYND,2025-10-16,2025-10-24,8,0.5,0.5,2.49215,3.6234,2025-10-16 10:30:00-04:00,2025-10-16 15:30:00-04:00
BYND,2025-10-17,2025-10-24,7,0.5,0.5,3.8663499999999997,3.17185,2025-10-17 10:30:00-04:00,2025-10-17 15:30:00-04:00
BYND,2025-10-20,2025-10-31,11,1.0,1.0,4.2054,4.48395,2025-10-20 10:30:00-04:00,2025-10-20 15:30:00-04:00
BYND,2025-10-21,2025-10-31,10,2.5,2.5,5.45875,5.81595,2025-10-21 10:30:00-04:00,2025-10-21 15:30:00-04:00
CAR,2026-04-10,2026-04-17,7,290.0,290.0,1.9078,1.7501,2026-04-10 10:30:00-04:00,2026-04-10 15:30:00-04:00
CAR,2026-04-15,2026-04-24,9,385.0,385.0,2.2802499999999997,2.1119,2026-04-15 10:30:00-04:00,2026-04-15 15:30:00-04:00
CAR,2026-04-14,2026-04-24,10,342.5,342.5,2.10335,2.27575,2026-04-14 10:30:00-04:00,2026-04-14 15:30:00-04:00
CAR,2026-04-13,2026-04-24,11,295.0,295.0,1.8660999999999999,2.0479,2026-04-13 10:30:00-04:00,2026-04-13 15:30:00-04:00
CAR,2026-04-16,2026-04-24,8,405.0,405.0,2.09125,2.1340000000000003,2026-04-16 10:30:00-04:00,2026-04-16 15:30:00-04:00
CAR,2026-04-17,2026-04-24,7,437.5,437.5,2.04535,1.93845,2026-04-17 10:30:00-04:00,2026-04-17 15:30:00-04:00
CAR,2026-04-20,2026-05-01,11,507.5,507.5,2.1257,2.45215,2026-04-20 10:30:00-04:00,2026-04-20 15:30:00-04:00
BLNK,2020-11-19,2020-12-18,29,15.0,15.0,1.3223,1.4481,2020-11-19 10:30:00-05:00,2020-11-19 15:30:00-05:00
CCIV,2021-01-13,2021-02-19,37,17.5,17.5,1.4809,1.7991000000000001,2021-01-13 10:30:00-05:00,2021-01-13 15:30:00-05:00
CCIV,2021-01-14,2021-02-19,36,20.0,20.0,2.01935,1.9201000000000001,2021-01-14 10:30:00-05:00,2021-01-14 15:30:00-05:00
CCIV,2021-01-19,2021-02-19,31,17.5,17.5,1.69485,1.47275,2021-01-19 10:30:00-05:00,2021-01-19 15:30:00-05:00
BLNK,2020-11-23,2020-12-18,25,25.0,25.0,2.2541,2.02625,2020-11-23 10:30:00-05:00,2020-11-23 15:30:00-05:00
CCIV,2021-01-15,2021-02-19,35,17.5,17.5,1.60805,1.77145,2021-01-15 10:30:00-05:00,2021-01-15 15:30:00-05:00
CCIV,2021-01-21,2021-02-19,29,17.5,17.5,1.4064,1.37975,2021-01-21 10:30:00-05:00,2021-01-21 15:30:00-05:00
CCIV,2021-01-20,2021-02-19,30,17.5,17.5,1.4416000000000002,1.4104999999999999,2021-01-20 10:30:00-05:00,2021-01-20 15:30:00-05:00
CCIV,2021-02-09,2021-02-19,10,30.0,30.0,2.23575,2.21565,2021-02-09 10:30:00-05:00,2021-02-09 15:30:00-05:00
CCIV,2021-02-08,2021-02-19,11,35.0,35.0,2.5473999999999997,2.4804000000000004,2021-02-08 10:30:00-05:00,2021-02-08 15:30:00-05:00
CCIV,2021-01-22,2021-02-19,28,17.5,17.5,1.53625,1.71605,2021-01-22 10:30:00-05:00,2021-01-22 15:30:00-05:00
CCIV,2021-02-11,2021-02-19,8,30.0,30.0,2.0871,2.02745,2021-02-11 10:30:00-05:00,2021-02-11 15:30:00-05:00
CCIV,2021-02-10,2021-02-19,9,30.0,30.0,2.2398,2.1468,2021-02-10 10:30:00-05:00,2021-02-10 15:30:00-05:00
CCIV,2021-02-12,2021-02-19,7,35.0,35.0,2.3021000000000003,2.0987999999999998,2021-02-12 10:30:00-05:00,2021-02-12 15:30:00-05:00
CLOV,2021-05-27,2021-06-18,22,7.0,7.0,0.7601,1.0402,2021-05-27 10:30:00-04:00,2021-05-27 15:30:00-04:00
CLOV,2021-05-28,2021-06-18,21,8.0,8.0,1.08005,0.9863,2021-05-28 10:30:00-04:00,2021-05-28 15:30:00-04:00
CCIV,2021-02-16,2021-03-19,31,35.0,35.0,2.5557,2.3261000000000003,2021-02-16 10:30:00-05:00,2021-02-16 15:30:00-05:00
CCIV,2021-02-18,2021-03-19,29,55.0,55.0,2.78125,2.8018,2021-02-18 10:30:00-05:00,2021-02-18 15:30:00-05:00
CCIV,2021-02-17,2021-03-19,30,55.0,55.0,2.56845,2.6102499999999997,2021-02-17 10:30:00-05:00,2021-02-17 15:30:00-05:00
CLOV,2021-06-01,2021-06-18,17,8.0,8.0,1.0378,1.0518999999999998,2021-06-01 10:30:00-04:00,2021-06-01 15:30:00-04:00
CLOV,2021-06-02,2021-06-18,16,8.0,8.0,1.03315,1.15485,2021-06-02 10:30:00-04:00,2021-06-02 15:30:00-04:00
CLOV,2021-06-03,2021-06-18,15,10.0,10.0,1.4789,1.4173,2021-06-03 10:30:00-04:00,2021-06-03 15:30:00-04:00
CLOV,2021-06-04,2021-06-18,14,9.0,9.0,1.24505,1.16715,2021-06-04 10:30:00-04:00,2021-06-04 15:30:00-04:00
CLOV,2021-06-08,2021-06-18,10,17.0,17.0,3.6347500000000004,3.1279,2021-06-08 10:30:00-04:00,2021-06-08 15:30:00-04:00
COIN,2022-07-25,2022-08-05,11,68.0,68.0,1.27155,1.17635,2022-07-25 10:30:00-04:00,2022-07-25 15:30:00-04:00
COIN,2022-07-26,2022-08-05,10,62.0,62.0,1.22525,1.32575,2022-07-26 10:30:00-04:00,2022-07-26 15:30:00-04:00
COIN,2022-07-27,2022-08-05,9,53.5,53.5,1.35325,1.2799,2022-07-27 10:30:00-04:00,2022-07-27 15:30:00-04:00
CLOV,2021-06-07,2021-06-18,11,10.0,10.0,1.457,1.807,2021-06-07 10:30:00-04:00,2021-06-07 15:30:00-04:00
CAR,2026-04-21,2026-05-01,10,620.0,620.0,3.82285,3.47075,2026-04-21 10:30:00-04:00,2026-04-21 15:30:00-04:00
COIN,2022-07-28,2022-08-05,8,61.0,61.0,1.2242,1.18645,2022-07-28 10:30:00-04:00,2022-07-28 15:30:00-04:00
COIN,2022-07-29,2022-08-05,7,61.0,61.0,1.2109,1.12255,2022-07-29 10:30:00-04:00,2022-07-29 15:30:00-04:00
COIN,2022-08-01,2022-08-12,11,60.0,60.0,1.59355,1.5438,2022-08-01 10:30:00-04:00,2022-08-01 15:30:00-04:00
COIN,2022-08-02,2022-08-12,10,63.0,63.0,1.58515,1.5908,2022-08-02 10:30:00-04:00,2022-08-02 15:30:00-04:00
COIN,2023-06-30,2023-07-07,7,75.0,75.0,0.82925,0.70915,2023-06-30 10:30:00-04:00,2023-06-30 15:30:00-04:00
COIN,2022-08-03,2022-08-12,9,69.0,69.0,1.6135000000000002,1.7393,2022-08-03 10:30:00-04:00,2022-08-03 15:30:00-04:00
COIN,2023-06-29,2023-07-07,8,73.0,73.0,0.81505,0.7564500000000001,2023-06-29 10:30:00-04:00,2023-06-29 15:30:00-04:00
COIN,2023-07-03,2023-07-14,11,75.0,75.0,0.87615,0.81445,2023-07-03 10:30:00-04:00,2023-07-03 15:30:00-04:00
COIN,2023-07-07,2023-07-14,7,79.0,79.0,0.8201499999999999,0.74755,2023-07-07 10:30:00-04:00,2023-07-07 15:30:00-04:00
COIN,2023-07-10,2023-07-21,11,79.0,79.0,0.796,0.81245,2023-07-10 10:30:00-04:00,2023-07-10 15:30:00-04:00
COIN,2023-07-05,2023-07-14,9,77.0,77.0,0.8896,0.83305,2023-07-05 10:30:00-04:00,2023-07-05 15:30:00-04:00
COIN,2023-07-06,2023-07-14,8,77.0,77.0,0.86385,0.79845,2023-07-06 10:30:00-04:00,2023-07-06 15:30:00-04:00
COIN,2023-12-18,2023-12-29,11,149.0,149.0,0.70045,0.6567000000000001,2023-12-18 10:30:00-05:00,2023-12-18 15:30:00-05:00
COIN,2023-07-11,2023-07-21,10,82.0,82.0,0.923,0.8991,2023-07-11 10:30:00-04:00,2023-07-11 15:30:00-04:00
COIN,2023-12-19,2023-12-29,10,155.0,155.0,0.6988,0.68765,2023-12-19 10:30:00-05:00,2023-12-19 15:30:00-05:00
COIN,2023-12-20,2023-12-29,9,165.0,165.0,0.7415499999999999,0.7424,2023-12-20 10:30:00-05:00,2023-12-20 15:30:00-05:00
COIN,2023-12-26,2024-01-05,10,175.0,175.0,0.96485,0.90315,2023-12-26 10:30:00-05:00,2023-12-26 15:30:00-05:00
COIN,2023-12-22,2023-12-29,7,170.0,170.0,0.79315,0.7461,2023-12-22 10:30:00-05:00,2023-12-22 15:30:00-05:00
COIN,2023-12-27,2024-01-05,9,177.5,177.5,0.8738,0.82385,2023-12-27 10:30:00-05:00,2023-12-27 15:30:00-05:00
COIN,2023-12-21,2023-12-29,8,167.5,167.5,0.7856000000000001,0.7717,2023-12-21 10:30:00-05:00,2023-12-21 15:30:00-05:00
CRCL,2025-06-11,2025-06-20,9,105.0,105.0,1.3349,1.30645,2025-06-11 10:30:00-04:00,2025-06-11 15:30:00-04:00
COIN,2023-12-28,2024-01-05,8,182.5,182.5,0.8579000000000001,0.81195,2023-12-28 10:30:00-05:00,2023-12-28 15:30:00-05:00
CRCL,2025-06-10,2025-06-20,10,105.0,105.0,1.45425,1.3754,2025-06-10 10:30:00-04:00,2025-06-10 15:30:00-04:00
CRCL,2025-06-12,2025-06-20,8,110.0,110.0,1.29405,1.19295,2025-06-12 10:30:00-04:00,2025-06-12 15:30:00-04:00
CRCL,2025-06-13,2025-06-20,7,110.0,110.0,1.044,1.1530999999999998,2025-06-13 10:30:00-04:00,2025-06-13 15:30:00-04:00
CRCL,2025-06-23,2025-07-03,10,240.0,240.0,2.14365,1.9739499999999999,2025-06-23 10:30:00-04:00,2025-06-23 15:30:00-04:00
CRCL,2025-06-18,2025-06-27,9,149.0,149.0,1.37305,1.7420499999999999,2025-06-18 10:30:00-04:00,2025-06-18 15:30:00-04:00
CRCL,2025-06-20,2025-06-27,7,217.5,217.5,2.19545,1.95895,2025-06-20 10:30:00-04:00,2025-06-20 15:30:00-04:00
CRNC,2024-12-23,2025-01-17,25,8.0,8.0,1.0765500000000001,1.0437,2024-12-23 10:30:00-05:00,2024-12-23 15:30:00-05:00
CRNC,2024-12-27,2025-01-17,21,8.0,8.0,1.0566,1.05545,2024-12-27 10:30:00-05:00,2024-12-27 15:30:00-05:00
CRNC,2024-12-24,2025-01-17,24,8.0,8.0,1.0144,0.9944999999999999,2024-12-24 10:30:00-05:00,2024-12-24 15:30:00-05:00
CRNC,2024-12-26,2025-01-17,22,9.0,9.0,1.03315,1.01675,2024-12-26 10:30:00-05:00,2024-12-26 15:30:00-05:00
CRNC,2024-12-31,2025-01-17,17,8.0,8.0,1.073,1.0622500000000001,2024-12-31 10:30:00-05:00,2024-12-31 15:30:00-05:00
CRNC,2025-01-02,2025-01-17,15,8.0,8.0,1.04955,1.0285,2025-01-02 10:30:00-05:00,2025-01-02 15:30:00-05:00
CRNC,2025-01-03,2025-01-17,14,12.0,12.0,2.1816000000000004,2.12445,2025-01-03 10:30:00-05:00,2025-01-03 15:30:00-05:00
CRNC,2024-12-30,2025-01-17,18,8.0,8.0,1.12885,1.0671499999999998,2024-12-30 10:30:00-05:00,2024-12-30 15:30:00-05:00
CVNA,2023-01-19,2023-01-27,8,6.5,6.5,1.7359,1.56365,2023-01-19 10:30:00-05:00,2023-01-19 15:30:00-05:00
CVNA,2023-01-20,2023-01-27,7,6.5,6.5,1.6101,1.3722,2023-01-20 10:30:00-05:00,2023-01-20 15:30:00-05:00
CVNA,2023-01-23,2023-02-03,11,6.5,6.5,1.9941,1.9388999999999998,2023-01-23 10:30:00-05:00,2023-01-23 15:30:00-05:00
CVNA,2023-01-25,2023-02-03,9,6.5,6.5,1.8182999999999998,1.6648,2023-01-25 10:30:00-05:00,2023-01-25 15:30:00-05:00
CVNA,2023-01-26,2023-02-03,8,7.0,7.0,1.6785,1.72225,2023-01-26 10:30:00-05:00,2023-01-26 15:30:00-05:00
CVNA,2023-01-24,2023-02-03,10,7.0,7.0,2.03215,1.80695,2023-01-24 10:30:00-05:00,2023-01-24 15:30:00-05:00
CVNA,2023-01-27,2023-02-03,7,6.5,6.5,1.67025,1.9190999999999998,2023-01-27 10:30:00-05:00,2023-01-27 15:30:00-05:00
DJT,2024-10-17,2024-10-25,8,30.0,30.0,1.97465,2.0058,2024-10-17 10:30:00-04:00,2024-10-17 15:30:00-04:00
CVNA,2023-01-30,2023-02-10,11,8.5,8.5,2.7236000000000002,2.35295,2023-01-30 10:30:00-05:00,2023-01-30 15:30:00-05:00
DJT,2024-10-18,2024-10-25,7,30.0,30.0,1.94135,1.87945,2024-10-18 10:30:00-04:00,2024-10-18 15:30:00-04:00
DJT,2024-10-21,2024-11-01,11,30.5,30.5,2.0955,1.88455,2024-10-21 10:30:00-04:00,2024-10-21 15:30:00-04:00
DJT,2024-10-22,2024-11-01,10,31.5,31.5,1.80565,1.6788,2024-10-22 10:30:00-04:00,2024-10-22 15:30:00-04:00
DJT,2024-10-29,2024-11-08,10,52.0,52.0,4.39595,4.2792,2024-10-29 10:30:00-04:00,2024-10-29 15:30:00-04:00
DJT,2024-10-23,2024-11-01,9,35.0,35.0,1.6798,1.6679,2024-10-23 10:30:00-04:00,2024-10-23 15:30:00-04:00
DJT,2024-10-25,2024-11-01,7,35.5,35.5,1.5923500000000002,1.69825,2024-10-25 10:30:00-04:00,2024-10-25 15:30:00-04:00
DJT,2024-10-28,2024-11-08,11,43.5,43.5,3.85575,4.09,2024-10-28 10:30:00-04:00,2024-10-28 15:30:00-04:00
EH,2023-01-04,2023-01-20,16,10.0,10.0,1.50755,1.5199,2023-01-04 10:30:00-05:00,2023-01-04 15:30:00-05:00
DJT,2024-10-24,2024-11-01,8,34.0,34.0,1.6183,1.63745,2024-10-24 10:30:00-04:00,2024-10-24 15:30:00-04:00
EH,2023-01-05,2023-01-20,15,10.0,10.0,1.52805,1.47885,2023-01-05 10:30:00-05:00,2023-01-05 15:30:00-05:00
EH,2023-01-11,2023-01-20,9,12.5,12.5,1.4802499999999998,1.4392,2023-01-11 10:30:00-05:00,2023-01-11 15:30:00-05:00
EH,2023-01-06,2023-01-20,14,10.0,10.0,1.5117,1.4665499999999998,2023-01-06 10:30:00-05:00,2023-01-06 15:30:00-05:00
EH,2023-01-10,2023-01-20,10,12.5,12.5,1.54655,1.513,2023-01-10 10:30:00-05:00,2023-01-10 15:30:00-05:00
EH,2023-01-09,2023-01-20,11,12.5,12.5,1.62515,1.5322,2023-01-09 10:30:00-05:00,2023-01-09 15:30:00-05:00
EH,2023-01-12,2023-01-20,8,12.5,12.5,1.3968,1.3449,2023-01-12 10:30:00-05:00,2023-01-12 15:30:00-05:00
EH,2023-01-13,2023-01-20,7,12.5,12.5,1.52125,1.5308000000000002,2023-01-13 10:30:00-05:00,2023-01-13 15:30:00-05:00
EWY,2026-02-17,2026-02-27,10,132.5,132.5,0.4643,0.68215,2026-02-17 10:30:00-05:00,2026-02-17 15:30:00-05:00
EWY,2026-02-18,2026-02-27,9,131.5,131.5,0.74385,0.67835,2026-02-18 10:30:00-05:00,2026-02-18 15:30:00-05:00
EWY,2026-02-20,2026-02-27,7,138.0,138.0,0.50315,0.57865,2026-02-20 10:30:00-05:00,2026-02-20 15:30:00-05:00
EWY,2026-02-13,2026-02-20,7,131.0,131.0,0.44389999999999996,0.4638,2026-02-13 10:30:00-05:00,2026-02-13 15:30:00-05:00
EWY,2026-02-23,2026-03-06,11,141.0,141.0,0.61615,0.55795,2026-02-23 10:30:00-05:00,2026-02-23 15:30:00-05:00
EWY,2026-02-19,2026-02-27,8,134.0,134.0,0.506,0.48065,2026-02-19 10:30:00-05:00,2026-02-19 15:30:00-05:00
EWY,2026-02-24,2026-03-06,10,144.0,144.0,0.5892999999999999,0.5467500000000001,2026-02-24 10:30:00-05:00,2026-02-24 15:30:00-05:00
FCEL,2020-11-12,2020-11-20,8,2.5,2.5,1.0226,1.1343,2020-11-12 10:30:00-05:00,2020-11-12 15:30:00-05:00
FCEL,2020-11-13,2020-11-20,7,2.5,2.5,1.1835499999999999,1.30935,2020-11-13 10:30:00-05:00,2020-11-13 15:30:00-05:00
EWY,2026-02-25,2026-03-06,9,149.0,149.0,0.6032,0.63205,2026-02-25 10:30:00-05:00,2026-02-25 15:30:00-05:00
FCEL,2020-11-16,2020-12-18,32,3.0,3.0,1.323,1.71675,2020-11-16 10:30:00-05:00,2020-11-16 15:30:00-05:00
FCEL,2020-11-17,2020-12-18,31,4.5,4.5,2.04825,1.7742,2020-11-17 10:30:00-05:00,2020-11-17 15:30:00-05:00
FCEL,2020-11-19,2020-12-18,29,5.5,5.5,2.309,2.1259,2020-11-19 10:30:00-05:00,2020-11-19 15:30:00-05:00
FCEL,2020-11-18,2020-12-18,30,4.0,4.0,1.5103,1.91795,2020-11-18 10:30:00-05:00,2020-11-18 15:30:00-05:00
FCEL,2020-11-20,2020-12-18,28,5.0,5.0,1.9355,1.73865,2020-11-20 10:30:00-05:00,2020-11-20 15:30:00-05:00
FCEL,2020-11-23,2020-12-18,25,6.0,6.0,1.8644,2.2475,2020-11-23 10:30:00-05:00,2020-11-23 15:30:00-05:00
GLD,2025-10-07,2025-10-13,6,366.0,366.0,0.1794,0.18545,2025-10-07 10:30:00-04:00,2025-10-07 15:30:00-04:00
GLD,2025-10-08,2025-10-15,7,371.0,371.0,0.21355000000000002,0.20845,2025-10-08 10:30:00-04:00,2025-10-08 15:30:00-04:00
GLD,2025-10-09,2025-10-15,6,373.0,373.0,0.2026,0.1995,2025-10-09 10:30:00-04:00,2025-10-09 15:30:00-04:00
GLD,2025-10-13,2025-10-20,7,376.0,376.0,0.21715,0.2267,2025-10-13 10:30:00-04:00,2025-10-13 15:30:00-04:00
GLD,2025-10-10,2025-10-17,7,368.0,368.0,0.20555,0.22744999999999999,2025-10-10 10:30:00-04:00,2025-10-10 15:30:00-04:00
GLD,2025-10-14,2025-10-20,6,378.0,378.0,0.23935,0.24130000000000001,2025-10-14 10:30:00-04:00,2025-10-14 15:30:00-04:00
GLD,2025-10-15,2025-10-22,7,385.0,385.0,0.25505,0.25465,2025-10-15 10:30:00-04:00,2025-10-15 15:30:00-04:00
GLD,2025-10-16,2025-10-22,6,391.0,391.0,0.2603,0.32985,2025-10-16 10:30:00-04:00,2025-10-16 15:30:00-04:00
GLD,2026-01-16,2026-01-23,7,424.0,424.0,0.214,0.1926,2026-01-16 10:30:00-05:00,2026-01-16 15:30:00-05:00
GLD,2026-01-20,2026-01-26,6,435.0,435.0,0.20045000000000002,0.22510000000000002,2026-01-20 10:30:00-05:00,2026-01-20 15:30:00-05:00
GLD,2026-01-21,2026-01-28,7,447.0,447.0,0.26975000000000005,0.27425,2026-01-21 10:30:00-05:00,2026-01-21 15:30:00-05:00
GLD,2026-01-22,2026-01-28,6,445.0,445.0,0.2539,0.28054999999999997,2026-01-22 10:30:00-05:00,2026-01-22 15:30:00-05:00
GLD,2026-01-23,2026-01-30,7,455.0,455.0,0.29855,0.29905000000000004,2026-01-23 10:30:00-05:00,2026-01-23 15:30:00-05:00
GLW,2026-02-13,2026-02-20,7,129.0,129.0,0.61015,0.5235,2026-02-13 10:30:00-05:00,2026-02-13 15:30:00-05:00
GLD,2026-01-26,2026-02-02,7,470.0,470.0,0.3338,0.32175,2026-01-26 10:30:00-05:00,2026-01-26 15:30:00-05:00
GLD,2026-01-27,2026-02-02,6,466.0,466.0,0.2996,0.31935,2026-01-27 10:30:00-05:00,2026-01-27 15:30:00-05:00
GLW,2026-02-17,2026-02-27,10,131.0,131.0,0.6328499999999999,0.5909500000000001,2026-02-17 10:30:00-05:00,2026-02-17 15:30:00-05:00
GLW,2026-02-18,2026-02-27,9,134.0,134.0,0.552,0.5367,2026-02-18 10:30:00-05:00,2026-02-18 15:30:00-05:00
GLD,2026-01-28,2026-02-04,7,484.0,484.0,0.3923,0.41655,2026-01-28 10:30:00-05:00,2026-01-28 15:30:00-05:00
GLW,2026-02-19,2026-02-27,8,133.0,133.0,0.56335,0.54015,2026-02-19 10:30:00-05:00,2026-02-19 15:30:00-05:00
GLW,2026-02-23,2026-03-06,11,142.0,142.0,0.6904,0.70645,2026-02-23 10:30:00-05:00,2026-02-23 15:30:00-05:00
GLW,2026-02-20,2026-02-27,7,131.0,131.0,0.5741499999999999,0.54855,2026-02-20 10:30:00-05:00,2026-02-20 15:30:00-05:00
GLW,2026-02-24,2026-03-06,10,147.0,147.0,0.7283999999999999,0.7617,2026-02-24 10:30:00-05:00,2026-02-24 15:30:00-05:00
GLW,2026-02-25,2026-03-06,9,155.0,155.0,0.81045,0.7824,2026-02-25 10:30:00-05:00,2026-02-25 15:30:00-05:00
GME,2021-01-15,2021-01-22,7,39.0,39.0,2.9627,2.57125,2021-01-15 10:30:00-05:00,2021-01-15 15:30:00-05:00
GME,2021-01-19,2021-01-29,10,39.0,39.0,2.6445,2.4987,2021-01-19 10:30:00-05:00,2021-01-19 15:30:00-05:00
GME,2021-01-22,2021-01-29,7,43.0,43.0,2.1332500000000003,3.0462499999999997,2021-01-22 10:30:00-05:00,2021-01-22 15:30:00-05:00
GME,2021-01-20,2021-01-29,9,37.0,37.0,2.22445,2.1662,2021-01-20 10:30:00-05:00,2021-01-20 15:30:00-05:00
GME,2021-01-21,2021-01-29,8,38.0,38.0,1.8965,1.92115,2021-01-21 10:30:00-05:00,2021-01-21 15:30:00-05:00
GME,2021-01-26,2021-02-05,10,90.0,90.0,4.86025,5.4805,2021-01-26 10:30:00-05:00,2021-01-26 15:30:00-05:00
GME,2021-02-26,2021-03-05,7,125.0,125.0,5.79505,5.84605,2021-02-26 10:30:00-05:00,2021-02-26 15:30:00-05:00
GME,2021-03-01,2021-03-12,11,104.0,104.0,4.3931000000000004,4.40665,2021-03-01 10:30:00-05:00,2021-03-01 15:30:00-05:00
GME,2021-01-25,2021-02-05,11,85.0,85.0,5.783049999999999,4.96225,2021-01-25 10:30:00-05:00,2021-01-25 15:30:00-05:00
GME,2021-03-02,2021-03-12,10,120.0,120.0,4.04385,3.76075,2021-03-02 10:30:00-05:00,2021-03-02 15:30:00-05:00
GME,2021-01-27,2021-02-05,9,210.0,210.0,7.04795,7.47675,2021-01-27 10:30:00-05:00,2021-01-27 15:30:00-05:00
GME,2021-03-03,2021-03-12,9,125.0,125.0,3.3684000000000003,3.0017,2021-03-03 10:30:00-05:00,2021-03-03 15:30:00-05:00
GME,2021-03-04,2021-03-12,8,124.0,124.0,3.0041,3.49185,2021-03-04 10:30:00-05:00,2021-03-04 15:30:00-05:00
GME,2021-03-09,2021-03-19,10,220.0,220.0,4.0125,3.6900500000000003,2021-03-09 10:30:00-05:00,2021-03-09 15:30:00-05:00
GME,2021-03-08,2021-03-19,11,150.0,150.0,3.6944999999999997,3.8129999999999997,2021-03-08 10:30:00-05:00,2021-03-08 15:30:00-05:00
GME,2022-03-17,2022-03-25,8,84.0,84.0,1.70445,1.65115,2022-03-17 10:30:00-04:00,2022-03-17 15:30:00-04:00
GME,2021-03-05,2021-03-12,7,130.0,130.0,3.4957000000000003,2.69975,2021-03-05 10:30:00-05:00,2021-03-05 15:30:00-05:00
GME,2022-03-18,2022-03-25,7,82.0,82.0,1.2245499999999998,1.1480000000000001,2022-03-18 10:30:00-04:00,2022-03-18 15:30:00-04:00
GME,2022-03-21,2022-04-01,11,91.0,91.0,1.06185,1.03465,2022-03-21 10:30:00-04:00,2022-03-21 15:30:00-04:00
GME,2022-03-22,2022-04-01,10,96.0,96.0,1.11855,1.4516499999999999,2022-03-22 10:30:00-04:00,2022-03-22 15:30:00-04:00
GME,2022-03-23,2022-04-01,9,129.0,129.0,1.60105,1.4967,2022-03-23 10:30:00-04:00,2022-03-23 15:30:00-04:00
GME,2022-03-28,2022-04-08,11,155.0,155.0,1.48295,1.6705,2022-03-28 10:30:00-04:00,2022-03-28 15:30:00-04:00
GME,2022-03-25,2022-04-01,7,141.0,141.0,1.48105,1.34505,2022-03-25 10:30:00-04:00,2022-03-25 15:30:00-04:00
INO,2021-01-22,2021-01-29,7,9.0,9.0,0.9253499999999999,0.7953,2021-01-22 10:30:00-05:00,2021-01-22 15:30:00-05:00
INO,2021-01-21,2021-01-29,8,9.0,9.0,0.8187,0.84685,2021-01-21 10:30:00-05:00,2021-01-21 15:30:00-05:00
INO,2021-01-25,2021-02-05,11,9.0,9.0,0.8691,1.0716,2021-01-25 10:30:00-05:00,2021-01-25 15:30:00-05:00
GME,2022-03-24,2022-04-01,8,135.0,135.0,1.5300500000000001,1.4250500000000001,2022-03-24 10:30:00-04:00,2022-03-24 15:30:00-04:00
INO,2021-01-26,2021-02-05,10,9.5,9.5,1.1063999999999998,1.189,2021-01-26 10:30:00-05:00,2021-01-26 15:30:00-05:00
INO,2021-01-27,2021-02-05,9,10.5,10.5,1.6087500000000001,2.02195,2021-01-27 10:30:00-05:00,2021-01-27 15:30:00-05:00
INO,2021-01-28,2021-02-05,8,13.0,13.0,2.61665,2.3222,2021-01-28 10:30:00-05:00,2021-01-28 15:30:00-05:00
INO,2021-01-29,2021-02-05,7,13.0,13.0,2.13035,1.967,2021-01-29 10:30:00-05:00,2021-01-29 15:30:00-05:00
INO,2021-02-01,2021-02-12,11,14.0,14.0,2.32585,2.4892,2021-02-01 10:30:00-05:00,2021-02-01 15:30:00-05:00
INTC,2026-04-20,2026-05-01,11,68.0,68.0,0.9249,0.89415,2026-04-20 10:30:00-04:00,2026-04-20 15:30:00-04:00
INTC,2026-04-21,2026-05-01,10,67.0,67.0,0.9296,0.9351499999999999,2026-04-21 10:30:00-04:00,2026-04-21 15:30:00-04:00
INTC,2026-04-22,2026-05-01,9,67.0,67.0,0.9778,0.96315,2026-04-22 10:30:00-04:00,2026-04-22 15:30:00-04:00
INTC,2026-04-30,2026-05-08,8,93.0,93.0,0.8553,0.8069999999999999,2026-04-30 10:30:00-04:00,2026-04-30 15:30:00-04:00
INTC,2026-04-23,2026-05-01,8,67.0,67.0,1.01175,1.0463,2026-04-23 10:30:00-04:00,2026-04-23 15:30:00-04:00
INTC,2026-04-24,2026-05-01,7,85.0,85.0,0.8954500000000001,0.8140000000000001,2026-04-24 10:30:00-04:00,2026-04-24 15:30:00-04:00
INTC,2026-04-29,2026-05-08,9,88.0,88.0,0.8675,0.91525,2026-04-29 10:30:00-04:00,2026-04-29 15:30:00-04:00
INTC,2026-04-28,2026-05-08,10,82.0,82.0,0.8068500000000001,0.7725500000000001,2026-04-28 10:30:00-04:00,2026-04-28 15:30:00-04:00
INTC,2026-04-27,2026-05-08,11,85.0,85.0,0.8778999999999999,0.8275,2026-04-27 10:30:00-04:00,2026-04-27 15:30:00-04:00
INTC,2026-05-01,2026-05-08,7,96.0,96.0,0.8821,0.83585,2026-05-01 10:30:00-04:00,2026-05-01 15:30:00-04:00
INTC,2026-05-05,2026-05-15,10,103.0,103.0,0.9716,0.92245,2026-05-05 10:30:00-04:00,2026-05-05 15:30:00-04:00
INTC,2026-05-06,2026-05-15,9,113.0,113.0,0.9066,0.8899,2026-05-06 10:30:00-04:00,2026-05-06 15:30:00-04:00
INTC,2026-05-07,2026-05-15,8,114.0,114.0,0.88285,0.837,2026-05-07 10:30:00-04:00,2026-05-07 15:30:00-04:00
INTC,2026-05-04,2026-05-15,11,97.5,97.5,0.8694999999999999,0.7969999999999999,2026-05-04 10:30:00-04:00,2026-05-04 15:30:00-04:00
IONQ,2024-10-17,2024-10-25,8,12.0,12.0,0.86555,0.8105,2024-10-17 10:30:00-04:00,2024-10-17 15:30:00-04:00
IONQ,2024-10-18,2024-10-25,7,13.0,13.0,0.8655999999999999,0.94175,2024-10-18 10:30:00-04:00,2024-10-18 15:30:00-04:00
INTC,2026-05-11,2026-05-22,11,130.0,130.0,1.0824,1.0204499999999999,2026-05-11 10:30:00-04:00,2026-05-11 15:30:00-04:00
IONQ,2024-10-23,2024-11-01,9,15.0,15.0,1.1712500000000001,1.13845,2024-10-23 10:30:00-04:00,2024-10-23 15:30:00-04:00
IONQ,2024-10-22,2024-11-01,10,14.5,14.5,1.091,1.03665,2024-10-22 10:30:00-04:00,2024-10-22 15:30:00-04:00
INTC,2026-05-08,2026-05-15,7,114.0,114.0,0.9013,1.02365,2026-05-08 10:30:00-04:00,2026-05-08 15:30:00-04:00
IONQ,2024-10-25,2024-11-01,7,16.0,16.0,1.0983999999999998,1.07185,2024-10-25 10:30:00-04:00,2024-10-25 15:30:00-04:00
IONQ,2024-10-28,2024-11-08,11,17.0,17.0,1.51575,1.56635,2024-10-28 10:30:00-04:00,2024-10-28 15:30:00-04:00
IONQ,2024-10-24,2024-11-01,8,15.0,15.0,1.1234,1.0808,2024-10-24 10:30:00-04:00,2024-10-24 15:30:00-04:00
IONQ,2024-10-21,2024-11-01,11,13.5,13.5,0.8644499999999999,1.0027,2024-10-21 10:30:00-04:00,2024-10-21 15:30:00-04:00
IONQ,2024-10-31,2024-11-08,8,16.5,16.5,1.5397,1.6210499999999999,2024-10-31 10:30:00-04:00,2024-10-31 15:30:00-04:00
IONQ,2024-11-01,2024-11-08,7,15.0,15.0,1.6101,1.5144000000000002,2024-11-01 10:30:00-04:00,2024-11-01 15:30:00-04:00
IONQ,2024-11-04,2024-11-15,11,14.5,14.5,1.4699499999999999,1.3606,2024-11-04 10:30:00-05:00,2024-11-04 15:30:00-05:00
IONQ,2024-11-05,2024-11-15,10,15.0,15.0,1.4146,1.40915,2024-11-05 10:30:00-05:00,2024-11-05 15:30:00-05:00
IONQ,2024-11-06,2024-11-15,9,16.0,16.0,1.362,1.4255499999999999,2024-11-06 10:30:00-05:00,2024-11-06 15:30:00-05:00
IONQ,2024-11-07,2024-11-15,8,17.5,17.5,0.9967999999999999,1.37085,2024-11-07 10:30:00-05:00,2024-11-07 15:30:00-05:00
IONQ,2024-11-08,2024-11-15,7,22.5,22.5,1.3120500000000002,1.4139,2024-11-08 10:30:00-05:00,2024-11-08 15:30:00-05:00
IONQ,2024-11-11,2024-11-22,11,23.5,23.5,1.40435,1.44465,2024-11-11 10:30:00-05:00,2024-11-11 15:30:00-05:00
IONQ,2024-12-26,2025-01-03,8,43.0,43.0,1.3090000000000002,1.3206,2024-12-26 10:30:00-05:00,2024-12-26 15:30:00-05:00
IONQ,2024-12-30,2025-01-10,11,43.5,43.5,1.37395,1.25225,2024-12-30 10:30:00-05:00,2024-12-30 15:30:00-05:00
IONQ,2024-12-27,2025-01-03,7,46.0,46.0,1.35235,1.21155,2024-12-27 10:30:00-05:00,2024-12-27 15:30:00-05:00
IONQ,2024-12-31,2025-01-10,10,43.0,43.0,1.2143000000000002,1.1152000000000002,2024-12-31 10:30:00-05:00,2024-12-31 15:30:00-05:00
IONQ,2025-01-02,2025-01-10,8,40.0,40.0,1.1077499999999998,1.073,2025-01-02 10:30:00-05:00,2025-01-02 15:30:00-05:00
IONQ,2025-01-03,2025-01-10,7,45.0,45.0,1.1486999999999998,1.121,2025-01-03 10:30:00-05:00,2025-01-03 15:30:00-05:00
JOBY,2023-06-16,2023-07-21,35,7.5,7.5,0.7202500000000001,0.6894,2023-06-16 10:30:00-04:00,2023-06-16 15:30:00-04:00
JOBY,2023-06-20,2023-07-21,31,7.5,7.5,0.7214499999999999,0.69565,2023-06-20 10:30:00-04:00,2023-06-20 15:30:00-04:00
IONQ,2025-01-06,2025-01-17,11,49.0,49.0,1.2567,1.2567,2025-01-06 10:30:00-05:00,2025-01-06 15:30:00-05:00
JOBY,2023-06-21,2023-07-21,30,7.5,7.5,0.6859,0.6890000000000001,2023-06-21 10:30:00-04:00,2023-06-21 15:30:00-04:00
JOBY,2023-06-23,2023-07-21,28,5.5,5.5,0.7506999999999999,0.7296,2023-06-23 10:30:00-04:00,2023-06-23 15:30:00-04:00
IONQ,2025-01-07,2025-01-17,10,53.0,53.0,1.24095,1.1716,2025-01-07 10:30:00-05:00,2025-01-07 15:30:00-05:00
JOBY,2023-06-22,2023-07-21,29,7.5,7.5,0.6906,0.6781,2023-06-22 10:30:00-04:00,2023-06-22 15:30:00-04:00
JOBY,2023-06-26,2023-07-21,25,5.5,5.5,0.69685,0.69685,2023-06-26 10:30:00-04:00,2023-06-26 15:30:00-04:00
JOBY,2023-06-28,2023-07-21,23,7.5,7.5,0.8795999999999999,1.0906,2023-06-28 10:30:00-04:00,2023-06-28 15:30:00-04:00
JOBY,2023-06-27,2023-07-21,24,5.5,5.5,0.7202500000000001,0.75545,2023-06-27 10:30:00-04:00,2023-06-27 15:30:00-04:00
KWEB,2024-09-20,2024-09-27,7,27.0,27.0,0.268,0.25675000000000003,2024-09-20 10:30:00-04:00,2024-09-20 15:30:00-04:00
KWEB,2024-09-18,2024-09-27,9,26.0,26.0,0.268,0.25195,2024-09-18 10:30:00-04:00,2024-09-18 15:30:00-04:00
KWEB,2024-09-19,2024-09-27,8,26.5,26.5,0.27825,0.2763,2024-09-19 10:30:00-04:00,2024-09-19 15:30:00-04:00
KWEB,2024-09-23,2024-10-04,11,27.0,27.0,0.28215,0.29095,2024-09-23 10:30:00-04:00,2024-09-23 15:30:00-04:00
KWEB,2024-09-24,2024-10-04,10,29.0,29.0,0.3554,0.393,2024-09-24 10:30:00-04:00,2024-09-24 15:30:00-04:00
KWEB,2024-09-25,2024-10-04,9,29.0,29.0,0.38225,0.3588,2024-09-25 10:30:00-04:00,2024-09-25 15:30:00-04:00
LCID,2021-11-05,2021-11-12,7,37.0,37.0,1.26285,1.21635,2021-11-05 10:30:00-04:00,2021-11-05 15:30:00-04:00
KWEB,2024-09-26,2024-10-04,8,33.0,33.0,0.5437000000000001,0.5811999999999999,2024-09-26 10:30:00-04:00,2024-09-26 15:30:00-04:00
KWEB,2024-09-27,2024-10-04,7,33.0,33.0,0.57185,0.50545,2024-09-27 10:30:00-04:00,2024-09-27 15:30:00-04:00
LCID,2021-11-08,2021-11-19,11,44.0,44.0,1.6524999999999999,1.59405,2021-11-08 10:30:00-05:00,2021-11-08 15:30:00-05:00
LCID,2021-11-09,2021-11-19,10,45.0,45.0,1.4843000000000002,1.4464000000000001,2021-11-09 10:30:00-05:00,2021-11-09 15:30:00-05:00
LCID,2021-11-11,2021-11-19,8,43.0,43.0,1.4556,1.38965,2021-11-11 10:30:00-05:00,2021-11-11 15:30:00-05:00
LCID,2021-11-10,2021-11-19,9,42.0,42.0,1.41905,1.3766500000000002,2021-11-10 10:30:00-05:00,2021-11-10 15:30:00-05:00
LCID,2021-11-12,2021-11-19,7,44.0,44.0,1.36945,1.282,2021-11-12 10:30:00-05:00,2021-11-12 15:30:00-05:00
LCID,2021-11-15,2021-11-26,11,45.0,45.0,1.2974,1.3712,2021-11-15 10:30:00-05:00,2021-11-15 15:30:00-05:00
LI,2020-11-03,2020-11-20,17,22.5,22.5,1.0884,1.08875,2020-11-03 10:30:00-05:00,2020-11-03 15:30:00-05:00
LCID,2021-11-16,2021-11-26,10,47.0,47.0,1.0827,1.1753,2021-11-16 10:30:00-05:00,2021-11-16 15:30:00-05:00
LI,2020-11-05,2020-11-20,15,25.0,25.0,1.19275,1.1637,2020-11-05 10:30:00-05:00,2020-11-05 15:30:00-05:00
LI,2020-11-04,2020-11-20,16,25.0,25.0,1.0806,1.19825,2020-11-04 10:30:00-05:00,2020-11-04 15:30:00-05:00
LI,2020-11-09,2020-11-20,11,25.0,25.0,1.3476,1.2297,2020-11-09 10:30:00-05:00,2020-11-09 15:30:00-05:00
LI,2020-11-06,2020-11-20,14,30.0,30.0,1.4136,1.3302,2020-11-06 10:30:00-05:00,2020-11-06 15:30:00-05:00
LI,2020-11-13,2020-11-20,7,40.0,40.0,2.3182,1.9897,2020-11-13 10:30:00-05:00,2020-11-13 15:30:00-05:00
LI,2020-11-10,2020-11-20,10,25.0,25.0,1.2836500000000002,1.3366500000000001,2020-11-10 10:30:00-05:00,2020-11-10 15:30:00-05:00
LI,2020-11-11,2020-11-20,9,22.5,22.5,1.31135,1.2567,2020-11-11 10:30:00-05:00,2020-11-11 15:30:00-05:00
LI,2020-11-12,2020-11-20,8,30.0,30.0,1.4419499999999998,2.1494,2020-11-12 10:30:00-05:00,2020-11-12 15:30:00-05:00
LI,2020-11-19,2020-11-27,8,34.5,34.5,1.1938,1.07825,2020-11-19 10:30:00-05:00,2020-11-19 15:30:00-05:00
LI,2020-11-20,2020-11-27,7,37.5,37.5,1.30965,1.3592,2020-11-20 10:30:00-05:00,2020-11-20 15:30:00-05:00
MARA,2023-07-03,2023-07-14,11,14.0,14.0,1.0968499999999999,0.9714499999999999,2023-07-03 10:30:00-04:00,2023-07-03 15:30:00-04:00
MARA,2023-07-06,2023-07-14,8,15.5,15.5,1.2061,1.14185,2023-07-06 10:30:00-04:00,2023-07-06 15:30:00-04:00
MARA,2023-07-07,2023-07-14,7,15.5,15.5,1.02265,0.97455,2023-07-07 10:30:00-04:00,2023-07-07 15:30:00-04:00
MARA,2023-07-10,2023-07-21,11,15.5,15.5,1.1466500000000002,1.01905,2023-07-10 10:30:00-04:00,2023-07-10 15:30:00-04:00
MARA,2023-07-05,2023-07-14,9,14.5,14.5,1.1917499999999999,1.10465,2023-07-05 10:30:00-04:00,2023-07-05 15:30:00-04:00
MARA,2023-07-11,2023-07-21,10,17.0,17.0,1.0811,1.0302,2023-07-11 10:30:00-04:00,2023-07-11 15:30:00-04:00
MARA,2023-07-12,2023-07-21,9,17.5,17.5,1.1111,1.1439,2023-07-12 10:30:00-04:00,2023-07-12 15:30:00-04:00
MARA,2023-07-13,2023-07-21,8,17.0,17.0,1.0689000000000002,1.2225000000000001,2023-07-13 10:30:00-04:00,2023-07-13 15:30:00-04:00
MARA,2023-12-18,2023-12-29,11,18.5,18.5,1.0648,1.0378500000000002,2023-12-18 10:30:00-05:00,2023-12-18 15:30:00-05:00
LI,2020-11-23,2020-12-04,11,42.5,42.5,1.6005500000000001,1.54515,2020-11-23 10:30:00-05:00,2020-11-23 15:30:00-05:00
MARA,2023-12-20,2023-12-29,9,24.0,24.0,1.403,1.4467500000000002,2023-12-20 10:30:00-05:00,2023-12-20 15:30:00-05:00
MARA,2023-12-19,2023-12-29,10,20.5,20.5,1.1671,1.1316,2023-12-19 10:30:00-05:00,2023-12-19 15:30:00-05:00
MARA,2023-12-21,2023-12-29,8,23.5,23.5,1.49525,1.32915,2023-12-21 10:30:00-05:00,2023-12-21 15:30:00-05:00
MARA,2023-12-22,2023-12-29,7,25.5,25.5,1.51375,1.45695,2023-12-22 10:30:00-05:00,2023-12-22 15:30:00-05:00
MRNA,2020-02-14,2020-02-21,7,20.0,20.0,0.69995,0.6530499999999999,2020-02-14 10:30:00-05:00,2020-02-14 15:30:00-05:00
MRNA,2020-02-18,2020-03-20,31,20.0,20.0,0.7695000000000001,0.7724,2020-02-18 10:30:00-05:00,2020-02-18 15:30:00-05:00
MRNA,2020-02-19,2020-03-20,30,20.0,20.0,0.7940499999999999,0.7774000000000001,2020-02-19 10:30:00-05:00,2020-02-19 15:30:00-05:00
MRNA,2020-02-20,2020-03-20,29,20.0,20.0,0.7928999999999999,0.7465999999999999,2020-02-20 10:30:00-05:00,2020-02-20 15:30:00-05:00
MRNA,2020-02-21,2020-03-20,28,17.5,17.5,0.7534,0.7659499999999999,2020-02-21 10:30:00-05:00,2020-02-21 15:30:00-05:00
MRNA,2020-02-24,2020-03-20,25,20.0,20.0,1.0027,1.0406,2020-02-24 10:30:00-05:00,2020-02-24 15:30:00-05:00
MRNA,2020-02-25,2020-03-20,24,22.5,22.5,1.2511999999999999,1.73555,2020-02-25 10:30:00-05:00,2020-02-25 15:30:00-05:00
MRNA,2020-02-26,2020-03-20,23,30.0,30.0,1.68155,1.55985,2020-02-26 10:30:00-05:00,2020-02-26 15:30:00-05:00
MRNA,2020-11-18,2020-11-27,9,93.0,93.0,0.7522,0.7058500000000001,2020-11-18 10:30:00-05:00,2020-11-18 15:30:00-05:00
MRNA,2020-11-20,2020-11-27,7,96.0,96.0,0.6517,0.60545,2020-11-20 10:30:00-05:00,2020-11-20 15:30:00-05:00
MRNA,2020-11-19,2020-11-27,8,91.0,91.0,0.6689,0.62495,2020-11-19 10:30:00-05:00,2020-11-19 15:30:00-05:00
MRNA,2020-11-23,2020-12-04,11,101.0,101.0,0.67105,0.63845,2020-11-23 10:30:00-05:00,2020-11-23 15:30:00-05:00
MRNA,2020-11-24,2020-12-04,10,99.0,99.0,0.6872499999999999,0.6375500000000001,2020-11-24 10:30:00-05:00,2020-11-24 15:30:00-05:00
MRNA,2021-07-29,2021-08-06,8,342.5,342.5,0.8051999999999999,0.79085,2021-07-29 10:30:00-04:00,2021-07-29 15:30:00-04:00
MRNA,2021-07-30,2021-08-06,7,350.0,350.0,0.7962,0.76915,2021-07-30 10:30:00-04:00,2021-07-30 15:30:00-04:00
MRNA,2020-11-25,2020-12-04,9,99.0,99.0,0.70225,0.74005,2020-11-25 10:30:00-05:00,2020-11-25 15:30:00-05:00
MRNA,2020-11-27,2020-12-04,7,117.0,117.0,1.1633499999999999,1.07755,2020-11-27 10:30:00-05:00,2020-11-27 15:30:00-05:00
MRNA,2021-08-02,2021-08-13,11,362.5,362.5,0.77345,0.7428999999999999,2021-08-02 10:30:00-04:00,2021-08-02 15:30:00-04:00
MRNA,2021-08-03,2021-08-13,10,347.5,347.5,0.7819499999999999,0.8254999999999999,2021-08-03 10:30:00-04:00,2021-08-03 15:30:00-04:00
MRNA,2020-11-30,2020-12-11,11,150.0,150.0,1.4913,1.3091,2020-11-30 10:30:00-05:00,2020-11-30 15:30:00-05:00
MRNA,2021-08-05,2021-08-13,8,417.5,417.5,0.83115,0.7342,2021-08-05 10:30:00-04:00,2021-08-05 15:30:00-04:00
MRNA,2021-08-04,2021-08-13,9,380.0,380.0,0.9924999999999999,0.8993,2021-08-04 10:30:00-04:00,2021-08-04 15:30:00-04:00
MRNA,2021-08-06,2021-08-13,7,412.5,412.5,0.72055,0.70145,2021-08-06 10:30:00-04:00,2021-08-06 15:30:00-04:00
MSTR,2023-12-18,2023-12-29,11,572.5,572.5,0.62795,0.5828500000000001,2023-12-18 10:30:00-05:00,2023-12-18 15:30:00-05:00
MRNA,2021-08-09,2021-08-20,11,430.0,430.0,0.76,0.945,2021-08-09 10:30:00-04:00,2021-08-09 15:30:00-04:00
MSTR,2023-12-19,2023-12-29,10,582.5,582.5,0.59405,0.5995999999999999,2023-12-19 10:30:00-05:00,2023-12-19 15:30:00-05:00
MSTR,2023-12-21,2023-12-29,8,585.0,585.0,0.6672,0.62195,2023-12-21 10:30:00-05:00,2023-12-21 15:30:00-05:00
MSTR,2023-12-20,2023-12-29,9,590.0,590.0,0.6305000000000001,0.64195,2023-12-20 10:30:00-05:00,2023-12-20 15:30:00-05:00
MSTR,2023-12-22,2023-12-29,7,582.5,582.5,0.58075,0.6937500000000001,2023-12-22 10:30:00-05:00,2023-12-22 15:30:00-05:00
MSTR,2023-12-26,2024-01-05,10,610.0,610.0,0.78545,0.7347999999999999,2023-12-26 10:30:00-05:00,2023-12-26 15:30:00-05:00
MSTR,2023-12-27,2024-01-05,9,620.0,620.0,0.73455,0.8046,2023-12-27 10:30:00-05:00,2023-12-27 15:30:00-05:00
MSTR,2023-12-28,2024-01-05,8,667.5,667.5,0.8836999999999999,0.84745,2023-12-28 10:30:00-05:00,2023-12-28 15:30:00-05:00
MSTR,2024-11-12,2024-11-22,10,332.5,332.5,1.358,1.3360500000000002,2024-11-12 10:30:00-05:00,2024-11-12 15:30:00-05:00
MSTR,2024-11-11,2024-11-22,11,302.5,302.5,1.1288,1.2466,2024-11-11 10:30:00-05:00,2024-11-11 15:30:00-05:00
MSTR,2024-11-14,2024-11-22,8,345.0,345.0,1.4255,1.3396,2024-11-14 10:30:00-05:00,2024-11-14 15:30:00-05:00
MSTR,2024-11-13,2024-11-22,9,375.0,375.0,1.71415,1.6294,2024-11-13 10:30:00-05:00,2024-11-13 15:30:00-05:00
MSTR,2024-11-18,2024-11-29,11,342.5,342.5,1.24675,1.3334000000000001,2024-11-18 10:30:00-05:00,2024-11-18 15:30:00-05:00
MU,2024-06-07,2024-06-14,7,130.0,130.0,0.4272,0.39815,2024-06-07 10:30:00-04:00,2024-06-07 15:30:00-04:00
MSTR,2024-11-15,2024-11-22,7,332.5,332.5,1.3001,1.3752,2024-11-15 10:30:00-05:00,2024-11-15 15:30:00-05:00
MSTR,2024-11-19,2024-11-29,10,385.0,385.0,1.3419,1.4823,2024-11-19 10:30:00-05:00,2024-11-19 15:30:00-05:00
MU,2024-06-10,2024-06-21,11,132.0,132.0,0.3963,0.388,2024-06-10 10:30:00-04:00,2024-06-10 15:30:00-04:00
MSTR,2024-11-20,2024-11-29,9,477.5,477.5,1.9853,1.9019499999999998,2024-11-20 10:30:00-05:00,2024-11-20 15:30:00-05:00
MU,2024-06-11,2024-06-21,10,135.0,135.0,0.39975,0.39635,2024-06-11 10:30:00-04:00,2024-06-11 15:30:00-04:00
MU,2024-06-12,2024-06-21,9,139.0,139.0,0.38825,0.3873,2024-06-12 10:30:00-04:00,2024-06-12 15:30:00-04:00
MU,2024-06-17,2024-06-28,11,144.0,144.0,0.9638500000000001,0.9269499999999999,2024-06-17 10:30:00-04:00,2024-06-17 15:30:00-04:00
MU,2024-06-14,2024-06-21,7,141.0,141.0,0.42169999999999996,0.36225,2024-06-14 10:30:00-04:00,2024-06-14 15:30:00-04:00
MU,2024-06-13,2024-06-21,8,142.0,142.0,0.4001,0.3862,2024-06-13 10:30:00-04:00,2024-06-13 15:30:00-04:00
MU,2024-06-18,2024-06-28,10,155.0,155.0,1.0859,1.0044,2024-06-18 10:30:00-04:00,2024-06-18 15:30:00-04:00
MU,2026-05-01,2026-05-08,7,515.0,515.0,0.7354499999999999,0.74005,2026-05-01 10:30:00-04:00,2026-05-01 15:30:00-04:00
MU,2026-05-05,2026-05-15,10,615.0,615.0,0.868,0.87315,2026-05-05 10:30:00-04:00,2026-05-05 15:30:00-04:00
MU,2026-04-30,2026-05-08,8,530.0,530.0,0.7936,0.75405,2026-04-30 10:30:00-04:00,2026-04-30 15:30:00-04:00
MU,2026-05-04,2026-05-15,11,570.0,570.0,0.7908,0.79115,2026-05-04 10:30:00-04:00,2026-05-04 15:30:00-04:00
MU,2026-05-06,2026-05-15,9,660.0,660.0,0.87355,0.84975,2026-05-06 10:30:00-04:00,2026-05-06 15:30:00-04:00
MU,2026-05-07,2026-05-15,8,655.0,655.0,0.85025,0.8258,2026-05-07 10:30:00-04:00,2026-05-07 15:30:00-04:00
MU,2026-05-08,2026-05-15,7,692.5,692.5,0.85665,0.8966000000000001,2026-05-08 10:30:00-04:00,2026-05-08 15:30:00-04:00
MU,2026-05-11,2026-05-22,11,810.0,810.0,1.09705,1.1209,2026-05-11 10:30:00-04:00,2026-05-11 15:30:00-04:00
NIO,2020-11-03,2020-11-13,10,33.0,33.0,1.0774,1.0642,2020-11-03 10:30:00-05:00,2020-11-03 15:30:00-05:00
NIO,2020-11-04,2020-11-13,9,37.0,37.0,1.0068,1.10495,2020-11-04 10:30:00-05:00,2020-11-04 15:30:00-05:00
NIO,2020-11-05,2020-11-13,8,39.0,39.0,1.10495,1.07885,2020-11-05 10:30:00-05:00,2020-11-05 15:30:00-05:00
NIO,2020-11-06,2020-11-13,7,42.0,42.0,1.2027,1.0982500000000002,2020-11-06 10:30:00-05:00,2020-11-06 15:30:00-05:00
NIO,2020-11-10,2020-11-20,10,45.0,45.0,1.6197,1.5892499999999998,2020-11-10 10:30:00-05:00,2020-11-10 15:30:00-05:00
NIO,2020-11-11,2020-11-20,9,39.0,39.0,1.4573,1.31135,2020-11-11 10:30:00-05:00,2020-11-11 15:30:00-05:00
NIO,2020-11-12,2020-11-20,8,45.5,45.5,1.4686499999999998,1.5961,2020-11-12 10:30:00-05:00,2020-11-12 15:30:00-05:00
NIO,2020-11-09,2020-11-20,11,42.5,42.5,1.3162,1.33875,2020-11-09 10:30:00-05:00,2020-11-09 15:30:00-05:00
NKLA,2023-07-03,2023-07-14,11,1.5,1.5,2.4804500000000003,2.3304,2023-07-03 10:30:00-04:00,2023-07-03 15:30:00-04:00
NKLA,2020-06-04,2020-06-12,8,32.5,32.5,1.5950000000000002,1.47015,2020-06-04 10:30:00-04:00,2020-06-04 15:30:00-04:00
NKLA,2023-07-06,2023-07-14,8,1.5,1.5,2.1523000000000003,2.10935,2023-07-06 10:30:00-04:00,2023-07-06 15:30:00-04:00
NKLA,2023-07-05,2023-07-14,9,1.5,1.5,2.33745,1.9976500000000001,2023-07-05 10:30:00-04:00,2023-07-05 15:30:00-04:00
NKLA,2023-07-10,2023-07-21,11,1.5,1.5,1.85035,1.6515,2023-07-10 10:30:00-04:00,2023-07-10 15:30:00-04:00
NKLA,2020-06-05,2020-06-12,7,34.5,34.5,1.5438,1.4514999999999998,2020-06-05 10:30:00-04:00,2020-06-05 15:30:00-04:00
NKLA,2023-07-12,2023-07-21,9,1.5,1.5,1.60465,1.4734,2023-07-12 10:30:00-04:00,2023-07-12 15:30:00-04:00
NKLA,2023-07-07,2023-07-14,7,1.5,1.5,1.8991500000000001,1.7648000000000001,2023-07-07 10:30:00-04:00,2023-07-07 15:30:00-04:00
NKLA,2023-07-13,2023-07-21,8,1.5,1.5,1.5062000000000002,2.2562,2023-07-13 10:30:00-04:00,2023-07-13 15:30:00-04:00
NKLA,2023-07-11,2023-07-21,10,1.5,1.5,1.4242,1.4625,2023-07-11 10:30:00-04:00,2023-07-11 15:30:00-04:00
NVAX,2024-05-24,2024-05-31,7,15.0,15.0,1.06595,0.9406,2024-05-24 10:30:00-04:00,2024-05-24 15:30:00-04:00
NVAX,2024-05-29,2024-06-07,9,15.0,15.0,1.08375,1.04725,2024-05-29 10:30:00-04:00,2024-05-29 15:30:00-04:00
NVAX,2024-05-28,2024-06-07,10,15.5,15.5,1.2389000000000001,1.08705,2024-05-28 10:30:00-04:00,2024-05-28 15:30:00-04:00
NKLA,2020-06-08,2020-06-19,11,38.5,38.5,2.17395,3.4282,2020-06-08 10:30:00-04:00,2020-06-08 15:30:00-04:00
NVAX,2024-05-31,2024-06-07,7,15.5,15.5,0.9499500000000001,0.93355,2024-05-31 10:30:00-04:00,2024-05-31 15:30:00-04:00
NVAX,2024-05-30,2024-06-07,8,15.0,15.0,1.03025,0.9312,2024-05-30 10:30:00-04:00,2024-05-30 15:30:00-04:00
NVAX,2024-06-03,2024-06-14,11,15.0,15.0,0.9769,1.02495,2024-06-03 10:30:00-04:00,2024-06-03 15:30:00-04:00
NVAX,2024-06-04,2024-06-14,10,18.0,18.0,1.10155,1.06595,2024-06-04 10:30:00-04:00,2024-06-04 15:30:00-04:00
NVAX,2024-06-05,2024-06-14,9,18.0,18.0,1.3941,1.673,2024-06-05 10:30:00-04:00,2024-06-05 15:30:00-04:00
NVDA,2024-01-26,2024-02-02,7,615.0,615.0,0.40449999999999997,0.3952,2024-01-26 10:30:00-05:00,2024-01-26 15:30:00-05:00
NVDA,2024-01-29,2024-02-09,11,612.5,612.5,0.40675,0.38835,2024-01-29 10:30:00-05:00,2024-01-29 15:30:00-05:00
NVDA,2024-01-25,2024-02-02,8,625.0,625.0,0.4037,0.4086,2024-01-25 10:30:00-05:00,2024-01-25 15:30:00-05:00
NVDA,2024-01-30,2024-02-09,10,630.0,630.0,0.40349999999999997,0.40485,2024-01-30 10:30:00-05:00,2024-01-30 15:30:00-05:00
NVDA,2024-02-02,2024-02-09,7,642.5,642.5,0.36005,0.35309999999999997,2024-02-02 10:30:00-05:00,2024-02-02 15:30:00-05:00
NVDA,2024-02-06,2024-02-16,10,690.0,690.0,0.45605,0.46065,2024-02-06 10:30:00-05:00,2024-02-06 15:30:00-05:00
NVDA,2024-01-31,2024-02-09,9,620.0,620.0,0.39225,0.37285,2024-01-31 10:30:00-05:00,2024-01-31 15:30:00-05:00
NVDA,2024-02-01,2024-02-09,8,620.0,620.0,0.37405,0.3539,2024-02-01 10:30:00-05:00,2024-02-01 15:30:00-05:00
NVDA,2024-02-05,2024-02-16,11,695.0,695.0,0.43405000000000005,0.44175,2024-02-05 10:30:00-05:00,2024-02-05 15:30:00-05:00
NVDA,2024-02-07,2024-02-16,9,680.0,680.0,0.44335,0.4158,2024-02-07 10:30:00-05:00,2024-02-07 15:30:00-05:00
NVDA,2024-02-08,2024-02-16,8,705.0,705.0,0.43035,0.3993,2024-02-08 10:30:00-05:00,2024-02-08 15:30:00-05:00
NVDA,2024-02-09,2024-02-16,7,705.0,705.0,0.3921,0.3785,2024-02-09 10:30:00-05:00,2024-02-09 15:30:00-05:00
NVDA,2024-02-27,2024-03-08,10,795.0,795.0,0.45295,0.4244,2024-02-27 10:30:00-05:00,2024-02-27 15:30:00-05:00
NVDA,2024-02-28,2024-03-08,9,780.0,780.0,0.41435,0.3992,2024-02-28 10:30:00-05:00,2024-02-28 15:30:00-05:00
NVDA,2024-03-01,2024-03-08,7,805.0,805.0,0.3756,0.37024999999999997,2024-03-01 10:30:00-05:00,2024-03-01 15:30:00-05:00
NVDA,2024-02-29,2024-03-08,8,795.0,795.0,0.39695,0.36760000000000004,2024-02-29 10:30:00-05:00,2024-02-29 15:30:00-05:00
NVDA,2024-03-04,2024-03-15,11,845.0,845.0,0.4468,0.46885,2024-03-04 10:30:00-05:00,2024-03-04 15:30:00-05:00
NVDA,2024-03-05,2024-03-15,10,850.0,850.0,0.48714999999999997,0.49605,2024-03-05 10:30:00-05:00,2024-03-05 15:30:00-05:00
NVDA,2024-03-06,2024-03-15,9,880.0,880.0,0.5143500000000001,0.5087999999999999,2024-03-06 10:30:00-05:00,2024-03-06 15:30:00-05:00
NVDA,2024-03-07,2024-03-15,8,905.0,905.0,0.5479,0.5692,2024-03-07 10:30:00-05:00,2024-03-07 15:30:00-05:00
NVDA,2024-05-24,2024-05-31,7,1045.0,1045.0,0.36605,0.3339,2024-05-24 10:30:00-04:00,2024-05-24 15:30:00-04:00
NVDA,2024-05-28,2024-06-07,10,1110.0,1110.0,0.4611,0.49805,2024-05-28 10:30:00-04:00,2024-05-28 15:30:00-04:00
NVDA,2024-05-29,2024-06-07,9,1130.0,1130.0,0.52425,0.4978,2024-05-29 10:30:00-04:00,2024-05-29 15:30:00-04:00
NVDA,2024-05-30,2024-06-07,8,1145.0,1145.0,0.5058,0.48755,2024-05-30 10:30:00-04:00,2024-05-30 15:30:00-04:00
NVDA,2024-05-31,2024-06-07,7,1110.0,1110.0,0.5062,0.48895,2024-05-31 10:30:00-04:00,2024-05-31 15:30:00-04:00
NVDA,2024-06-03,2024-06-14,11,1142.5,1142.5,0.52945,0.52135,2024-06-03 10:30:00-04:00,2024-06-03 15:30:00-04:00
NVDA,2024-06-04,2024-06-14,10,1152.5,1152.5,0.51905,0.50125,2024-06-04 10:30:00-04:00,2024-06-04 15:30:00-04:00
NVDA,2024-06-07,2024-06-14,7,1180.0,1180.0,0.5983,0.5596,2024-06-07 10:30:00-04:00,2024-06-07 15:30:00-04:00
NVDA,2024-06-05,2024-06-14,9,1180.0,1180.0,0.51215,0.5341,2024-06-05 10:30:00-04:00,2024-06-05 15:30:00-04:00
NVDA,2024-06-10,2024-06-21,11,121.0,121.0,0.46725,0.4306,2024-06-10 10:30:00-04:00,2024-06-10 15:30:00-04:00
NVDA,2024-06-11,2024-06-21,10,122.0,122.0,0.4317,0.41645,2024-06-11 10:30:00-04:00,2024-06-11 15:30:00-04:00
NVDA,2024-06-12,2024-06-21,9,124.0,124.0,0.4245,0.39985,2024-06-12 10:30:00-04:00,2024-06-12 15:30:00-04:00
NVDA,2024-06-13,2024-06-21,8,129.0,129.0,0.394,0.393,2024-06-13 10:30:00-04:00,2024-06-13 15:30:00-04:00
OKLO,2024-10-11,2024-10-18,7,10.0,10.0,1.0460500000000001,1.10155,2024-10-11 10:30:00-04:00,2024-10-11 15:30:00-04:00
NVDA,2024-06-18,2024-06-28,10,132.0,132.0,0.47525,0.45405,2024-06-18 10:30:00-04:00,2024-06-18 15:30:00-04:00
OKLO,2024-10-14,2024-11-15,32,10.0,10.0,1.07945,1.202,2024-10-14 10:30:00-04:00,2024-10-14 15:30:00-04:00
OKLO,2024-10-15,2024-11-15,31,10.0,10.0,1.2156500000000001,1.2361499999999999,2024-10-15 10:30:00-04:00,2024-10-15 15:30:00-04:00
NVDA,2024-06-17,2024-06-28,11,133.0,133.0,0.5219499999999999,0.4817,2024-06-17 10:30:00-04:00,2024-06-17 15:30:00-04:00
OKLO,2024-10-18,2024-11-15,28,15.0,15.0,1.5855,1.4849999999999999,2024-10-18 10:30:00-04:00,2024-10-18 15:30:00-04:00
OKLO,2024-10-16,2024-11-15,30,12.5,12.5,1.37635,1.446,2024-10-16 10:30:00-04:00,2024-10-16 15:30:00-04:00
OKLO,2024-10-21,2024-11-15,25,20.0,20.0,1.7433999999999998,1.69385,2024-10-21 10:30:00-04:00,2024-10-21 15:30:00-04:00
OKLO,2024-10-17,2024-11-15,29,15.0,15.0,1.5075500000000002,1.4901499999999999,2024-10-17 10:30:00-04:00,2024-10-17 15:30:00-04:00
OKLO,2024-10-23,2024-11-15,23,20.0,20.0,1.6162999999999998,1.5373,2024-10-23 10:30:00-04:00,2024-10-23 15:30:00-04:00
NVDA,2024-06-14,2024-06-21,7,129.0,129.0,0.4484,0.43455,2024-06-14 10:30:00-04:00,2024-06-14 15:30:00-04:00
OKLO,2024-10-22,2024-11-15,24,21.0,21.0,1.65965,1.58515,2024-10-22 10:30:00-04:00,2024-10-22 15:30:00-04:00
OKLO,2024-10-28,2024-11-08,11,20.5,20.5,1.7475,1.69415,2024-10-28 10:30:00-04:00,2024-10-28 15:30:00-04:00
OKLO,2024-10-24,2024-11-01,8,19.5,19.5,1.6265,1.37355,2024-10-24 10:30:00-04:00,2024-10-24 15:30:00-04:00
OKLO,2024-10-25,2024-11-01,7,19.0,19.0,1.49185,1.3866,2024-10-25 10:30:00-04:00,2024-10-25 15:30:00-04:00
OKLO,2024-10-29,2024-11-08,10,23.0,23.0,1.70035,1.7393,2024-10-29 10:30:00-04:00,2024-10-29 15:30:00-04:00
OPEN,2025-07-11,2025-07-18,7,1.0,1.0,1.50625,1.8828,2025-07-11 10:30:00-04:00,2025-07-11 15:30:00-04:00
OPEN,2025-07-10,2025-07-18,8,0.5,0.5,2.4687,2.0,2025-07-10 11:30:00-04:00,2025-07-10 15:30:00-04:00
OPEN,2025-07-14,2025-07-25,11,1.0,1.0,1.9531,2.2929000000000004,2025-07-14 10:30:00-04:00,2025-07-14 15:30:00-04:00
OPEN,2025-07-09,2025-07-18,9,1.0,1.0,1.375,1.4625,2025-07-09 10:30:00-04:00,2025-07-09 15:30:00-04:00
OPEN,2025-07-15,2025-07-25,10,1.0,1.0,2.2578,2.2460500000000003,2025-07-15 10:30:00-04:00,2025-07-15 15:30:00-04:00
OPEN,2025-07-17,2025-07-25,8,2.0,2.0,3.83605,3.2304000000000004,2025-07-17 10:30:00-04:00,2025-07-17 15:30:00-04:00
OPEN,2025-07-18,2025-07-25,7,2.0,2.0,3.25385,3.61815,2025-07-18 10:30:00-04:00,2025-07-18 15:30:00-04:00
OPEN,2025-07-16,2025-07-25,9,1.0,1.0,2.6210500000000003,2.6093,2025-07-16 10:30:00-04:00,2025-07-16 15:30:00-04:00
PLTR,2020-11-17,2020-11-27,10,16.0,16.0,1.02905,1.1162,2020-11-17 10:30:00-05:00,2020-11-17 15:30:00-05:00
PLTR,2020-11-16,2020-11-27,11,15.0,15.0,1.09585,0.95345,2020-11-16 10:30:00-05:00,2020-11-16 15:30:00-05:00
PLTR,2020-11-19,2020-11-27,8,19.0,19.0,1.13845,1.0373,2020-11-19 10:30:00-05:00,2020-11-19 15:30:00-05:00
PLTR,2020-11-18,2020-11-27,9,18.0,18.0,1.3804,1.08355,2020-11-18 10:30:00-05:00,2020-11-18 15:30:00-05:00
PLTR,2020-11-20,2020-11-27,7,19.0,19.0,1.04605,1.09195,2020-11-20 10:30:00-05:00,2020-11-20 15:30:00-05:00
PLTR,2020-11-23,2020-12-04,11,19.0,19.0,1.23345,1.2368999999999999,2020-11-23 10:30:00-05:00,2020-11-23 15:30:00-05:00
PLTR,2021-01-15,2021-01-22,7,26.5,26.5,0.98275,0.7888,2021-01-15 10:30:00-05:00,2021-01-15 15:30:00-05:00
PLTR,2021-01-19,2021-01-29,10,26.5,26.5,1.0979999999999999,1.0478,2021-01-19 10:30:00-05:00,2021-01-19 15:30:00-05:00
PLTR,2021-01-21,2021-01-29,8,26.0,26.0,1.0015,0.9224,2021-01-21 10:30:00-05:00,2021-01-21 15:30:00-05:00
PLTR,2020-11-25,2020-12-04,9,24.0,24.0,1.73795,1.7974,2020-11-25 10:30:00-05:00,2020-11-25 15:30:00-05:00
PLTR,2020-11-24,2020-12-04,10,23.0,23.0,1.55265,1.47405,2020-11-24 10:30:00-05:00,2020-11-24 15:30:00-05:00
PLTR,2021-01-20,2021-01-29,9,27.0,27.0,1.02495,1.00035,2021-01-20 10:30:00-05:00,2021-01-20 15:30:00-05:00
PLTR,2021-01-22,2021-01-29,7,26.5,26.5,0.9652000000000001,1.1699,2021-01-22 10:30:00-05:00,2021-01-22 15:30:00-05:00
PLTR,2021-01-25,2021-02-05,11,36.0,36.0,1.6166,1.6511,2021-01-25 10:30:00-05:00,2021-01-25 15:30:00-05:00
PLTR,2021-01-26,2021-02-05,10,35.5,35.5,1.5758999999999999,1.5592000000000001,2021-01-26 10:30:00-05:00,2021-01-26 15:30:00-05:00
PLTR,2023-05-25,2023-06-02,8,13.0,13.0,0.841,0.73195,2023-05-25 10:30:00-04:00,2023-05-25 15:30:00-04:00
PLTR,2021-01-27,2021-02-05,9,33.5,33.5,1.4466999999999999,1.7266499999999998,2021-01-27 10:30:00-05:00,2021-01-27 15:30:00-05:00
PLTR,2023-05-26,2023-06-02,7,13.0,13.0,0.87495,0.80935,2023-05-26 10:30:00-04:00,2023-05-26 15:30:00-04:00
PLTR,2023-05-30,2023-06-09,10,14.5,14.5,1.0191,0.9698500000000001,2023-05-30 10:30:00-04:00,2023-05-30 15:30:00-04:00
PLTR,2023-06-01,2023-06-09,8,14.5,14.5,0.93355,0.76715,2023-06-01 10:30:00-04:00,2023-06-01 15:30:00-04:00
PLTR,2023-05-31,2023-06-09,9,14.0,14.0,0.8984,0.8913500000000001,2023-05-31 10:30:00-04:00,2023-05-31 15:30:00-04:00
PLTR,2023-06-02,2023-06-09,7,14.5,14.5,0.7729999999999999,0.6984,2023-06-02 10:30:00-04:00,2023-06-02 15:30:00-04:00
PLTR,2023-06-06,2023-06-16,10,15.0,15.0,0.74605,0.6616500000000001,2023-06-06 10:30:00-04:00,2023-06-06 15:30:00-04:00
PLTR,2023-06-05,2023-06-16,11,14.5,14.5,0.7266999999999999,0.7061999999999999,2023-06-05 10:30:00-04:00,2023-06-05 15:30:00-04:00
PLUG,2021-01-05,2021-01-15,10,31.5,31.5,1.0985,0.9904,2021-01-05 10:30:00-05:00,2021-01-05 15:30:00-05:00
PLUG,2021-01-06,2021-01-15,9,34.5,34.5,0.9780500000000001,0.9452499999999999,2021-01-06 10:30:00-05:00,2021-01-06 15:30:00-05:00
PLUG,2021-01-08,2021-01-15,7,52.0,52.0,1.37805,1.4528500000000002,2021-01-08 10:30:00-05:00,2021-01-08 15:30:00-05:00
PLUG,2021-01-07,2021-01-15,8,45.0,45.0,1.19515,1.0827,2021-01-07 10:30:00-05:00,2021-01-07 15:30:00-05:00
PLUG,2021-01-11,2021-01-22,11,51.0,51.0,1.3794,1.1564,2021-01-11 10:30:00-05:00,2021-01-11 15:30:00-05:00
PLUG,2021-01-12,2021-01-22,10,62.0,62.0,1.43035,1.3534000000000002,2021-01-12 10:30:00-05:00,2021-01-12 15:30:00-05:00
PLUG,2021-01-13,2021-01-22,9,68.0,68.0,1.71075,1.68,2021-01-13 10:30:00-05:00,2021-01-13 15:30:00-05:00
PLUG,2021-01-14,2021-01-22,8,65.0,65.0,1.4956,1.38025,2021-01-14 10:30:00-05:00,2021-01-14 15:30:00-05:00
QS,2020-12-11,2020-12-18,7,70.0,70.0,1.7821500000000001,1.8482,2020-12-11 10:30:00-05:00,2020-12-11 15:30:00-05:00
QS,2020-12-16,2020-12-24,8,57.0,57.0,1.4981,1.41345,2020-12-16 10:30:00-05:00,2020-12-16 15:30:00-05:00
QS,2020-12-14,2020-12-24,10,61.0,61.0,1.8793,1.7654999999999998,2020-12-14 10:30:00-05:00,2020-12-14 15:30:00-05:00
QS,2020-12-15,2020-12-24,9,56.0,56.0,1.5686,1.4167,2020-12-15 10:30:00-05:00,2020-12-15 15:30:00-05:00
QS,2020-12-17,2020-12-24,7,62.5,62.5,1.5914,1.4864,2020-12-17 10:30:00-05:00,2020-12-17 15:30:00-05:00
RIOT,2023-07-03,2023-07-14,11,12.0,12.0,0.8562000000000001,0.7804,2023-07-03 10:30:00-04:00,2023-07-03 15:30:00-04:00
RIOT,2023-07-05,2023-07-14,9,12.5,12.5,0.9851000000000001,0.9312499999999999,2023-07-05 10:30:00-04:00,2023-07-05 15:30:00-04:00
RIOT,2023-07-06,2023-07-14,8,13.5,13.5,1.0132,0.9440999999999999,2023-07-06 10:30:00-04:00,2023-07-06 15:30:00-04:00
QS,2020-12-18,2020-12-24,6,65.0,65.0,1.3998499999999998,1.2173,2020-12-18 10:30:00-05:00,2020-12-18 15:30:00-05:00
QS,2020-12-21,2020-12-31,10,68.0,68.0,1.75575,1.75755,2020-12-21 10:30:00-05:00,2020-12-21 15:30:00-05:00
RIOT,2023-07-07,2023-07-14,7,14.0,14.0,0.97105,0.9370499999999999,2023-07-07 10:30:00-04:00,2023-07-07 15:30:00-04:00
RIOT,2023-07-10,2023-07-21,11,15.5,15.5,1.08415,1.1065999999999998,2023-07-10 10:30:00-04:00,2023-07-10 15:30:00-04:00
RIOT,2023-07-12,2023-07-21,9,18.0,18.0,1.1602999999999999,1.1712500000000001,2023-07-12 10:30:00-04:00,2023-07-12 15:30:00-04:00
RIOT,2023-07-11,2023-07-21,10,17.0,17.0,1.15415,1.1316000000000002,2023-07-11 10:30:00-04:00,2023-07-11 15:30:00-04:00
RIOT,2023-07-13,2023-07-21,8,18.0,18.0,1.1883,1.3148,2023-07-13 10:30:00-04:00,2023-07-13 15:30:00-04:00
RIVN,2023-06-27,2023-07-07,10,13.5,13.5,0.73085,0.71555,2023-06-27 10:30:00-04:00,2023-06-27 15:30:00-04:00
QS,2020-12-22,2020-12-31,9,98.0,98.0,2.5797,2.0860499999999997,2020-12-22 10:30:00-05:00,2020-12-22 15:30:00-05:00
RIVN,2023-06-28,2023-07-07,9,14.0,14.0,0.7132499999999999,0.7109000000000001,2023-06-28 10:30:00-04:00,2023-06-28 15:30:00-04:00
RIVN,2023-06-29,2023-07-07,8,15.0,15.0,0.74135,0.74605,2023-06-29 10:30:00-04:00,2023-06-29 15:30:00-04:00
RIVN,2023-06-30,2023-07-07,7,16.5,16.5,0.773,0.7267,2023-06-30 10:30:00-04:00,2023-06-30 15:30:00-04:00
RIVN,2023-07-03,2023-07-14,11,18.5,18.5,0.8092999999999999,0.7935,2023-07-03 10:30:00-04:00,2023-07-03 15:30:00-04:00
RIVN,2023-07-05,2023-07-14,9,20.0,20.0,0.81755,0.78415,2023-07-05 10:30:00-04:00,2023-07-05 15:30:00-04:00
RIVN,2023-07-06,2023-07-14,8,20.0,20.0,0.8151999999999999,0.80115,2023-07-06 10:30:00-04:00,2023-07-06 15:30:00-04:00
RIVN,2023-07-07,2023-07-14,7,23.0,23.0,1.02205,1.03315,2023-07-07 10:30:00-04:00,2023-07-07 15:30:00-04:00
SLV,2026-01-13,2026-01-21,8,80.0,80.0,0.7481,0.7443,2026-01-13 10:30:00-05:00,2026-01-13 15:30:00-05:00
SLV,2026-01-14,2026-01-21,7,83.0,83.0,0.78545,0.8698,2026-01-14 10:30:00-05:00,2026-01-14 15:30:00-05:00
SLV,2026-01-15,2026-01-21,6,81.5,81.5,0.78965,0.7779499999999999,2026-01-15 10:30:00-05:00,2026-01-15 15:30:00-05:00
SLV,2026-01-20,2026-01-26,6,86.0,86.0,0.69645,0.7159,2026-01-20 10:30:00-05:00,2026-01-20 15:30:00-05:00
SLV,2026-01-22,2026-01-28,6,85.5,85.5,0.6507499999999999,0.6451,2026-01-22 10:30:00-05:00,2026-01-22 15:30:00-05:00
SLV,2026-01-16,2026-01-23,7,81.0,81.0,0.8508,0.7724500000000001,2026-01-16 10:30:00-05:00,2026-01-16 15:30:00-05:00
SLV,2026-01-21,2026-01-28,7,85.5,85.5,0.72715,0.7536499999999999,2026-01-21 10:30:00-05:00,2026-01-21 15:30:00-05:00
SLV,2026-01-23,2026-01-30,7,90.0,90.0,0.74855,0.8074,2026-01-23 10:30:00-05:00,2026-01-23 15:30:00-05:00
SMCI,2024-01-26,2024-02-02,7,472.5,472.5,1.10425,1.09275,2024-01-26 10:30:00-05:00,2024-01-26 15:30:00-05:00
SMCI,2024-01-29,2024-02-09,11,482.5,482.5,0.994,0.90195,2024-01-29 10:30:00-05:00,2024-01-29 15:30:00-05:00
SMCI,2024-01-25,2024-02-02,8,475.0,475.0,1.10135,1.0684,2024-01-25 10:30:00-05:00,2024-01-25 15:30:00-05:00
SMCI,2024-02-06,2024-02-16,10,670.0,670.0,0.90825,0.897,2024-02-06 10:30:00-05:00,2024-02-06 15:30:00-05:00
SMCI,2024-01-30,2024-02-09,10,530.0,530.0,0.733,0.6719999999999999,2024-01-30 10:30:00-05:00,2024-01-30 15:30:00-05:00
SMCI,2024-02-02,2024-02-09,7,600.0,600.0,0.7662,0.70245,2024-02-02 10:30:00-05:00,2024-02-02 15:30:00-05:00
SMCI,2024-01-31,2024-02-09,9,520.0,520.0,0.6611,0.62695,2024-01-31 10:30:00-05:00,2024-01-31 15:30:00-05:00
SMCI,2024-02-01,2024-02-09,8,542.5,542.5,0.6363,0.7133,2024-02-01 10:30:00-05:00,2024-02-01 15:30:00-05:00
SMCI,2024-02-05,2024-02-16,11,610.0,610.0,0.7822,0.8528,2024-02-05 10:30:00-05:00,2024-02-05 15:30:00-05:00
SMCI,2024-02-12,2024-02-23,11,765.0,765.0,1.0552,1.0619,2024-02-12 10:30:00-05:00,2024-02-12 15:30:00-05:00
SMCI,2024-02-08,2024-02-16,8,690.0,690.0,0.8247,0.76535,2024-02-08 10:30:00-05:00,2024-02-08 15:30:00-05:00
SMCI,2024-02-09,2024-02-16,7,710.0,710.0,0.8293,0.75495,2024-02-09 10:30:00-05:00,2024-02-09 15:30:00-05:00
SMCI,2024-02-07,2024-02-16,9,670.0,670.0,0.8976999999999999,0.8331,2024-02-07 10:30:00-05:00,2024-02-07 15:30:00-05:00
SMCI,2024-02-13,2024-02-23,10,760.0,760.0,1.14035,1.1125500000000001,2024-02-13 10:30:00-05:00,2024-02-13 15:30:00-05:00
SMH,2023-05-18,2023-05-26,8,131.25,131.25,0.26080000000000003,0.2673,2023-05-18 10:30:00-04:00,2023-05-18 15:30:00-04:00
SMH,2023-05-17,2023-05-26,9,127.5,127.5,0.24385,0.25145,2023-05-17 10:30:00-04:00,2023-05-17 15:30:00-04:00
SMCI,2024-02-15,2024-02-23,8,950.0,950.0,1.4271500000000001,1.5218500000000001,2024-02-15 10:30:00-05:00,2024-02-15 15:30:00-05:00
SMCI,2024-02-14,2024-02-23,9,830.0,830.0,1.2267,1.2234500000000001,2024-02-14 10:30:00-05:00,2024-02-14 15:30:00-05:00
SMH,2023-05-23,2023-06-02,10,132.5,132.5,0.2597,0.25945,2023-05-23 10:30:00-04:00,2023-05-23 15:30:00-04:00
SMH,2023-05-22,2023-06-02,11,132.5,132.5,0.26645,0.2555,2023-05-22 10:30:00-04:00,2023-05-22 15:30:00-04:00
SMH,2023-05-19,2023-05-26,7,133.75,133.75,0.25715,0.2557,2023-05-19 10:30:00-04:00,2023-05-19 15:30:00-04:00
SMH,2023-05-24,2023-06-02,9,128.75,128.75,0.29095000000000004,0.2885,2023-05-24 10:30:00-04:00,2023-05-24 15:30:00-04:00
SMH,2023-05-25,2023-06-02,8,137.5,137.5,0.32355,0.315,2023-05-25 10:30:00-04:00,2023-05-25 15:30:00-04:00
SMH,2023-05-26,2023-06-02,7,142.5,142.5,0.3231,0.3275,2023-05-26 10:30:00-04:00,2023-05-26 15:30:00-04:00
SNDK,2025-11-03,2025-11-14,11,207.5,207.5,1.35205,1.2610999999999999,2025-11-03 10:30:00-05:00,2025-11-03 15:30:00-05:00
SNDK,2025-11-04,2025-11-14,10,190.0,190.0,1.3594499999999998,1.2945000000000002,2025-11-04 10:30:00-05:00,2025-11-04 15:30:00-05:00
SNDK,2025-11-05,2025-11-14,9,205.0,205.0,1.4253,1.3758,2025-11-05 10:30:00-05:00,2025-11-05 15:30:00-05:00
SNDK,2025-11-07,2025-11-14,7,207.5,207.5,1.14025,1.0968,2025-11-07 10:30:00-05:00,2025-11-07 15:30:00-05:00
SNDK,2025-11-06,2025-11-14,8,215.0,215.0,1.4205999999999999,1.3467500000000001,2025-11-06 10:30:00-05:00,2025-11-06 15:30:00-05:00
SNDK,2025-11-11,2025-11-21,10,260.0,260.0,1.0762,1.09405,2025-11-11 10:30:00-05:00,2025-11-11 15:30:00-05:00
SNDK,2025-11-10,2025-11-21,11,260.0,260.0,1.2579,1.2060499999999998,2025-11-10 10:30:00-05:00,2025-11-10 15:30:00-05:00
SNDK,2025-11-12,2025-11-21,9,270.0,270.0,1.1853500000000001,1.1499000000000001,2025-11-12 10:30:00-05:00,2025-11-12 15:30:00-05:00
SNDK,2026-04-24,2026-05-01,7,960.0,960.0,1.5747,1.5506,2026-04-24 10:30:00-04:00,2026-04-24 15:30:00-04:00
SNDK,2026-04-27,2026-05-08,11,1030.0,1030.0,1.3881000000000001,1.4104,2026-04-27 10:30:00-04:00,2026-04-27 15:30:00-04:00
SNDK,2026-04-29,2026-05-08,9,1080.0,1080.0,1.4089,1.3783500000000002,2026-04-29 10:30:00-04:00,2026-04-29 15:30:00-04:00
SNDK,2026-04-28,2026-05-08,10,1030.0,1030.0,1.45355,1.36525,2026-04-28 10:30:00-04:00,2026-04-28 15:30:00-04:00
SNDK,2026-05-01,2026-05-08,7,1070.0,1070.0,1.0585499999999999,0.97455,2026-05-01 10:30:00-04:00,2026-05-01 15:30:00-04:00
SNDK,2026-04-30,2026-05-08,8,1110.0,1110.0,1.28015,1.2709000000000001,2026-04-30 10:30:00-04:00,2026-04-30 15:30:00-04:00
SNDK,2026-05-06,2026-05-15,9,1430.0,1430.0,1.0874000000000001,1.0703,2026-05-06 10:30:00-04:00,2026-05-06 15:30:00-04:00
SNDK,2026-05-04,2026-05-15,11,1220.0,1220.0,1.0241,1.0337,2026-05-04 10:30:00-04:00,2026-05-04 15:30:00-04:00
SNDK,2026-05-05,2026-05-15,10,1320.0,1320.0,1.08865,1.14295,2026-05-05 10:30:00-04:00,2026-05-05 15:30:00-04:00
SOXL,2026-04-15,2026-04-24,9,85.0,85.0,1.0989499999999999,1.1642000000000001,2026-04-15 10:30:00-04:00,2026-04-15 15:30:00-04:00
SNDK,2026-05-08,2026-05-15,7,1405.0,1405.0,1.0443500000000001,1.1025,2026-05-08 10:30:00-04:00,2026-05-08 15:30:00-04:00
SNDK,2026-05-07,2026-05-15,8,1390.0,1390.0,1.06775,1.0288,2026-05-07 10:30:00-04:00,2026-05-07 15:30:00-04:00
SOXL,2026-04-17,2026-04-24,7,92.0,92.0,1.05765,1.05685,2026-04-17 10:30:00-04:00,2026-04-17 15:30:00-04:00
SNDK,2026-05-11,2026-05-22,11,1590.0,1590.0,1.22195,1.23,2026-05-11 10:30:00-04:00,2026-05-11 15:30:00-04:00
SOXL,2026-04-16,2026-04-24,8,85.0,85.0,1.1863000000000001,1.15585,2026-04-16 10:30:00-04:00,2026-04-16 15:30:00-04:00
SOXL,2026-04-20,2026-05-01,11,96.0,96.0,1.18385,1.1844000000000001,2026-04-20 10:30:00-04:00,2026-04-20 15:30:00-04:00
SOXL,2026-04-21,2026-05-01,10,98.0,98.0,1.22375,1.2802,2026-04-21 10:30:00-04:00,2026-04-21 15:30:00-04:00
SOXL,2026-04-23,2026-05-01,8,110.0,110.0,1.2927499999999998,1.33865,2026-04-23 10:30:00-04:00,2026-04-23 15:30:00-04:00
SOXL,2026-04-24,2026-05-01,7,128.0,128.0,1.351,1.35635,2026-04-24 10:30:00-04:00,2026-04-24 15:30:00-04:00
SOXL,2026-04-22,2026-05-01,9,103.0,103.0,1.21345,1.28845,2026-04-22 10:30:00-04:00,2026-04-22 15:30:00-04:00
SOXL,2026-04-30,2026-05-08,8,120.0,120.0,1.2739500000000001,1.26105,2026-04-30 10:30:00-04:00,2026-04-30 15:30:00-04:00
SOXL,2026-05-01,2026-05-08,7,124.0,124.0,1.15015,1.1545,2026-05-01 10:30:00-04:00,2026-05-01 15:30:00-04:00
SOXL,2026-05-04,2026-05-15,11,130.0,130.0,1.24055,1.25275,2026-05-04 10:30:00-04:00,2026-05-04 15:30:00-04:00
SOXL,2026-05-05,2026-05-15,10,135.0,135.0,1.27295,1.34905,2026-05-05 10:30:00-04:00,2026-05-05 15:30:00-04:00
SOXL,2026-05-06,2026-05-15,9,161.0,161.0,1.2648,1.3061500000000001,2026-05-06 10:30:00-04:00,2026-05-06 15:30:00-04:00
SOXL,2026-05-07,2026-05-15,8,160.0,160.0,1.2429000000000001,1.27705,2026-05-07 10:30:00-04:00,2026-05-07 15:30:00-04:00
SPCE,2021-01-21,2021-01-29,8,32.5,32.5,0.8767,1.0651,2021-01-21 10:30:00-05:00,2021-01-21 15:30:00-05:00
SOXL,2026-05-08,2026-05-15,7,165.0,165.0,1.3258999999999999,1.35195,2026-05-08 10:30:00-04:00,2026-05-08 15:30:00-04:00
SOXL,2026-05-11,2026-05-22,11,188.0,188.0,1.5779,1.6061,2026-05-11 10:30:00-04:00,2026-05-11 15:30:00-04:00
SPCE,2021-01-22,2021-01-29,7,33.5,33.5,0.9646,0.85095,2021-01-22 10:30:00-05:00,2021-01-22 15:30:00-05:00
SPCE,2021-01-27,2021-02-05,9,43.0,43.0,1.9072500000000001,2.05415,2021-01-27 10:30:00-05:00,2021-01-27 15:30:00-05:00
SPCE,2021-01-26,2021-02-05,10,38.0,38.0,1.2365,1.3510499999999999,2021-01-26 10:30:00-05:00,2021-01-26 15:30:00-05:00
SPCE,2021-01-25,2021-02-05,11,36.0,36.0,1.1654499999999999,1.18215,2021-01-25 10:30:00-05:00,2021-01-25 15:30:00-05:00
SPCE,2021-02-01,2021-02-12,11,48.0,48.0,1.9951500000000002,1.98605,2021-02-01 10:30:00-05:00,2021-02-01 15:30:00-05:00
SPCE,2021-01-29,2021-02-05,7,46.0,46.0,2.37495,2.0446,2021-01-29 10:30:00-05:00,2021-01-29 15:30:00-05:00
SPCE,2021-06-17,2021-06-25,8,36.0,36.0,0.97635,0.92595,2021-06-17 10:30:00-04:00,2021-06-17 15:30:00-04:00
SPCE,2021-01-28,2021-02-05,8,48.0,48.0,3.2132,2.3885,2021-01-28 10:30:00-05:00,2021-01-28 15:30:00-05:00
SPCE,2021-06-18,2021-06-25,7,37.0,37.0,1.00475,0.9282999999999999,2021-06-18 10:30:00-04:00,2021-06-18 15:30:00-04:00
SPCE,2021-06-21,2021-07-02,11,36.0,36.0,1.0718,1.00415,2021-06-21 10:30:00-04:00,2021-06-21 15:30:00-04:00
SPCE,2021-06-23,2021-07-02,9,40.0,40.0,1.0237500000000002,1.0009000000000001,2021-06-23 10:30:00-04:00,2021-06-23 15:30:00-04:00
SPCE,2021-06-22,2021-07-02,10,36.0,36.0,1.09195,1.0387499999999998,2021-06-22 10:30:00-04:00,2021-06-22 15:30:00-04:00
SPCE,2021-06-29,2021-07-09,10,53.0,53.0,1.5007000000000001,1.6053000000000002,2021-06-29 10:30:00-04:00,2021-06-29 15:30:00-04:00
SPCE,2021-06-25,2021-07-02,7,48.0,48.0,1.58445,1.80355,2021-06-25 10:30:00-04:00,2021-06-25 15:30:00-04:00
SPCE,2021-06-24,2021-07-02,8,41.0,41.0,0.9918499999999999,0.96515,2021-06-24 10:30:00-04:00,2021-06-24 15:30:00-04:00
SPCE,2021-06-28,2021-07-09,11,55.0,55.0,1.5282,1.56945,2021-06-28 10:30:00-04:00,2021-06-28 15:30:00-04:00
SPCE,2021-06-30,2021-07-09,9,45.0,45.0,1.3548,1.3883,2021-06-30 10:30:00-04:00,2021-06-30 15:30:00-04:00
SPCE,2021-07-07,2021-07-16,9,46.0,46.0,1.92045,1.9117,2021-07-07 10:30:00-04:00,2021-07-07 15:30:00-04:00
SPCE,2021-07-01,2021-07-09,8,46.0,46.0,1.3930500000000001,1.29735,2021-07-01 10:30:00-04:00,2021-07-01 15:30:00-04:00
SPCE,2021-07-02,2021-07-09,7,51.0,51.0,1.63265,1.6822,2021-07-02 10:30:00-04:00,2021-07-02 15:30:00-04:00
TEM,2024-08-08,2024-08-16,8,40.0,40.0,0.8316,0.8091999999999999,2024-08-08 10:30:00-04:00,2024-08-08 15:30:00-04:00
SPCE,2021-07-06,2021-07-16,10,46.0,46.0,1.9377,1.86475,2021-07-06 10:30:00-04:00,2021-07-06 15:30:00-04:00
SPCE,2021-07-08,2021-07-16,8,44.0,44.0,2.2559500000000003,2.3712999999999997,2021-07-08 10:30:00-04:00,2021-07-08 15:30:00-04:00
TEM,2024-08-09,2024-08-16,7,40.0,40.0,0.7919499999999999,0.7308,2024-08-09 10:30:00-04:00,2024-08-09 15:30:00-04:00
SPCE,2021-07-09,2021-07-16,7,52.0,52.0,2.5866,2.43645,2021-07-09 10:30:00-04:00,2021-07-09 15:30:00-04:00
TSLA,2023-06-12,2023-06-23,11,250.0,250.0,0.5838,0.56025,2023-06-12 10:30:00-04:00,2023-06-12 15:30:00-04:00
TSLA,2023-06-08,2023-06-16,8,225.0,225.0,0.53925,0.5406,2023-06-08 10:30:00-04:00,2023-06-08 15:30:00-04:00
TSLA,2023-06-13,2023-06-23,10,255.0,255.0,0.55335,0.5538000000000001,2023-06-13 10:30:00-04:00,2023-06-13 15:30:00-04:00
TSLA,2023-06-09,2023-06-16,7,247.5,247.5,0.62215,0.5710500000000001,2023-06-09 10:30:00-04:00,2023-06-09 15:30:00-04:00
TSLA,2023-06-14,2023-06-23,9,257.5,257.5,0.57535,0.5701499999999999,2023-06-14 10:30:00-04:00,2023-06-14 15:30:00-04:00
TSLA,2023-06-16,2023-06-23,7,260.0,260.0,0.5682,0.5312,2023-06-16 10:30:00-04:00,2023-06-16 15:30:00-04:00
TSLA,2023-06-15,2023-06-23,8,252.5,252.5,0.58915,0.5601,2023-06-15 10:30:00-04:00,2023-06-15 15:30:00-04:00
TSLA,2023-06-20,2023-06-30,10,265.0,265.0,0.6188,0.6007,2023-06-20 10:30:00-04:00,2023-06-20 15:30:00-04:00
TSLA,2024-10-31,2024-11-08,8,257.5,257.5,0.6315,0.5903,2024-10-31 10:30:00-04:00,2024-10-31 15:30:00-04:00
TSLA,2024-11-01,2024-11-08,7,252.5,252.5,0.5803,0.594,2024-11-01 10:30:00-04:00,2024-11-01 15:30:00-04:00
TSLA,2024-11-04,2024-11-15,11,242.5,242.5,0.6528499999999999,0.6529499999999999,2024-11-04 10:30:00-05:00,2024-11-04 15:30:00-05:00
TSLA,2024-11-05,2024-11-15,10,250.0,250.0,0.6749,0.70285,2024-11-05 10:30:00-05:00,2024-11-05 15:30:00-05:00
TSLA,2024-11-06,2024-11-15,9,287.5,287.5,0.5715,0.5856,2024-11-06 10:30:00-05:00,2024-11-06 15:30:00-05:00
TSLA,2024-11-07,2024-11-15,8,287.5,287.5,0.5979000000000001,0.5358,2024-11-07 10:30:00-05:00,2024-11-07 15:30:00-05:00
UAL,2023-01-05,2023-01-13,8,39.5,39.5,0.4975,0.48135,2023-01-05 10:30:00-05:00,2023-01-05 15:30:00-05:00
TSLA,2024-11-08,2024-11-15,7,302.5,302.5,0.6913,0.7073,2024-11-08 10:30:00-05:00,2024-11-08 15:30:00-05:00
UAL,2023-01-09,2023-01-20,11,42.5,42.5,0.53625,0.5347500000000001,2023-01-09 10:30:00-05:00,2023-01-09 15:30:00-05:00
UAL,2023-01-06,2023-01-13,7,41.5,41.5,0.44745,0.42574999999999996,2023-01-06 10:30:00-05:00,2023-01-06 15:30:00-05:00
TSLA,2024-11-11,2024-11-22,11,350.0,350.0,0.8269,0.8545,2024-11-11 10:30:00-05:00,2024-11-11 15:30:00-05:00
UAL,2023-01-10,2023-01-20,10,43.5,43.5,0.558,0.5569999999999999,2023-01-10 10:30:00-05:00,2023-01-10 15:30:00-05:00
UAL,2023-01-11,2023-01-20,9,45.5,45.5,0.5683,0.58155,2023-01-11 10:30:00-05:00,2023-01-11 15:30:00-05:00
UAL,2023-01-12,2023-01-20,8,50.0,50.0,0.5973999999999999,0.57925,2023-01-12 10:30:00-05:00,2023-01-12 15:30:00-05:00
UAL,2023-01-13,2023-01-20,7,51.0,51.0,0.5824,0.55365,2023-01-13 10:30:00-05:00,2023-01-13 15:30:00-05:00
UAL,2023-01-17,2023-01-27,10,51.0,51.0,0.5384,0.5429,2023-01-17 10:30:00-05:00,2023-01-17 15:30:00-05:00
VXX,2024-07-25,2024-08-02,8,48.0,48.0,0.7523,0.74195,2024-07-25 10:30:00-04:00,2024-07-25 15:30:00-04:00
VXX,2024-07-26,2024-08-02,7,49.0,49.0,0.7976,0.7112499999999999,2024-07-26 10:30:00-04:00,2024-07-26 15:30:00-04:00
VXX,2024-07-29,2024-08-09,11,46.5,46.5,0.66245,0.6273,2024-07-29 10:30:00-04:00,2024-07-29 15:30:00-04:00
VXX,2024-07-30,2024-08-09,10,46.0,46.0,0.6436999999999999,0.6402,2024-07-30 10:30:00-04:00,2024-07-30 15:30:00-04:00
VXX,2024-07-31,2024-08-09,9,46.0,46.0,0.63005,0.62965,2024-07-31 10:30:00-04:00,2024-07-31 15:30:00-04:00
VXX,2024-08-01,2024-08-09,8,46.0,46.0,0.6644,0.7941,2024-08-01 10:30:00-04:00,2024-08-01 15:30:00-04:00
WISH,2021-05-27,2021-06-18,22,7.5,7.5,0.8902,0.9371,2021-05-27 10:30:00-04:00,2021-05-27 15:30:00-04:00
VXX,2024-08-02,2024-08-09,7,55.0,55.0,1.45575,1.61425,2024-08-02 10:30:00-04:00,2024-08-02 15:30:00-04:00
WISH,2021-05-28,2021-06-18,21,7.5,7.5,0.9523,0.93355,2021-05-28 10:30:00-04:00,2021-05-28 15:30:00-04:00
WISH,2021-06-01,2021-06-18,17,7.5,7.5,1.08665,1.08665,2021-06-01 10:30:00-04:00,2021-06-01 15:30:00-04:00
WISH,2021-06-02,2021-06-18,16,7.5,7.5,1.11385,1.3585500000000001,2021-06-02 10:30:00-04:00,2021-06-02 15:30:00-04:00
WISH,2021-06-03,2021-06-18,15,7.5,7.5,1.3996,1.2779,2021-06-03 10:30:00-04:00,2021-06-03 15:30:00-04:00
WISH,2021-06-04,2021-06-18,14,7.5,7.5,1.22595,1.21225,2021-06-04 10:30:00-04:00,2021-06-04 15:30:00-04:00
WISH,2021-06-07,2021-06-18,11,7.5,7.5,1.31755,1.25605,2021-06-07 10:30:00-04:00,2021-06-07 15:30:00-04:00
WISH,2021-06-08,2021-06-18,10,7.5,7.5,1.4050500000000001,2.5302499999999997,2021-06-08 10:30:00-04:00,2021-06-08 15:30:00-04:00
WKHS,2020-06-23,2020-07-17,24,7.5,7.5,2.4057,2.0717499999999998,2020-06-23 10:30:00-04:00,2020-06-23 15:30:00-04:00
WKHS,2020-06-25,2020-07-17,22,7.5,7.5,2.3657,2.0856500000000002,2020-06-25 10:30:00-04:00,2020-06-25 15:30:00-04:00
WKHS,2020-06-24,2020-07-17,23,7.5,7.5,1.89865,2.1848,2020-06-24 10:30:00-04:00,2020-06-24 15:30:00-04:00
WKHS,2020-06-26,2020-07-17,21,10.0,10.0,2.2841500000000003,2.2220999999999997,2020-06-26 10:30:00-04:00,2020-06-26 15:30:00-04:00
WKHS,2020-06-29,2020-07-17,18,10.0,10.0,2.4002499999999998,2.4366,2020-06-29 10:30:00-04:00,2020-06-29 15:30:00-04:00
XPEV,2020-11-03,2020-11-20,17,20.0,20.0,1.1678000000000002,1.1609500000000001,2020-11-03 10:30:00-05:00,2020-11-03 15:30:00-05:00
WKHS,2020-06-30,2020-07-17,17,15.0,15.0,3.0893999999999995,2.92145,2020-06-30 10:30:00-04:00,2020-06-30 15:30:00-04:00
WKHS,2020-07-02,2020-07-17,15,21.0,21.0,2.1419,2.02285,2020-07-02 10:30:00-04:00,2020-07-02 15:30:00-04:00
XPEV,2020-11-04,2020-11-20,16,25.0,25.0,1.1951999999999998,1.3845,2020-11-04 10:30:00-05:00,2020-11-04 15:30:00-05:00
XPEV,2020-11-05,2020-11-20,15,30.0,30.0,1.6487,1.8066499999999999,2020-11-05 10:30:00-05:00,2020-11-05 15:30:00-05:00
WKHS,2020-07-01,2020-07-17,16,15.0,15.0,2.8356500000000002,2.3281,2020-07-01 10:30:00-04:00,2020-07-01 15:30:00-04:00
XPEV,2020-11-06,2020-11-20,14,35.0,35.0,2.01645,1.78545,2020-11-06 10:30:00-05:00,2020-11-06 15:30:00-05:00
XPEV,2020-11-13,2020-11-20,7,50.0,50.0,1.9200499999999998,1.7328000000000001,2020-11-13 10:30:00-05:00,2020-11-13 15:30:00-05:00
XPEV,2020-11-10,2020-11-20,10,35.0,35.0,1.62005,1.62275,2020-11-10 10:30:00-05:00,2020-11-10 15:30:00-05:00
XPEV,2020-11-11,2020-11-20,9,30.0,30.0,1.6494499999999999,1.47885,2020-11-11 10:30:00-05:00,2020-11-11 15:30:00-05:00
XPEV,2020-11-09,2020-11-20,11,35.0,35.0,1.8162500000000001,1.63165,2020-11-09 10:30:00-05:00,2020-11-09 15:30:00-05:00
XPEV,2020-11-12,2020-11-20,8,40.0,40.0,1.4846499999999998,1.8571499999999999,2020-11-12 10:30:00-05:00,2020-11-12 15:30:00-05:00
XPEV,2020-11-19,2020-11-27,8,41.0,41.0,1.00285,1.07595,2020-11-19 10:30:00-05:00,2020-11-19 15:30:00-05:00
XPEV,2020-11-20,2020-11-27,7,50.0,50.0,1.4515,1.5137,2020-11-20 10:30:00-05:00,2020-11-20 15:30:00-05:00
XPEV,2020-11-23,2020-12-04,11,60.0,60.0,1.6743999999999999,1.9005999999999998,2020-11-23 10:30:00-05:00,2020-11-23 15:30:00-05:00
ZM,2020-02-19,2020-02-28,9,101.0,101.0,0.55735,0.63315,2020-02-19 10:30:00-05:00,2020-02-19 15:30:00-05:00
ZM,2020-02-20,2020-02-28,8,103.0,103.0,0.8199000000000001,0.64165,2020-02-20 10:30:00-05:00,2020-02-20 15:30:00-05:00
ZM,2020-02-18,2020-02-28,10,95.0,95.0,0.52165,0.48785,2020-02-18 10:30:00-05:00,2020-02-18 15:30:00-05:00
ZM,2020-02-21,2020-02-28,7,103.0,103.0,0.7292000000000001,0.6957500000000001,2020-02-21 10:30:00-05:00,2020-02-21 15:30:00-05:00
ZM,2020-02-24,2020-03-06,11,102.0,102.0,1.32935,1.3654,2020-02-24 10:30:00-05:00,2020-02-24 15:30:00-05:00
ZM,2020-02-26,2020-03-06,9,110.0,110.0,1.4193500000000001,1.33735,2020-02-26 10:30:00-05:00,2020-02-26 15:30:00-05:00
ZM,2020-02-25,2020-03-06,10,107.0,107.0,1.40705,1.4132,2020-02-25 10:30:00-05:00,2020-02-25 15:30:00-05:00
ZM,2020-02-27,2020-03-06,8,108.0,108.0,1.4899499999999999,1.62515,2020-02-27 10:30:00-05:00,2020-02-27 15:30:00-05:00
