date,ticker,cap,setup_type,score,grade,recommendation,pct_from_9ema,prior_day_range_atr,rvol_score,consecutive_up_days,gap_pct,pct_change_3,pct_change_15,pct_change_30,pct_from_50mav,current_price,atr_pct,proper_setup?,alternate_setup?
10/25/2021,DWACW,Medium,3DGapFade,5,A+,GO,2.6749,9.04,5.76,5,0.4893,56.0588,59.625,,,29.1,0.2019,N,
10/22/2021,DWACW,Medium,3DGapFade,5,A+,GO,3.3038,11.14,15.01,4,3.0195,24.0889,21.58,,,11.29,0.0909,N,
10/25/2021,DWACU,Medium,3DGapFade,5,A+,GO,2.0131,8.75,2.69,2,0.3116,9.7021,9.7232,9.8514,,108.84,0.0935,N,
1/28/2021,KOSS,Medium,3DGapFade,5,A+,GO,2.7037,10.42,5.76,3,0.2759,8.6667,18.0164,22.6735,13.4838,58,0.092,Y,
10/25/2021,DWAC,Medium,3DGapFade,5,A+,GO,1.8985,8.7,3.58,2,0.2772,8.4578,8.496,,,94.2,0.1306,N,RightSidePopFade
10/25/2021,PHUN,Medium,3DGapFade,5,A+,GO,2.3305,10.73,16.65,3,0.3638,7.3238,8.9205,7.4038,6.6269,437,0.1976,N,RightSidePopFade
3/9/2021,EYES,Large,3DGapFade,5,A+,GO,1.6469,4.2,5.93,2,0.5922,7.2308,3.8238,4.6316,3.9593,11.77,0.123,Y,
7/22/2021,NURO,Medium,3DGapFade,5,A+,GO,1.6362,8.13,4.79,3,0.8548,5.3804,5.0997,5.0997,4.5479,166.4,0.1355,Y,
2/4/2021,SAVA,Medium,3DGapFade,5,A+,GO,1.3255,3.46,5.19,4,0.1458,2.8256,6.6812,10.2323,6.1946,62.82,0.1003,Y,
1/6/2021,CHEK,Medium,3DGapFade,5,A+,GO,1.0941,5.38,7.61,4,0.052,2.7609,4.0882,3.876,3.4718,34.6,0.1353,N,
1/29/2021,NAKD,Medium,3DGapFade,5,A+,GO,0.8129,7.27,3.15,2,0.6187,2.5486,3.0882,8.4429,3.5957,20.85,0.2275,N,
1/5/2021,CHEK,Small,3DGapFade,5,A+,GO,1.416,7.58,15.62,3,0.6552,2.3643,3.2647,3.7744,3.0384,29,0.0894,Y,
4/6/2021,ACY,Medium,3DGapFade,5,A+,GO,0.4506,3.36,4.73,2,0.177,2.231,0.2946,-0.1074,0.2089,11.47,0.2066,N,
7/21/2021,NURO,Medium,3DGapFade,5,A+,GO,1.1532,10.4,19.9,2,0.7341,2.1084,1.8686,1.997,1.9592,80.32,0.078,N,IntradayCapitch
10/21/2021,HX,Medium,3DGapFade,5,A+,GO,1.3122,6.32,12.11,8,0.1648,1.8291,7.4241,9.6011,5.9307,18.87,0.0916,Y,
2/5/2021,LIZI,Medium,3DGapFade,5,A+,GO,1.142,4.22,7.66,4,0.1215,1.8081,2.6964,3.0028,2.7112,144.9,0.0902,Y,
2/3/2021,SAVA,Medium,3DGapFade,5,A+,GO,1.1924,6.33,9.62,3,0.1317,1.7972,5.7775,5.8955,4.2229,39.6,0.1209,N,
11/30/2021,ADGI,Medium,3DGapFade,5,A+,GO,0.7948,5.01,12.19,3,0.0506,1.5003,1.4378,0.3929,0.5137,46.83,0.0856,Y,
6/9/2021,CLOV,Medium,3DGapFade,5,A+,GO,0.9147,5,12.81,6,0.2641,1.4611,2.1779,1.3972,1.608,22.15,0.0778,Y,
2/26/2021,GME,Medium,3DGapFade,5,A+,GO,0.5583,4.16,3.56,2,0.0803,1.4178,1.0323,2.4627,0.8147,27.18,0.1849,N,
2/11/2021,KALV,Medium,3DGapFade,5,A+,GO,0.6498,1.77,2.11,4,0.0918,1.3997,1.3515,1.3951,1.0895,37.46,0.0932,N,
1/20/2021,SENS,Medium,3DGapFade,5,A+,GO,1.0108,5.4,8.23,5,0.1684,1.375,2,5.6279,3.5857,57,0.0961,Y,
2/4/2021,LIZI,Medium,3DGapFade,5,A+,GO,0.7587,5.28,11.35,3,0.2835,1.3288,1.1795,1.3876,1.32,85,0.0919,N,
8/11/2021,FULC,Medium,3DGapFade,5,A+,GO,0.8605,6.3,19.3,5,0.26,1.3173,1.0672,0.9737,1.0815,18.77,0.0847,N,
2/11/2021,SNDL,Medium,3DGapFade,5,A+,GO,0.9295,3.32,3.34,3,0.3424,1.3047,3.4616,5.3853,3.0352,29.5,0.1135,Y,
1/27/2021,GME,Large,3DGapFade,5,A+,GO,1.1923,3.57,3.27,4,1.3978,1.2763,7.5193,10.118,5.3287,36.99,0.1323,Y,
7/1/2021,CUEN,Medium,3DGapFade,5,A+,GO,0.9128,4.84,19.52,7,0.1254,1.2701,1.2618,1.5492,1.341,80.86,0.1146,N,
12/10/2021,ISIG,Medium,3DGapFade,5,A+,GO,0.8367,4.89,3.2,2,0.1596,1.264,3.6443,2.2639,2.1946,23.5,0.1626,N,RightSidePopFade
1/7/2021,NCTY,Medium,3DGapFade,5,A+,GO,1.1637,4.24,6.82,5,0.4574,1.2492,4.243,2.6765,3.5228,148.9,0.0999,Y,
6/28/2021,MRIN,Medium,3DGapFade,5,A+,GO,0.6056,4.31,5,4,0.4199,1.2281,1.3091,1.7021,1.2908,22.86,0.0939,N,
2/10/2021,KALV,Medium,3DGapFade,5,A+,GO,0.7615,5.66,18.46,3,0.1012,1.2025,1.0628,0.9964,0.9069,33.5,0.0921,N,
6/29/2021,MRIN,Medium,3DGapFade,5,A+,GO,1.207,4.14,10.16,5,0.244,1.1368,3.7468,3.9669,3.2069,45,0.0821,N,
11/26/2021,BFRI,Medium,3DGapFade,5,A+,GO,0.5822,3.8,16.7,2,0.3793,1.1134,0.4663,,,104.4,0.1316,N,
1/4/2021,BTBT,Medium,3DGapFade,5,A+,GO,0.8769,4.31,6.87,4,0.173,1.0748,2.701,2.8848,2.5971,21.91,0.1118,Y,
10/5/2021,XENE,Medium,3DGapFade,5,A+,GO,0.6724,3.2,18.33,3,0.0216,1.0615,0.7908,0.893,0.8173,31.5,0.0707,N,
3/22/2021,UPST,Medium,3DGapFade,5,A+,GO,0.5376,1.71,2.97,3,0.0212,1.0609,0.8797,0.6651,0.8011,125.28,0.1039,N,
10/1/2021,PALT,Medium,3DGapFade,5,A+,GO,0.7512,2.94,7.29,2,0.1788,1.0172,2.02,2.0461,,10.57,0.1491,N,
4/27/2021,MVIS,Medium,3DGapFade,5,A+,GO,0.65,3.2,6.97,4,0.045,1.0122,0.7258,0.4833,0.7038,26.44,0.0952,Y,
2/2/2021,NVAX,Medium,3DGapFade,5,A+,GO,0.5653,1.99,2.45,4,0.0044,1.0021,1.3034,1.0364,1.142,268.3,0.0701,Y,
11/30/2021,ISPC,Medium,3DGapFade,5,A+,GO,0.6987,4.04,4.05,2,0.118,1.002,2.539,1.9941,1.9446,408.4,0.1943,N,
1/8/2021,NCTY,Medium,3DGapFade,5,A+,GO,0.9159,4.89,3.89,6,0.0023,0.9977,4.8163,3.4358,3.7614,171,0.1401,N,
12/30/2021,ISIG,Medium,3DGapFade,5,A+,GO,0.4225,1.23,1.83,2,0.3082,0.9965,0.2057,3.3761,1.3991,23.04,0.2859,N,
2/26/2021,CDXC,Medium,3DGapFade,5,A+,GO,0.8314,7.76,17.56,2,0.0859,0.9644,2.7706,3.0828,2.2755,18.74,0.094,N,
2/11/2021,GSAT,Medium,3DGapFade,5,A+,GO,0.5724,2.88,4.05,6,0.0292,0.9512,0.9355,5.7606,2.4004,36,0.1042,N,RightSidePopFade
6/15/2021,NOVN,Medium,3DGapFade,5,A+,GO,0.5188,2.66,5.59,6,0.0121,0.9192,0.2393,0.3555,0.4667,17.35,0.1235,N,
1/27/2021,PBI,Medium,3DGapFade,5,A+,GO,0.6051,7.12,8.36,3,0.0448,0.8957,0.9956,1.3581,1.1504,13.63,0.0735,Y,
7/6/2021,MRIN,Medium,3DGapFade,5,A+,GO,0.8433,2.03,1.89,2,0.3386,0.891,11.297,12.0903,5.9278,121.74,0.1632,Y,
8/30/2021,SPRT,Medium,3DGapFade,5,A+,GO,0.7569,6.89,5.38,7,0.3973,0.8861,2.3887,4.9977,2.8325,26.33,0.184,N,
2/10/2021,OGI,Medium,3DGapFade,5,A+,GO,0.5955,4.03,4.96,2,0.3501,0.8675,1.4278,2.1214,1.5788,17.48,0.0894,N,
6/22/2021,TRCH,Large,3DGapFade,5,A+,GO,0.737,2.77,7.28,2,0.0141,0.837,2.7434,3.9353,2.7624,19.84,0.1021,N,
1/25/2021,POLA,Medium,3DGapFade,5,A+,GO,0.7258,3.06,3.54,2,0.0271,0.821,3.9424,5.0051,2.939,165.2,0.1136,N,
2/11/2021,OGI,Medium,3DGapFade,5,A+,GO,0.7693,3.01,4.51,3,0.075,0.8182,2.4483,3.4118,2.3557,24,0.0869,Y,
1/26/2021,GME,Large,3DGapFade,5,A+,GO,0.6208,6.81,3.89,3,0.1533,0.7846,3.4516,4.4384,2.7173,19.2,0.1876,N,
1/26/2021,ATOS,Medium,3DGapFade,5,A+,GO,0.7063,3.52,4.31,5,0.1275,0.7844,2.1368,2.3737,1.342,44.7,0.0945,N,2DGapFade
2/10/2021,GSAT,Medium,3DGapFade,5,A+,GO,0.5903,5.08,4.23,5,0.399,0.7778,0.5182,4.6216,2.1321,31.2,0.0965,N,
2/11/2021,ITRM,Medium,3DGapFade,5,A+,GO,0.4878,2.09,3.5,4,0.0769,0.7727,0.4,1.8384,1.2754,40.95,0.1224,N,
2/10/2021,VERU,Medium,3DGapFade,5,A+,GO,0.5081,4.36,6.48,2,0.1619,0.7687,1.1579,1.1269,1.2894,192.7,0.1182,Y,
2/2/2021,DVAX,Medium,3DGapFade,5,A+,GO,0.5297,5.54,12.47,2,0.0088,0.7407,1.0874,1.0832,1.0047,10.27,0.0814,N,
4/12/2021,RICE,Medium,3DGapFade,5,A+,GO,0.3979,3.9,3.25,2,0.0145,0.7129,0.6845,0.5842,0.5606,17.3,0.0471,N,
6/30/2021,NTLA,Medium,3DGapFade,5,A+,GO,0.4468,2.33,2.71,5,0.0214,0.7067,0.885,1.2847,0.9634,151.61,0.0688,N,IntradayCapitch
9/14/2021,ISEE,Medium,3DGapFade,5,A+,GO,0.3116,1.71,1.95,2,0.0041,0.702,0.4644,0.7118,0.5441,14.79,0.0828,N,
8/27/2021,SPRT,Medium,3DGapFade,5,A+,GO,0.6213,2.74,4.63,6,0.9614,0.6881,1.763,3.9373,2.066,19.7,0.1049,N,IntradayCapitch
2/1/2021,NVAX,Medium,3DGapFade,5,A+,GO,0.5011,4.1,7.07,3,0.0977,0.6843,0.8131,0.8278,0.8147,220.94,0.0701,N,
6/7/2021,LEDS,Medium,3DGapFade,5,A+,GO,0.5281,3,3.54,2,0.2758,0.6735,1.4463,4.6319,2.0941,20.5,0.1739,,
2/17/2021,CCIV,Medium,3DGapFade,5,A+,GO,0.4435,3.07,1.73,2,0.0374,0.673,1.1563,4.249,1.9404,52.7,0.1141,N,
2/10/2021,HTBX,Medium,3DGapFade,5,A+,GO,0.4657,4.02,13.52,2,0.0231,0.6631,0.7712,1.2393,0.8526,12.54,0.1089,,
1/25/2021,GME,Large,3DGapFade,5,A+,GO,0.6242,4.57,5.13,2,0.4879,0.6618,2.4506,3.7592,2.3608,16.25,0.116,,
6/14/2021,NOVN,Medium,3DGapFade,5,A+,GO,0.4766,2.73,17.25,5,0.0493,0.6569,0.1292,0.0715,0.2432,14.68,0.1269,,
2/10/2021,TLRY,Medium,3DGapFade,5,A+,GO,0.5255,2.86,2.88,2,0.5544,0.6466,1.2539,4.0597,2.0532,423.5,0.0927,,
1/8/2021,MARA,Medium,3DGapFade,5,A+,GO,0.5522,2.01,2.46,4,0.1208,0.6453,1.7169,3.554,2.5182,22.36,0.1294,,
6/16/2021,TRCH,Medium,3DGapFade,5,A+,GO,0.4633,4.15,13.36,3,0.146,0.625,1.214,1.535,1.2703,10.14,0.087,,
5/28/2021,AMC,Medium,3DGapFade,5,A+,GO,0.5659,4.73,5.02,4,0.1995,0.6161,1.7886,1.8424,1.3493,265.2,0.0913,Y,
11/8/2021,SAVA,Medium,3DGapFade,5,A+,GO,0.4247,1.28,2.06,2,0.0242,0.6045,0.8124,0.3266,0.7034,64.94,0.0984,,
6/8/2021,LEDS,Medium,3DGapFade,5,A+,GO,0.5541,1.92,1.53,3,0.0785,0.6026,1.8205,5.4191,2.4495,24.2,0.1739,,
8/6/2021,BTBT,Large,3DGapFade,5,A+,GO,0.5128,2.26,1.66,2,0.0051,0.582,2.4617,1.3507,1.1445,15.82,0.1315,N,
2/16/2021,CAN,Medium,3DGapFade,5,A+,GO,0.5344,3.18,2.31,10,0.1956,0.5768,1.4885,1.199,1.5102,13.04,0.089,N,
1/14/2021,GME,Large,3DGapFade,5,A+,GO,0.4759,6.35,8.4,3,0.2131,0.5747,0.6136,0.9873,1.0303,7.85,0.0934,,
11/18/2021,IONQ,Medium,3DGapFade,5,A+,GO,0.383,2.44,2.32,2,0.0884,0.5641,1.2744,3.0629,,31,0.1029,,
1/29/2021,CTRM,Medium,3DGapFade,5,A+,GO,0.3948,3.96,2.11,3,0.1969,0.5621,1.5502,2.7983,1.6571,61,0.1656,,
1/12/2021,ACST,Medium,3DGapFade,5,A+,GO,0.4456,2,2.26,3,0.0144,0.5608,1.7132,1.7701,1.4332,33.6,0.1558,N,
2/2/2021,INO,Medium,3DGapFade,5,A+,GO,0.4045,3.29,4.93,2,0.1185,0.5489,0.8668,0.5821,0.5997,203.52,0.0878,,
1/7/2021,MARA,Large,3DGapFade,5,A+,GO,0.3659,1.34,1.93,3,0.1899,0.5404,1.3989,2.4472,1.8461,16.96,0.1469,,
2/16/2021,SHIP,Medium,3DGapFade,5,A+,GO,0.4357,3.28,5.38,2,0.1791,0.5344,0.6612,2.7388,1.5248,20.1,0.1137,,
2/9/2021,VISL,Medium,3DGapFade,5,A+,GO,0.304,1.51,2.43,2,0.0372,0.5208,0.5441,1.6169,1.1653,40.3,0.1462,,
6/3/2021,BB,Large,3DGapFade,5,A+,GO,0.4142,4.27,9.56,5,0.242,0.5144,0.9182,0.761,0.6839,15.25,0.0665,N,2DBreakoutIB
2/9/2021,XONE,Medium,3DGapFade,5,A+,GO,0.482,2.29,2.4,2,0.0323,0.5142,1.9386,4.0267,2.1623,54.54,0.1007,,
3/15/2021,EBON,Medium,3DGapFade,5,A+,GO,0.3552,2.58,3.36,2,0.0808,0.5116,0.2366,1.0273,0.5882,312,0.1545,,
1/27/2021,SAVA,Medium,3DGapFade,5,A+,GO,0.4309,3.18,2.14,3,0.0031,0.5097,1.53,1.3929,1.2225,13.88,0.0988,,
7/30/2021,LC,Medium,3DGapFade,5,A+,GO,0.3522,2.85,12.97,2,0.035,0.5069,0.3836,0.3133,0.4336,24.02,0.0601,,
8/2/2021,LC,Medium,3DGapFade,5,A+,GO,0.2781,1.22,2.29,3,0.0246,0.5015,0.4072,0.3041,0.4362,24.4,0.0637,,
1/25/2021,SUNW,Medium,3DGapFade,5,A+,GO,0.5413,2.61,1.76,4,0.1135,0.4967,3.4727,4.338,2.5629,22.9,0.1156,,
2/2/2021,FLGT,Medium,3DGapFade,5,A+,GO,0.4584,4.03,1.99,7,0.0337,0.4911,1.2218,2.1755,1.389,137.91,0.0853,,
1/26/2021,AMC,Medium,3DGapFade,5,A+,GO,0.4207,2.51,4.74,3,0.1516,0.4832,1.199,0.0807,0.4384,44.2,0.0928,N,
4/26/2021,OCGN,Large,3DGapFade,5,A+,GO,0.2989,4.07,8.21,3,0.1485,0.4815,0.4658,-0.037,0.1576,9.63,0.1262,,
3/9/2021,GME,Large,3DGapFade,5,A+,GO,0.5179,2.11,1.68,4,0.1193,0.4696,2.9285,1.5329,1.5465,48.62,0.1582,,
2/10/2021,SNDL,Large,3DGapFade,5,A+,GO,0.4059,1.77,1.73,2,0.3394,0.4602,1.4236,2.4627,1.4283,16.5,0.1442,,
1/14/2021,EH,Medium,3DGapFade,5,A+,GO,0.353,1.79,2.42,3,0.0453,0.4574,0.4305,1.7885,1.1738,37.98,0.0874,,
11/1/2021,LC,Medium,3DGapFade,5,A+,GO,0.2283,1.61,2.33,2,0.0265,0.4535,0.5054,0.7105,0.4946,45.96,0.0618,,
1/8/2021,PLUG,Medium,3DGapFade,5,A+,GO,0.3104,1.17,2.78,3,0.0992,0.4528,0.6616,0.7698,0.813,47.29,0.075,,
2/10/2021,TDC,Medium,3DGapFade,5,A+,GO,0.4472,2.52,4.44,3,0.0026,0.4498,1.0813,1.4086,1.1155,53.76,0.0841,,
3/3/2021,AMRS,Medium,3DGapFade,5,A+,GO,0.2668,2.5,5.23,2,0.0201,0.4457,0.3014,0.7577,0.8774,19.95,0.1231,N,
1/26/2021,VXRT,Medium,3DGapFade,5,A+,GO,0.3289,5.01,5.01,2,0.0667,0.444,0.5877,0.3472,0.4674,10.05,0.0674,,
6/23/2021,GSAT,Medium,3DGapFade,5,A+,GO,0.2942,2.88,4.04,3,0.0699,0.4419,0.6034,0.6909,0.4897,27.9,0.0728,,
4/26/2021,MVIS,Medium,3DGapFade,5,A+,GO,0.339,2.93,5.81,3,0.1124,0.4382,0.1453,0.0289,0.1703,17.97,0.1065,,
2/16/2021,DMTK,Medium,3DGapFade,5,A+,GO,0.3158,1.71,1.82,2,0.0282,0.4371,0.6763,1.3502,1.3074,76.24,0.0879,,
2/19/2021,EBON,Medium,3DGapFade,5,A+,GO,0.4154,3.24,5.96,4,0.0434,0.4327,1.1628,0.8478,1.03,338.7,0.1094,,
9/28/2021,CEI,Medium,3DGapFade,5,A+,GO,0.4559,1.68,1.68,3,0.0588,0.4316,1.7966,5.8861,2.344,136,0.1292,N,
9/10/2021,ATER,Medium,3DGapFade,5,A+,GO,0.3651,1.72,3.8,4,0.0296,0.4298,1.8839,0.1029,0.206,122.16,0.1512,N,
7/22/2021,SAVA,Medium,3DGapFade,5,A+,GO,0.2378,2.17,2.91,3,0.0043,0.4296,0.3764,0.7716,0.6296,84,0.1036,,
2/10/2021,APHA,Medium,3DGapFade,5,A+,GO,0.3829,2.47,2.29,3,0.3065,0.4247,0.8171,2.4621,1.3095,23.75,0.0699,Y,
6/28/2021,ALF,Large,3DGapFade,5,A+,GO,0.5366,2.9,2.41,2,0.1591,0.4238,3.8997,3.9854,,17.1,0.1626,N,2DBreakoutIB
8/6/2021,EXPI,Medium,3DGapFade,5,A+,GO,0.2227,1.35,2.07,2,0.001,0.4213,0.5291,0.2442,0.3443,49.42,0.0625,,
2/9/2021,RIOT,Medium,3DGapFade,5,A+,GO,0.3641,2,2.03,5,0.0845,0.4207,0.3012,1.4992,0.969,32.79,0.1066,,
2/1/2021,PSAC,Medium,3DGapFade,5,A+,GO,0.3365,2.51,4.51,2,0.0932,0.4192,0.8267,0.845,0.7315,18.45,0.0773,,
1/15/2021,EH,Medium,3DGapFade,5,A+,GO,0.4182,2.59,2.74,4,0.0947,0.4159,0.7463,2.358,1.4429,44.46,0.089,,
1/27/2021,AMC,Medium,3DGapFade,5,A+,GO,0.4249,1.78,3.95,4,3.1008,0.4131,1.5051,0.2653,0.5952,49.6,0.0928,Y,
1/13/2021,STPK,Medium,3DGapFade,5,A+,GO,0.401,1.27,3.02,5,0.0556,0.4123,0.9459,2.5468,1.3747,36,0.1027,,
1/13/2021,CCIV,Medium,3DGapFade,5,A+,GO,0.2458,5.03,9.16,2,0.0671,0.4108,0.4193,0.4322,0.4128,14.15,0.037,N,
10/27/2021,BE,Medium,3DGapFade,5,A+,GO,0.2138,1.36,2.08,2,0.0194,0.4071,0.5193,0.4697,0.388,28.41,0.061,N,
2/3/2021,CCIV,Medium,3DGapFade,5,A+,GO,0.3414,2.24,1.56,4,0.0065,0.4047,1.2714,2.2269,1.4104,32.14,0.1211,N,
1/20/2021,AMC,Medium,3DGapFade,5,A+,GO,0.2789,2.65,5.13,2,0.0752,0.4037,0.2803,-0.1282,0.0066,30.6,0.0778,N,
1/26/2021,BB,Large,3DGapFade,5,A+,GO,0.446,3.48,6.31,7,0.0588,0.4031,1.7401,1.1541,1.3387,18.03,0.0812,N,
2/10/2021,NPA,Medium,3DGapFade,5,A+,GO,0.3135,3.74,3.97,2,0.0262,0.4019,0.4027,0.5679,0.7177,22.5,0.0896,,
9/28/2021,NAKD,Medium,3DGapFade,5,A+,GO,0.2741,2.17,6.19,2,0.0402,0.4012,0.3298,0.6254,0.4174,12.5,0.063,,
9/27/2021,CEI,Medium,3DGapFade,5,A+,GO,0.2324,1.54,1.61,2,0.1078,0.3973,1.4664,3.6907,1.6526,102,0.1531,N,
2/10/2021,CLNE,Medium,3DGapFade,5,A+,GO,0.383,1.63,3.1,2,0.0056,0.3966,0.7978,1.1401,1.1749,17.87,0.083,Y,
1/28/2021,CTRM,Medium,3DGapFade,5,A+,GO,0.3484,2.95,2.81,2,0.3138,0.3946,1.4159,2.2251,1.4155,53.15,0.1404,,
1/15/2021,TLRY,Medium,3DGapFade,5,A+,GO,0.4108,2.8,2.83,4,0.1627,0.3903,1.0877,1.1481,1.0952,185.6,0.0759,,
6/8/2021,UONE,Medium,3DGapFade,5,A+,GO,0.5377,1.9,1.66,5,0.0011,0.389,2.2615,2.3798,1.8018,177.1,0.1209,,
5/27/2021,OMI,Medium,3DGapFade,5,A+,GO,0.2767,5.04,7.96,2,0.0086,0.3883,0.3115,0.1684,0.2289,44.12,0.048,,
2/10/2021,ONTX,Medium,3DGapFade,5,A+,GO,0.3252,1.85,1.57,2,0.075,0.3858,0.5987,1.6756,1.1131,18,0.108,,
2/1/2021,IPOE,Medium,3DGapFade,5,A+,GO,0.1997,2.31,2.58,2,0.0282,0.3828,0.3415,1.2875,,25.14,0.089,,
2/17/2021,RIOT,Medium,3DGapFade,5,A+,GO,0.4806,1.21,1.59,3,0.1402,0.3808,2.0797,2.6104,1.9114,59.5,0.0964,,
7/14/2021,CLDX,Medium,3DGapFade,5,A+,GO,0.2456,1.38,2.52,4,0.0063,0.3761,0.5513,0.6055,0.5034,44.6,0.0738,N,
6/4/2021,BB,Large,3DGapFade,5,A+,GO,0.3455,4.55,8.56,6,0.005,0.3737,1,0.838,0.7312,15.88,0.0914,N,
11/1/2021,LCID,Medium,3DGapFade,5,A+,GO,0.2594,2.32,4.19,3,0.0812,0.369,0.6174,0.5368,0.5749,369.9,0.072,,
2/8/2021,APPS,Medium,3DGapFade,5,A+,GO,0.2707,1.69,1.74,5,0.0241,0.3669,0.5731,0.5491,0.6296,88.08,0.0772,N,
1/27/2021,MAC,Medium,3DGapFade,5,A+,GO,0.2794,2.62,2.85,3,0.0848,0.3656,0.7739,0.6733,0.6999,19.46,0.0799,,
2/9/2021,MSTR,Medium,3DGapFade,5,A+,GO,0.3738,2.21,2.06,8,0.0929,0.3597,0.7578,2.2268,1.2741,104.1,0.0696,,
5/26/2021,AMC,Medium,3DGapFade,5,A+,GO,0.2352,2.16,2.38,2,0.0823,0.3584,0.7895,0.7551,0.5057,164.1,0.0878,N,
8/23/2021,DLO,Medium,3DGapFade,5,A+,GO,0.2262,1.23,1.83,4,0.014,0.3584,0.4667,0.3026,0.421,66.94,0.0777,,
10/25/2021,AUPH,Medium,3DGapFade,5,A+,GO,0.2592,3.55,2.8,4,0.0764,0.3559,0.3276,0.3378,0.4417,28,0.0637,N,
1/20/2021,BB,Medium,3DGapFade,5,A+,GO,0.3813,2.44,3.95,3,0.0713,0.3557,0.7951,0.4495,0.7775,12.35,0.06,N,
2/5/2021,MVIS,Medium,3DGapFade,5,A+,GO,0.2614,2.01,1.54,4,0.0165,0.3548,0.5652,0.1143,0.9325,10.33,0.0994,,
6/8/2021,ATOS,Medium,3DGapFade,5,A+,GO,0.4146,3.12,3.88,8,0.0483,0.3536,0.8607,2.0663,1.3275,90.15,0.0794,Y,
4/27/2021,NAKD,Medium,3DGapFade,5,A+,GO,0.2378,1.98,2.81,2,0.0068,0.3529,0.1088,-0.2599,-0.1435,11.04,0.1015,,
1/11/2021,STPK,Medium,3DGapFade,5,A+,GO,0.2045,2.5,2.34,3,0.0592,0.3523,0.4846,1.5414,0.794,25.49,0.1119,,
11/9/2021,EVGO,Medium,3DGapFade,5,A+,GO,0.2947,3.67,10.67,2,0.3124,0.3484,0.6519,0.5349,0.5613,13.43,0.0665,,
2/16/2021,RIOT,Medium,3DGapFade,5,A+,GO,0.3937,1.81,1.8,2,0.117,0.3479,1.5053,1.9005,1.5379,49.28,0.1018,,
1/27/2021,BB,Large,3DGapFade,5,A+,GO,0.3751,1.44,3.5,8,0.0703,0.3476,1.7947,1.3186,1.3697,18.92,0.0852,N,1DBreakoutIB
5/21/2021,RETA,Medium,3DGapFade,5,A+,GO,0.2112,1.29,1.87,5,0.0215,0.346,0.1006,0.2622,0.1429,111.6,0.0602,,
10/29/2021,LCID,Medium,3DGapFade,5,A+,GO,0.2918,5.11,8.71,2,0.0781,0.345,0.5273,0.5453,0.5305,354.8,0.0645,,
8/9/2021,BTBT,Large,3DGapFade,5,A+,GO,0.4778,1.87,2.02,3,0.0826,0.3428,3.0814,1.6794,1.3254,17.55,0.1354,Y,
4/7/2021,ACY,Medium,3DGapFade,5,A+,GO,0.4565,1.77,2.65,3,0.0654,0.3402,0.5366,0.1818,0.3565,13,0.2031,N,
8/10/2021,AUPH,Medium,3DGapFade,5,A+,GO,0.1699,2.04,1.78,3,0.007,0.3399,0.3514,0.1511,0.2259,15.69,0.0736,N,
9/30/2021,UNFI,Medium,3DGapFade,5,A+,GO,0.23,2.71,3.48,3,0.0065,0.3397,0.3888,0.5217,0.4354,50.87,0.0389,,
1/8/2021,FCEL,Medium,3DGapFade,5,A+,GO,0.2523,1.23,1.67,3,0.1081,0.3384,0.774,0.9544,1.0994,449.7,0.113,,
2/2/2021,API,Medium,3DGapFade,5,A+,GO,0.3325,2.14,3.87,3,0.087,0.3373,0.7253,0.5972,0.7116,73.6,0.0857,N,
9/10/2021,CEI,Medium,3DGapFade,5,A+,GO,0.5318,3.17,3.44,6,0.0615,0.3366,2.7967,1.6678,1.4051,65,0.102,N,
11/16/2021,GGPI,Medium,3DGapFade,5,A+,GO,0.2366,2.96,9.59,3,0.044,0.3363,0.4076,0.4576,0.4195,14.78,0.0551,,
11/2/2021,OCGN,Large,3DGapFade,5,A+,GO,0.3207,1.51,2.3,4,0.0186,0.334,0.5346,0.8517,0.7368,13.98,0.1025,,
6/8/2021,CLOV,Medium,3DGapFade,5,A+,GO,0.3358,3.17,5.98,5,0.3956,0.3333,0.7478,0.2928,0.4533,11.92,0.0701,N,
2/5/2021,VGAC,Medium,3DGapFade,5,A+,GO,0.2483,2.58,8.94,2,0.004,0.3331,0.4268,0.4832,0.4746,17.65,0.086,,
1/15/2021,HEXO,Medium,3DGapFade,5,A+,GO,0.3152,1.63,3.25,9,0.087,0.3327,0.6856,0.5235,0.8184,99.82,0.0764,,
2/8/2021,MGNI,Medium,3DGapFade,5,A+,GO,0.3076,2.09,2.48,5,0.0259,0.3312,0.828,0.7329,0.9438,54.95,0.0825,,
2/10/2021,FUTU,Medium,3DGapFade,5,A+,GO,0.2808,1.12,1.82,3,0.1645,0.3311,0.7164,2.9684,1.2962,154.41,0.1097,,
1/12/2021,STPK,Medium,3DGapFade,5,A+,GO,0.3387,2.26,6.13,4,0.1338,0.3278,0.7137,1.9476,1.1149,30.95,0.1081,,
2/3/2021,API,Medium,3DGapFade,5,A+,GO,0.2655,1.55,1.51,4,0.0418,0.3254,0.8764,0.6358,0.7095,74.87,0.0907,N,
8/25/2021,SPRT,Medium,3DGapFade,5,A+,GO,0.2496,2.53,4.7,4,0.1474,0.3246,0.6671,1.8533,0.9706,11.67,0.1299,,
11/3/2021,OCGN,Large,3DGapFade,5,A+,GO,0.3506,2.64,3.3,5,0.111,0.3235,0.6977,1.0893,0.9087,15.67,0.107,,
1/26/2021,NNDM,Large,3DGapFade,5,A+,GO,0.3298,3.23,1.63,6,0.0144,0.3222,0.9531,1.587,1.1412,16.66,0.0864,,
6/3/2021,NAKD,Medium,3DGapFade,5,A+,GO,0.302,3.09,5.15,6,0.1209,0.3215,0.6266,0.4954,0.3335,12.27,0.0861,,
1/7/2021,CLSK,Medium,3DGapFade,5,A+,GO,0.2641,2.41,2.16,2,0.091,0.3203,1.0597,2.174,1.4171,35.2,0.1112,N,
10/15/2021,RLAY,Medium,3DGapFade,5,A+,GO,0.1634,1.6,2.54,2,0.003,0.3187,-0.0033,0.0938,0.1174,36.62,0.0889,,
6/24/2021,DDD,Medium,3DGapFade,5,A+,GO,0.1899,1.06,1.84,3,0.0047,0.3172,0.2579,0.8097,0.4958,38.04,0.0627,,
9/7/2021,HUT,Medium,3DGapFade,5,A+,GO,0.2827,1.94,4,3,0.0216,0.3157,0.6167,1.1599,0.9035,53.35,0.0774,,
1/27/2021,FIZZ,Medium,3DGapFade,5,A+,GO,0.2697,2.52,2.74,9,0.0595,0.3154,0.5408,0.5342,0.4291,64.74,0.0605,,
1/25/2021,GSX,Medium,3DGapFade,5,A+,GO,0.3466,2.23,2.76,7,0.0999,0.3152,0.7792,0.4193,0.5082,92,0.0706,,
4/5/2021,SUNW,Medium,3DGapFade,5,A+,GO,0.1922,1.59,2.44,3,0.0118,0.3138,0.0719,0.0665,0.0605,17,0.1034,,
8/13/2021,UPST,Medium,3DGapFade,5,A+,GO,0.2146,1.7,3.41,2,0.0544,0.3128,0.528,0.4374,0.3777,178.12,0.0655,,
11/3/2021,NVAX,Medium,3DGapFade,5,A+,GO,0.2154,1.71,1.78,2,0.0146,0.3122,0.1737,-0.1582,-0.0314,195.3,0.0719,,
9/7/2021,KPLT,Medium,3DGapFade,5,A+,GO,0.2921,3.31,7.08,3,0.0768,0.3101,1.0063,-0.3125,-0.1581,159.5,0.1086,,
1/27/2021,DDS,Medium,3DGapFade,5,A+,GO,0.3197,2.46,1.87,6,0.0904,0.309,0.7905,1.0276,0.8364,104.46,0.0713,,
10/4/2021,AVIR,Medium,3DGapFade,5,A+,GO,0.2365,2.03,5.99,2,0.0276,0.3075,0.5068,0.4164,0.432,42.01,0.0787,N,
8/3/2021,BTBT,Medium,3DGapFade,5,A+,GO,0.3577,1.56,2.21,2,0.0087,0.3065,0.9697,0.4964,0.464,10.4,0.1444,N,
1/27/2021,LUMN,Medium,3DGapFade,5,A+,GO,0.2405,6.6,4.38,4,0.0185,0.3062,0.4693,0.4318,0.3973,14.59,0.0416,,
6/14/2021,SENS,Medium,3DGapFade,5,A+,GO,0.295,1.46,4.08,2,0.0873,0.3062,1.005,0.8915,0.7993,80.2,0.0873,,
8/11/2021,AHPI,Medium,3DGapFade,5,A+,GO,0.2253,2.69,2.04,2,0.1219,0.3046,0.7887,1.5176,0.9804,10.75,0.1899,N,
2/1/2021,AG,Medium,3DGapFade,5,A+,GO,0.2044,1.48,2.24,2,0.3162,0.3045,0.3906,0.4988,0.4677,18.12,0.066,N,1DBreakoutIB
1/25/2021,JMIA,Medium,3DGapFade,5,A+,GO,0.2422,2.35,2.27,2,0.0184,0.3037,0.4116,0.7018,0.6308,56.96,0.0929,,
1/28/2021,SKT,Medium,3DGapFade,5,A+,GO,0.2545,3.05,4.87,4,0.0616,0.3036,0.6236,0.64,0.6366,17.86,0.0812,,
1/6/2021,MARA,Large,3DGapFade,5,A+,GO,0.2047,1.55,1.55,2,0.0728,0.3017,1.4531,3.0088,1.3948,13.59,0.171,,
2/18/2021,ONTX,Medium,3DGapFade,5,A+,GO,0.306,2.55,6.27,2,0.0927,0.3017,1.217,0.8193,1.2845,22.65,0.1325,,
11/9/2021,IONQ,Medium,3DGapFade,5,A+,GO,0.3015,1.13,1.79,4,0.0674,0.2995,0.9569,,,21.35,0.0845,,
5/20/2021,RETA,Medium,3DGapFade,5,A+,GO,0.1759,1.49,5.41,4,0.0036,0.298,0.0161,0.0818,0.0499,102.63,0.0606,,
2/3/2021,TLRY,Medium,3DGapFade,5,A+,GO,0.2241,1.7,1.59,2,0.0839,0.2978,0.7596,1.6423,1.0308,234.9,0.1195,,
2/25/2021,OMI,Medium,3DGapFade,5,A+,GO,0.1788,3.09,6.93,2,0.0262,0.2973,0.1502,0.0566,0.1557,32.86,0.0711,,
1/8/2021,LAC,Medium,3DGapFade,5,A+,GO,0.3185,1.68,1.78,6,0.0479,0.2971,0.9989,0.7831,0.7273,18.99,0.073,,
1/11/2021,PACB,Medium,3DGapFade,5,A+,GO,0.2418,1.93,1.94,5,0.0232,0.2968,0.835,1.5241,0.8599,36.7,0.0918,,
6/4/2021,NAKD,Medium,3DGapFade,5,A+,GO,0.2326,2.88,3.94,7,0.0553,0.2962,0.3805,0.5114,0.3387,12.33,0.0928,,
10/29/2021,IONQ,Medium,3DGapFade,5,A+,GO,0.2252,1.92,1.72,4,0.0462,0.2956,0.6207,,,13.63,0.0854,,
8/6/2021,EDIT,Medium,3DGapFade,5,A+,GO,0.2092,2.48,3.7,3,0.002,0.2945,0.2859,0.3337,0.3201,54.51,0.0555,,
1/26/2021,MAC,Medium,3DGapFade,5,A+,GO,0.2186,3.1,3.98,2,0.0157,0.2943,0.6173,0.4367,0.5352,17.24,0.0755,,
3/3/2021,PERI,Medium,3DGapFade,5,A+,GO,0.1643,1.66,2.68,3,0.035,0.2942,0.0594,0.8403,0.537,25.69,0.0942,,
10/29/2021,ENPH,Medium,3DGapFade,5,A+,GO,0.1701,1.39,2,2,0.0024,0.294,0.4541,0.3951,0.3427,224.46,0.0541,,
2/11/2021,FUTU,Medium,3DGapFade,5,A+,GO,0.2761,2.41,2.42,4,0.0156,0.2909,0.6706,3.2046,1.3717,165.24,0.1184,,
1/26/2021,JMIA,Medium,3DGapFade,5,A+,GO,0.2136,2.15,1.71,3,0.0046,0.2901,0.6477,0.5549,0.6401,58.79,0.0991,,
6/4/2021,SNDL,Medium,3DGapFade,5,A+,GO,0.3058,2.55,3.13,4,0.031,0.29,0.8696,0.5466,0.4276,12.9,0.0791,,
9/7/2021,MDB,Medium,3DGapFade,5,A+,GO,0.2258,2.9,7.64,3,0.0146,0.2897,0.3809,0.4167,0.3737,507.41,0.0343,,
7/1/2021,EDIT,Medium,3DGapFade,5,A+,GO,0.2893,4.07,6.63,6,0.0094,0.2876,0.535,0.7107,0.5637,56.64,0.0615,,
1/28/2021,SPCE,Medium,3DGapFade,5,A+,GO,0.2726,4.53,3.9,7,0.0035,0.2875,0.9177,0.751,0.672,927,0.0919,,
2/16/2021,AMKR,Medium,3DGapFade,5,A+,GO,0.2072,2.31,8.76,2,0.0422,0.2871,0.3571,0.6054,0.4531,24.21,0.0568,N,
8/20/2021,DLO,Medium,3DGapFade,5,A+,GO,0.2121,1.78,8.31,3,0.0631,0.287,0.383,0.2564,0.3452,62.43,0.0794,,
8/25/2021,AMC,Medium,3DGapFade,5,A+,GO,0.1991,2.99,2.88,3,0.0145,0.2863,0.4832,0.324,0.033,442.6,0.0896,N,
1/28/2021,INO,Medium,3DGapFade,5,A+,GO,0.2209,4.01,3.67,3,0.0027,0.286,0.3383,0.2008,0.19,150,0.0658,,
11/17/2021,MTTR,Medium,3DGapFade,5,A+,GO,0.1849,1.92,2.31,2,0.0133,0.286,0.5528,0.5613,0.3898,28.51,0.0939,,
2/17/2021,VUZI,Medium,3DGapFade,5,A+,GO,0.1902,1.6,1.79,2,0.0385,0.2854,0.1548,1.0236,0.7735,17.16,0.0957,,
1/15/2021,APHA,Medium,3DGapFade,5,A+,GO,0.2909,2.32,3.09,4,0.1354,0.2842,0.6321,0.459,0.6544,12.11,0.0569,N,
3/5/2021,CPE,Medium,3DGapFade,5,A+,GO,0.2135,1.54,2.15,2,0.0582,0.2833,0.5792,1.4834,0.8642,33.7,0.0853,,
3/22/2021,WSM,Medium,3DGapFade,5,A+,GO,0.1896,1.93,3.43,2,0.0066,0.2819,0.2909,0.358,0.3445,87.42,0.047,,
9/13/2021,ATER,Medium,3DGapFade,5,A+,GO,0.4172,1.74,3.35,5,0.2119,0.2812,2.7881,0.3068,0.4073,141.6,0.1464,Y,
10/13/2021,DATS,Medium,3DGapFade,5,A+,GO,0.2989,1.04,2.34,4,0.1213,0.2807,0.7556,0.9698,,150.1,0.1947,,
2/3/2021,TIGR,Medium,3DGapFade,5,A+,GO,0.1746,1.23,1.53,2,0.0404,0.2801,0.6571,2.3061,1.1039,20.2,0.1264,,
11/10/2021,BGFV,Medium,3DGapFade,5,A+,GO,0.238,1.34,1.56,2,0.0033,0.279,0.659,0.5002,0.4667,38.87,0.0878,N,
1/8/2021,CLNE,Medium,3DGapFade,5,A+,GO,0.2877,1.48,1.82,3,0.0475,0.2788,1.4832,1.4777,1.3227,11.1,0.1135,N,
1/27/2021,IRBT,Medium,3DGapFade,5,A+,GO,0.2314,1.7,2.31,9,0.0206,0.2775,0.5574,0.7008,0.5156,126.4,0.0711,,
1/13/2021,EH,Medium,3DGapFade,5,A+,GO,0.2269,1.57,1.7,2,0.0694,0.2759,0.2194,1.1477,0.8612,31.4,0.1,,
5/14/2021,AMC,Medium,3DGapFade,5,A+,GO,0.2225,3.6,5.6,5,0.0423,0.2706,0.2569,0.3643,0.2331,127.7,0.0775,N,
2/11/2021,QFIN,Medium,3DGapFade,5,A+,GO,0.2352,2.07,2.39,3,0.0023,0.2678,0.6284,1.4266,0.8364,25.94,0.0707,,
2/3/2021,ATOS,Medium,3DGapFade,5,A+,GO,0.2468,1.53,2.02,3,0.0786,0.267,1.6667,2.2957,1.0292,42,0.1798,N,
1/14/2021,CCIV,Medium,3DGapFade,5,A+,GO,0.3451,3.58,5.56,3,0.119,0.2667,0.672,0.6923,0.6461,16.72,0.0437,Y,
11/10/2021,RIOT,Medium,3DGapFade,5,A+,GO,0.1955,2.07,1.8,2,0.0319,0.2658,0.2678,0.6027,0.3543,39.86,0.0699,,
11/30/2021,VIR,Medium,3DGapFade,5,A+,GO,0.1703,1.92,2.68,3,0.1196,0.2642,0.244,0.0433,0.0693,40.48,0.0668,,
11/17/2021,LCID,Large,3DGapFade,5,A+,GO,0.2456,1.69,2.52,2,0.0122,0.2638,1.0548,1.2857,0.9341,555.2,0.0978,,
10/27/2021,MQ,Medium,3DGapFade,5,A+,GO,0.2013,2.2,3.28,2,0.0296,0.2633,0.4772,0.1299,0.2666,32.1,0.0694,,
1/25/2021,SPWR,Medium,3DGapFade,5,A+,GO,0.2562,1.61,1.6,4,0.0252,0.2633,0.8413,1.2675,0.8297,47.21,0.0819,,
11/4/2021,BBBY,Medium,3DGapFade,5,A+,GO,0.2205,4.42,8.38,3,0.0405,0.2631,0.3384,-0.1773,-0.0381,17.55,0.0765,N,
6/9/2021,WEN,Medium,3DGapFade,5,A+,GO,0.1907,4.93,11.92,2,0.0017,0.2629,0.2338,0.2958,0.2783,28.87,0.0286,,
1/26/2021,AMCX,Medium,3DGapFade,5,A+,GO,0.198,2.74,5.57,3,0.0142,0.2627,0.5284,0.6624,0.5648,54.41,0.0537,N,
1/14/2021,TIGR,Medium,3DGapFade,5,A+,GO,0.2207,1.79,2.07,2,0.0377,0.2619,0.5838,1.3327,0.8879,12.48,0.1012,,
1/28/2021,SAVA,Medium,3DGapFade,5,A+,GO,0.3333,2.75,1.82,4,0.0319,0.2596,1.4144,1.5451,1.2156,14.11,0.1169,,
4/1/2021,MARA,Medium,3DGapFade,5,A+,GO,0.1795,1.46,1.8,5,0.0179,0.2594,0.1485,0.1718,0.4485,48.02,0.1088,,
11/2/2021,FCEL,Medium,3DGapFade,5,A+,GO,0.1974,1.74,1.76,3,0.0393,0.2589,0.3772,0.5883,0.41,285.9,0.0844,,
5/17/2021,AMC,Medium,3DGapFade,5,A+,GO,0.1851,1.79,3.41,6,0.0532,0.2578,0.1287,0.2234,0.2415,129.8,0.076,N,
2/10/2021,HBI,Medium,3DGapFade,5,A+,GO,0.2097,3.5,4.97,5,0.002,0.2577,0.2853,0.3662,0.3329,19.96,0.0395,,
9/29/2021,CEI,Medium,3DGapFade,5,A+,GO,0.4281,3.85,3.36,5,0.2076,0.2574,1.6308,8.1176,2.6904,171,0.1489,N,IntradayCapitch
8/25/2021,DVAX,Medium,3DGapFade,5,A+,GO,0.1813,1.85,1.74,3,0.0189,0.2566,0.5314,0.6517,0.484,15.13,0.0669,,
3/1/2021,RVLV,Medium,3DGapFade,5,A+,GO,0.166,1.91,2.47,2,0.013,0.2561,0.2033,0.2902,0.3093,46.1,0.0778,,
11/8/2021,IONQ,Medium,3DGapFade,5,A+,GO,0.2704,1.27,2.36,3,0.1131,0.2554,0.8026,,,19.27,0.0893,,
2/4/2021,TIGR,Medium,3DGapFade,5,A+,GO,0.272,1.44,2.01,3,0.0369,0.2551,0.8806,2.978,1.3643,23.47,0.1155,,
1/28/2021,APPN,Medium,3DGapFade,5,A+,GO,0.1985,2.95,2.26,2,0.0071,0.2546,0.6992,0.6316,0.5258,235.24,0.0828,N,
1/19/2021,MAXR,Medium,3DGapFade,5,A+,GO,0.1665,1.31,1.89,2,0.0277,0.25,0.3716,0.724,0.5113,48.65,0.0633,,
1/8/2021,MSTR,Medium,3DGapFade,5,A+,GO,0.2539,1.65,2.36,4,0.0547,0.2499,0.7911,1.167,0.9335,53.58,0.0654,,
8/26/2021,SPRT,Medium,3DGapFade,5,A+,GO,0.3602,1.41,2.9,5,0.078,0.2498,1.1024,2.372,1.2827,13.96,0.1224,,
4/12/2021,AFMD,Medium,3DGapFade,5,A+,GO,0.1828,2.16,14.13,2,0.038,0.2487,0.1707,0.7178,0.4509,97.4,0.0699,N,
2/2/2021,SPCE,Medium,3DGapFade,5,A+,GO,0.2804,1.83,2.28,2,0.0892,0.2477,1.1585,1.1094,0.8386,1075.8,0.1166,,
2/8/2021,MVIS,Medium,3DGapFade,5,A+,GO,0.3026,2.26,1.65,5,0.0867,0.2462,0.7458,0.7353,1.0868,11.54,0.0986,,
2/11/2021,OPEN,Medium,3DGapFade,5,A+,GO,0.161,1.63,2.73,3,0.0364,0.2454,0.1432,0.3595,,32.9,0.0737,,
8/11/2021,DDD,Medium,3DGapFade,5,A+,GO,0.194,3.52,8.47,2,0.0044,0.2451,0.2487,-0.1031,0.1235,34.44,0.0691,,
1/7/2021,X,Medium,3DGapFade,5,A+,GO,0.184,2.96,2.45,3,0.0164,0.2439,0.1897,0.8443,0.5071,21.32,0.0517,,
1/19/2021,APHA,Medium,3DGapFade,5,A+,GO,0.2434,2.18,3.47,5,0.0467,0.242,0.7419,0.4751,0.663,12.42,0.0643,N,
1/28/2021,M,Large,3DGapFade,5,A+,GO,0.2336,4.03,2.6,4,0.0006,0.2416,0.4173,0.7164,0.5526,17.73,0.0778,,
6/9/2021,EH,Medium,3DGapFade,5,A+,GO,0.299,1.76,1.89,3,0.0393,0.2396,0.7232,0.3368,0.4546,40.41,0.0814,,
6/8/2021,MVIS,Medium,3DGapFade,5,A+,GO,0.217,1.3,1.9,2,0.0255,0.2392,0.47,-0.1554,0.4724,22.33,0.0944,,
4/1/2021,CLF,Medium,3DGapFade,5,A+,GO,0.1873,1.61,3.62,2,0.002,0.2391,0.1899,0.2114,0.2522,20.11,0.0641,N,
3/5/2021,SM,Medium,3DGapFade,5,A+,GO,0.1782,1.28,1.68,2,0.0555,0.2388,0.4447,1.0726,0.7162,17.12,0.0985,,
1/20/2021,TME,Medium,3DGapFade,5,A+,GO,0.207,2.67,2.52,3,0.0052,0.2382,0.4493,0.6061,0.4725,26.87,0.0424,,
11/9/2021,LCID,Medium,3DGapFade,5,A+,GO,0.2299,1.24,2.07,4,0.034,0.2371,0.8569,0.8712,0.798,459.2,0.085,,
6/23/2021,SWBI,Medium,3DGapFade,5,A+,GO,0.212,1.84,2.13,3,0.0066,0.236,0.322,0.4495,0.4361,28.86,0.045,,
2/8/2021,GOOS,Medium,3DGapFade,5,A+,GO,0.161,1.02,1.54,6,0.011,0.2351,0.2852,0.4095,0.3258,43.44,0.0565,,
1/8/2021,RIOT,Medium,3DGapFade,5,A+,GO,0.2859,1.76,1.79,3,0.0902,0.2341,1.1115,2.3363,1.5602,22.72,0.1209,,
2/10/2021,NLS,Medium,3DGapFade,5,A+,GO,0.1739,2.01,1.92,2,0.0082,0.2319,0.4978,0.5471,0.4699,30.54,0.0746,,
4/14/2021,MUDS,Medium,3DGapFade,5,A+,GO,0.1736,3.08,2.3,3,0.0015,0.2313,0.3605,0.3228,0.3045,13.36,0.0452,,
7/26/2021,ARVN,Medium,3DGapFade,5,A+,GO,0.1651,2.23,3.02,6,0.0046,0.2311,0.1952,0.1694,0.2667,95.47,0.0527,N,
1/4/2021,CELH,Medium,3DGapFade,5,A+,GO,0.161,1.15,3.57,2,0.0469,0.2307,0.3833,0.5756,0.5592,16.77,0.0643,N,
1/13/2021,DASH,Medium,3DGapFade,5,A+,GO,0.1955,3.17,1.94,4,0.0022,0.23,0.1982,,,191.99,0.0645,,
6/9/2021,APPN,Medium,3DGapFade,5,A+,GO,0.181,2.7,2.36,2,0.0075,0.2293,0.3414,-0.1738,0.0174,111.82,0.0559,N,
2/5/2021,GOOS,Medium,3DGapFade,5,A+,GO,0.1947,2.36,7.08,5,0.0562,0.2285,0.2562,0.4047,0.3155,42.9,0.0541,,
1/13/2021,PLUG,Medium,3DGapFade,5,A+,GO,0.3987,1.06,2.48,6,0.0648,0.2277,1.0395,1.5017,1.3026,66.02,0.0752,,
1/15/2021,CCIV,Medium,3DGapFade,5,A+,GO,0.294,3.97,5.88,4,0.0259,0.2269,0.7308,0.7589,0.6835,17.36,0.0586,N,IntradayCapitch
4/26/2021,RLX,Medium,3DGapFade,5,A+,GO,0.1931,2.36,1.69,3,0.0033,0.2267,0.1964,-0.3014,-0.1758,12.12,0.0601,,
1/27/2021,SPCE,Medium,3DGapFade,5,A+,GO,0.239,2.51,3.19,6,0.0621,0.2267,0.7434,0.3124,0.5444,841,0.0706,,
1/7/2021,SSPK,Medium,3DGapFade,5,A+,GO,0.1817,3.89,2.36,3,0.0094,0.2256,0.309,0.5626,0.4246,15.97,0.0591,,
11/3/2021,TOST,Medium,3DGapFade,5,A+,GO,0.1665,2.31,2.52,4,0.014,0.2255,0.1982,0.0434,,65.22,0.0569,,
11/1/2021,IONQ,Medium,3DGapFade,5,A+,GO,0.2631,1.72,2.68,5,0.0552,0.2248,0.782,,,15.04,0.084,,
1/8/2021,SOL,Medium,3DGapFade,5,A+,GO,0.2998,3.03,2.86,4,0.0911,0.2235,1.2373,2.5523,1.5728,18.01,0.1316,,
1/6/2021,FLGT,Medium,3DGapFade,5,A+,GO,0.1892,1.39,1.61,3,0.0101,0.2217,0.4217,0.4802,0.479,63.65,0.0732,,
3/11/2021,GNUS,Medium,3DGapFade,5,A+,GO,0.1544,2.01,4.17,2,0.0465,0.2216,0.1622,-0.2974,0.2433,21.5,0.1086,,
1/14/2021,NGA,Medium,3DGapFade,5,A+,GO,0.2231,1.12,2.53,3,0.1658,0.2207,0.8707,1.225,0.9578,29.37,0.1,,
10/20/2021,BROS,Medium,3DGapFade,5,A+,GO,0.2118,1.87,2.01,5,0.0178,0.2206,0.44,,,64.73,0.0665,N,
1/27/2021,BBBY,Medium,3DGapFade,5,A+,GO,0.2934,2.24,2.93,4,0.1657,0.2205,0.8659,0.9233,0.7419,33.52,0.1152,N,
1/22/2021,FUTU,Medium,3DGapFade,5,A+,GO,0.2791,1.48,1.8,3,0.011,0.2201,1.3273,1.2675,1.0048,98.91,0.0884,,
12/6/2021,CFVI,Medium,3DGapFade,5,A+,GO,0.153,4.35,6.47,2,0.2227,0.2199,0.2205,0.2243,0.2143,11.9,0.0419,N,
2/11/2021,CRBP,Medium,3DGapFade,5,A+,GO,0.2404,1.99,2.92,3,0.1625,0.2196,0.447,1.7103,0.9849,102.45,0.1206,,
2/10/2021,ACB,Medium,3DGapFade,5,A+,GO,0.1696,1.36,1.82,2,0.1871,0.2195,0.3527,0.7963,0.4599,156.1,0.0794,Y,
1/8/2021,BLDP,Medium,3DGapFade,5,A+,GO,0.1729,1.24,1.72,3,0.0398,0.2188,0.4323,0.4072,0.4573,28.13,0.0595,N,
1/14/2021,TLRY,Medium,3DGapFade,5,A+,GO,0.2724,1.98,1.96,3,0.0293,0.2182,0.7754,0.8612,0.7424,150.2,0.0778,,
2/10/2021,HIMX,Medium,3DGapFade,5,A+,GO,0.2411,2.56,2.69,3,0.0415,0.2174,0.8073,1.2127,0.8526,15.29,0.0833,,
3/15/2021,MVIS,Medium,3DGapFade,5,A+,GO,0.1542,1.29,1.62,4,0.0637,0.2171,-0.0335,1.4581,0.5179,17.46,0.1557,,
1/7/2021,RUN,Medium,3DGapFade,5,A+,GO,0.1864,1.67,2.45,5,0.0476,0.2171,0.3483,0.3352,0.3946,85.17,0.0591,,
6/10/2021,IVR,Medium,3DGapFade,5,A+,GO,0.1597,6.61,10.1,4,0.0721,0.2164,0.1718,0.0639,0.1203,41.6,0.0353,,
6/9/2021,VLDR,Medium,3DGapFade,5,A+,GO,0.1619,2.77,3.37,3,0.0427,0.2153,0.1364,-0.1546,0.0194,12.25,0.0663,,
6/9/2021,FCEL,Medium,3DGapFade,5,A+,GO,0.1604,1.35,1.99,2,0.0231,0.2152,0.468,0.1696,0.2077,364.2,0.066,,
5/28/2021,SPCE,Medium,3DGapFade,5,A+,GO,0.2854,2.02,1.6,2,0.0058,0.2149,0.5854,0.3309,0.2718,621.8,0.0869,,
10/14/2021,PLUG,Medium,3DGapFade,5,A+,GO,0.1895,1.15,4.29,7,0.0095,0.2148,0.2096,0.2473,0.2824,33.59,0.0484,,
3/8/2021,CLR,Medium,3DGapFade,5,A+,GO,0.188,1.01,1.82,3,0.0082,0.2138,0.3788,0.6688,0.51,31.74,0.0629,N,
5/28/2021,GME,Medium,3DGapFade,5,A+,GO,0.245,1.83,2.38,6,0.0348,0.2134,0.5774,0.6428,0.4699,63.53,0.0794,,
7/1/2021,NTLA,Medium,3DGapFade,5,A+,GO,0.3932,3.79,5.98,6,0.0006,0.2134,0.9472,1.511,1.0467,161.91,0.0851,,
2/19/2021,ACIC,Medium,3DGapFade,5,A+,GO,0.2131,2.08,3.22,3,0.0268,0.2122,0.6418,0.6887,,17.14,0.0684,N,
1/27/2021,AMCX,Medium,3DGapFade,5,A+,GO,0.2387,2.1,2.3,4,0.0847,0.2116,0.6555,0.8592,0.6874,59.83,0.0555,Y,
12/20/2021,NVAX,Medium,3DGapFade,5,A+,GO,0.1666,1.12,2.01,3,0.0583,0.2108,0.1204,0.3652,0.2604,217.32,0.0907,,
1/8/2021,CRSP,Medium,3DGapFade,5,A+,GO,0.1626,1.94,1.54,4,0.0231,0.2105,0.3262,0.7677,0.492,194.43,0.0704,,
1/25/2021,BBBY,Medium,3DGapFade,5,A+,GO,0.1917,2.11,2.67,2,0.1533,0.2099,0.701,0.6321,0.4672,27.46,0.0835,Y,IntradayCapitch
1/28/2021,PRLB,Medium,3DGapFade,5,A+,GO,0.221,3.75,3.9,4,0.002,0.2098,0.5514,0.6538,0.5685,251.49,0.0717,,
1/7/2021,CLF,Medium,3DGapFade,5,A+,GO,0.1597,2.44,2.08,2,0.0293,0.208,0.2866,0.7543,0.5381,17.42,0.0462,N,
11/15/2021,VUZI,Medium,3DGapFade,5,A+,GO,0.1514,1.42,2.08,2,0.0363,0.208,0.4015,0.5035,0.3201,14.87,0.1075,,
6/9/2021,GME,Medium,3DGapFade,5,A+,GO,0.1677,1.98,1.99,2,0.0104,0.2079,0.6605,0.6876,0.6268,75,0.107,,
7/20/2021,MRNA,Medium,3DGapFade,5,A+,GO,0.1969,2.27,3.13,4,0.0148,0.2076,0.4066,0.4282,0.5311,313.59,0.0488,,
8/9/2021,EDIT,Medium,3DGapFade,5,A+,GO,0.1782,1.24,1.8,4,0.0284,0.2072,0.275,0.3274,0.333,55.59,0.0545,,
1/27/2021,GOGO,Medium,3DGapFade,5,A+,GO,0.1734,1.34,1.61,4,0.0419,0.2046,0.4605,0.4605,0.3945,14.78,0.0746,,
1/27/2021,SKT,Medium,3DGapFade,5,A+,GO,0.2047,2.91,3.64,3,0.0579,0.203,0.5838,0.464,0.4982,16.06,0.0735,,
10/13/2021,TTM,Medium,3DGapFade,5,A+,GO,0.2188,2.1,2.81,4,0.0369,0.2023,0.4943,0.6098,0.5005,31.68,0.0378,,
6/9/2021,EXPI,Medium,3DGapFade,5,A+,GO,0.178,1.86,1.83,6,0.002,0.2015,0.4442,0.1064,0.1899,40.67,0.0582,,
3/1/2021,SEAS,Medium,3DGapFade,5,A+,GO,0.1959,1.8,1.97,10,0.0149,0.201,0.4478,0.6186,0.5117,49.66,0.0515,,
12/7/2021,CFVI,Medium,3DGapFade,5,A+,GO,0.1763,4.62,6.88,3,0.0409,0.2004,0.3026,0.3026,0.288,12.7,0.0594,N,
1/15/2021,NGA,Medium,3DGapFade,5,A+,GO,0.2713,1.19,2.86,4,0.0626,0.1996,0.8461,1.5427,1.1184,32.75,0.0971,,
2/8/2021,DMTK,Medium,3DGapFade,5,A+,GO,0.1807,1.12,1.58,5,0.1038,0.1992,0.389,1.315,0.9253,54.17,0.0848,,
1/7/2021,TLRY,Medium,3DGapFade,5,A+,GO,0.1769,1.78,3.17,3,0.1021,0.1967,0.3685,0.6123,0.3583,107.7,0.0793,,
10/6/2021,SI,Medium,3DGapFade,5,A+,GO,0.2222,2.01,3.09,3,0.0165,0.1948,0.4095,0.3962,0.3796,153,0.0548,,
2/9/2021,EXPI,Medium,3DGapFade,5,A+,GO,0.2118,1.43,1.71,3,0.0151,0.1946,0.8842,0.9101,0.8639,75.1,0.073,,
10/28/2021,IONQ,Medium,3DGapFade,5,A+,GO,0.1697,2.25,1.82,3,0.0171,0.1946,0.6094,,,12.28,0.0867,,
2/10/2021,QFIN,Medium,3DGapFade,5,A+,GO,0.2031,1.97,3.12,2,0.111,0.1944,0.5917,1.2887,0.7144,23.78,0.0696,,
4/14/2021,MSTR,Medium,3DGapFade,5,A+,GO,0.1692,2.39,2.76,4,0.0382,0.1934,0.253,0.1337,0.0993,84.85,0.0667,,
1/25/2021,KC,Medium,3DGapFade,5,A+,GO,0.1507,2.95,2.32,4,0.0151,0.1929,0.2356,0.3128,0.2661,53.81,0.06,,
2/9/2021,OZON,Medium,3DGapFade,5,A+,GO,0.1735,1.06,1.73,6,0.02,0.1926,0.2338,0.5882,0.4076,66.64,0.0576,,
8/9/2021,MARA,Medium,3DGapFade,5,A+,GO,0.1627,1.48,2.22,3,0.0575,0.1925,0.5324,0.215,0.25,34.25,0.0759,,
1/8/2021,TLRY,Medium,3DGapFade,5,A+,GO,0.1826,2.01,2.07,4,0.0031,0.1924,0.2154,0.4483,0.4107,113.4,0.0741,,
5/28/2021,BYND,Medium,3DGapFade,5,A+,GO,0.1876,1.82,4.39,4,0.0517,0.1918,0.288,0.0386,0.1346,142.61,0.051,N,
1/13/2021,BLDP,Medium,3DGapFade,5,A+,GO,0.2505,1.7,2.8,6,0.0739,0.1914,0.6527,0.6736,0.6962,34.36,0.0603,N,
6/9/2021,SFIX,Medium,3DGapFade,5,A+,GO,0.17,1.97,4.21,2,0.0053,0.1906,0.4741,0.4301,0.3891,66.1,0.0514,,
11/3/2021,ON,Medium,3DGapFade,5,A+,GO,0.1504,1.04,1.87,4,0.0041,0.1887,0.3637,0.1757,0.2349,57.14,0.0333,,
11/9/2021,COTY,Medium,3DGapFade,5,A+,GO,0.1691,1.72,3.76,2,0.0122,0.1878,0.4311,0.3313,0.2716,10.69,0.0392,,
1/26/2021,EH,Medium,3DGapFade,5,A+,GO,0.4134,2.1,1.9,5,0.0458,0.1876,3.2152,3.5263,2.5112,89.53,0.1126,,
2/11/2021,PACB,Medium,3DGapFade,5,A+,GO,0.198,1.78,2.75,5,0.1111,0.1876,0.2641,0.8085,0.5726,45.9,0.0792,,
2/18/2021,ACIC,Medium,3DGapFade,5,A+,GO,0.2036,1.31,3.71,2,0.0199,0.1873,0.5707,0.5846,,16.1,0.0632,N,
6/4/2021,FSR,Medium,3DGapFade,5,A+,GO,0.1581,1.75,1.59,3,0.0013,0.1873,0.599,0.1546,0.1573,15.91,0.0677,,
2/16/2021,HUBS,Medium,3DGapFade,5,A+,GO,0.1668,1.35,3.24,10,0.0035,0.1864,0.3075,0.2673,0.2679,502.4,0.0452,,
2/17/2021,QFIN,Medium,3DGapFade,5,A+,GO,0.254,1.36,1.84,6,0.01,0.1847,0.9266,1.5795,1.0573,30.98,0.0659,,
5/26/2021,GME,Medium,3DGapFade,5,A+,GO,0.1707,2.24,2.88,4,0.0934,0.1846,0.3132,0.2576,0.2225,52.36,0.0769,,
1/8/2021,ORA,Medium,3DGapFade,5,A+,GO,0.1656,2.3,2.33,5,0.0042,0.1828,0.3916,0.5197,0.4061,112.37,0.0443,,
7/1/2021,BEAM,Medium,3DGapFade,5,A+,GO,0.2519,3.49,3.98,3,0.0058,0.1825,0.4641,0.8241,0.5873,128.71,0.0576,N,
1/25/2021,AMC,Medium,3DGapFade,5,A+,GO,0.2608,2.85,3.69,2,0.3419,0.1818,0.6557,-0.0907,0.1491,35.1,0.093,N,
1/7/2021,LAC,Medium,3DGapFade,5,A+,GO,0.2062,2.15,2,5,0.0557,0.1818,0.6468,0.5375,0.4774,15.99,0.0755,,
1/13/2021,NGA,Medium,3DGapFade,5,A+,GO,0.204,2.82,2.29,2,0.063,0.1818,0.8176,0.95,0.869,27.3,0.0978,,
2/24/2021,MRO,Medium,3DGapFade,5,A+,GO,0.1559,2.55,1.75,3,0.0072,0.181,0.5122,0.4607,0.4205,11.16,0.058,,
10/19/2021,MARA,Medium,3DGapFade,5,A+,GO,0.1709,1.61,2.2,2,0.0029,0.1803,0.571,0.3062,0.3812,51.45,0.0623,,
8/26/2021,DVAX,Medium,3DGapFade,5,A+,GO,0.2035,1.87,2.9,4,0.0105,0.1794,0.5721,0.7203,0.5702,16.24,0.0668,,
1/20/2021,IPOE,Medium,3DGapFade,5,A+,GO,0.2062,1.66,2.38,4,0.0562,0.179,0.7844,1.17,,22.59,0.0845,,
6/9/2021,SENS,Medium,3DGapFade,5,A+,GO,0.3281,2.35,2.29,3,0.0058,0.1787,0.6028,0.6333,0.5795,68.6,0.0746,,
6/15/2021,MSTR,Medium,3DGapFade,5,A+,GO,0.16,2,2.04,2,0.0059,0.1766,0.2668,-0.0584,0.0229,59.85,0.0516,,
1/20/2021,MAXR,Medium,3DGapFade,5,A+,GO,0.2348,1.89,2.33,3,0.0108,0.175,0.5672,0.7879,0.6709,54.71,0.0629,,
4/6/2021,ASO,Medium,3DGapFade,5,A+,GO,0.163,1.8,2.93,4,0.0442,0.1745,0.2417,0.2933,0.2803,31.7,0.0615,N,
2/11/2021,VFF,Medium,3DGapFade,5,A+,GO,0.2276,2.59,1.81,8,0.0129,0.1732,0.4981,0.9331,0.6212,19.37,0.0662,,
8/27/2021,AUPH,Medium,3DGapFade,5,A+,GO,0.1743,2.21,2.06,5,0.0106,0.1719,0.2434,0.5938,0.3524,17.93,0.0702,N,
11/11/2021,PUBM,Medium,3DGapFade,5,A+,GO,0.1546,2.86,7.52,3,0.0505,0.1716,0.1863,0.3294,0.2622,35.03,0.0796,,
10/13/2021,SOFI,Large,3DGapFade,5,A+,GO,0.1034,1.22,1.52,2,0.0016,0.1703,0.1265,0.3378,0.2091,18.97,0.051,,
1/26/2021,UNFI,Medium,3DGapFade,5,A+,GO,0.2094,3.48,3.11,9,0.0025,0.1703,0.6653,0.6526,0.5762,28.11,0.0694,,
1/5/2021,FLGT,Medium,3DGapFade,5,A+,GO,0.1629,1.47,1.96,2,0.0093,0.1689,0.1891,0.4234,0.3963,59.3,0.0801,,
9/22/2021,LCID,Medium,3DGapFade,5,A+,GO,0.1964,1.95,2.99,5,0.0345,0.1677,0.3432,0.0961,,268.1,0.0644,,
11/2/2021,ON,Medium,3DGapFade,5,A+,GO,0.1504,2.34,4.13,3,0.018,0.1675,0.2985,0.1533,0.196,54.99,0.033,,
1/11/2021,NIO,Large,3DGapFade,5,A+,GO,0.1306,0.93,1.63,2,0.1023,0.1667,0.2809,0.0974,0.2934,58.92,0.0626,,
1/29/2021,AAL,Large,3DGapFade,5,A+,GO,0.1093,4.69,4.44,3,0.0326,0.1655,0.1769,0.0641,0.1609,18.1,0.0583,N,
6/3/2021,SNDL,Medium,3DGapFade,5,A+,GO,0.2386,1.56,1.62,3,0.2168,0.1649,0.6076,0.3003,0.2528,11.3,0.0735,,
2/8/2021,HOL,Medium,3DGapFade,5,A+,GO,0.3027,1.04,1.87,5,0.0315,0.1648,0.8625,0.9121,0.8008,19.37,0.0598,,
2/11/2021,TWTR,Medium,3DGapFade,5,A+,GO,0.1705,1.98,3.28,8,0.0032,0.1644,0.4382,0.2467,0.3127,67.77,0.0452,,
5/4/2021,BNTX,Medium,3DGapFade,5,A+,GO,0.1693,1.36,1.9,4,0.0172,0.1628,0.6114,0.9523,0.6918,208.9,0.0551,Y,
4/28/2021,CROX,Medium,3DGapFade,5,A+,GO,0.1595,2.19,6.55,5,0.0115,0.1624,0.1969,0.1988,0.2276,97.82,0.0414,,
5/28/2021,F,Large,3DGapFade,5,A+,GO,0.1268,1.68,2.98,2,0.0087,0.1616,0.2589,0.2167,0.213,14.88,0.0371,,
2/25/2021,MRO,Medium,3DGapFade,5,A+,GO,0.1732,2,1.98,4,0.0135,0.1608,0.5179,0.4112,0.4899,11.84,0.0607,,
8/27/2021,DVAX,Medium,3DGapFade,5,A+,GO,0.2268,1.55,2.84,5,0.0298,0.1599,0.6341,0.867,0.6689,17.55,0.0658,,
6/2/2021,BB,Medium,3DGapFade,5,A+,GO,0.1959,1.61,4.54,4,0.1168,0.1595,0.3928,0.408,0.2893,11.56,0.0587,N,
10/13/2021,AZPN,Medium,3DGapFade,5,A+,GO,0.1573,1.73,2.29,4,0.0149,0.1588,0.3162,0.2666,0.2478,164.03,0.0333,N,
6/7/2021,TIGR,Medium,3DGapFade,5,A+,GO,0.1634,1.6,1.72,2,0.0063,0.1578,0.5902,0.2757,0.4142,26.7,0.0777,,
3/8/2021,MTDR,Medium,3DGapFade,5,A+,GO,0.1668,1.37,1.89,3,0.0101,0.1559,0.3453,0.7781,0.544,26.69,0.0662,,
5/20/2021,UPST,Medium,3DGapFade,5,A+,GO,0.2135,1.9,1.93,4,0.0157,0.1557,0.2243,0.0777,0.2336,132.91,0.1121,,
3/15/2021,GPRO,Medium,3DGapFade,5,A+,GO,0.1885,1.97,2.46,4,0.0572,0.1547,0.3539,0.2011,0.2422,10.75,0.0657,,
6/8/2021,CCIV,Medium,3DGapFade,5,A+,GO,0.1685,1.53,1.91,2,0.0302,0.1542,0.4473,0.1102,0.2638,26.5,0.0552,N,2DBreakoutIB
11/18/2021,RBLX,Medium,3DGapFade,5,A+,GO,0.1865,1.04,2.12,5,0.0367,0.154,0.5069,0.6671,0.4985,124.7,0.0719,,
1/15/2021,CRON,Medium,3DGapFade,5,A+,GO,0.1789,1.08,1.87,2,0.0213,0.1537,0.4661,0.317,0.4231,11.26,0.059,,
1/20/2021,PLL,Medium,3DGapFade,5,A+,GO,0.2232,1.6,1.56,5,0.0611,0.1532,0.6434,0.8169,0.607,46.13,0.0854,,
9/1/2021,DVAX,Medium,3DGapFade,5,A+,GO,0.1957,1.22,1.7,2,0.0349,0.1508,0.6043,1.0083,0.7594,19.46,0.0733,,
1/22/2021,F,Large,3DGapFade,5,A+,GO,0.1305,2.35,3.39,3,0.0113,0.1507,0.3014,0.2465,0.2654,11.53,0.038,,
1/19/2021,HEXO,Medium,3DGapFade,5,A+,GO,0.2476,1.74,1.89,10,0.0222,0.1499,0.7759,0.5406,0.7963,100.94,0.0829,,
11/2/2021,IONQ,Medium,3DGapFade,5,A+,GO,0.2372,1.82,1.9,6,0.0192,0.1489,0.8359,,,15.66,0.0901,,
5/26/2021,RETA,Medium,3DGapFade,5,A+,GO,0.2043,1.9,2.08,2,0.0203,0.148,0.4001,0.4196,0.3128,127.41,0.0606,,
11/11/2021,EVGO,Medium,3DGapFade,5,A+,GO,0.2747,2.33,4.14,4,0.0565,0.1474,0.8862,0.8908,0.7433,15.41,0.0902,,
1/19/2021,ACTC,Medium,3DGapFade,5,A+,GO,0.3525,1.03,1.58,2,0.1243,0.147,1.2919,1.6891,,26.38,0.0865,N,
7/23/2021,BNTX,Medium,3DGapFade,5,A+,GO,0.1532,1.42,2.14,7,0.0215,0.1461,0.2544,0.1716,0.2879,280.98,0.0484,N,
1/7/2021,OXY,Large,3DGapFade,5,A+,GO,0.0873,1.27,1.38,3,0.0105,0.1461,0.0081,0.269,0.3164,20,0.0515,,
1/25/2021,CYRX,Medium,3DGapFade,5,A+,GO,0.2131,2.13,2.82,4,0.0229,0.146,0.8712,0.7404,0.5718,82.11,0.0659,,
6/9/2021,HYLN,Medium,3DGapFade,5,A+,GO,0.1519,1.78,2.41,3,0.0189,0.1455,0.3738,0.2194,0.3268,13.23,0.0637,,
6/18/2021,ASAN,Medium,3DGapFade,5,A+,GO,0.1603,2.03,1.78,3,0.0216,0.1452,0.4555,0.8807,0.5235,53.62,0.0535,N,
2/10/2021,CRBP,Medium,3DGapFade,5,A+,GO,0.1903,1.61,2.45,2,0.0974,0.145,0.7701,1.4444,0.8371,92.4,0.1297,,
11/8/2021,LCID,Medium,3DGapFade,5,A+,GO,0.1878,1.62,1.68,3,0.0416,0.1438,0.6496,0.6145,0.6693,418,0.085,,
8/10/2021,KLIC,Medium,3DGapFade,5,A+,GO,0.1589,1.65,2.1,3,0.0022,0.1436,0.3027,0.0947,0.2378,69.03,0.0442,,
8/11/2021,LTHM,Medium,3DGapFade,5,A+,GO,0.1739,2.29,3.29,4,0.0099,0.141,0.291,0.3469,0.3007,25.24,0.0478,,
2/9/2021,HOL,Medium,3DGapFade,5,A+,GO,0.3116,1.66,1.71,6,0.0009,0.1402,1.0534,1.0776,0.9257,21.15,0.0634,,
11/5/2021,SOXL,Medium,3DGapFade,5,A+,GO,0.1675,2.16,1.63,6,0.0162,0.1401,0.412,0.2321,0.3164,59.08,0.0412,,
1/19/2021,NGA,Medium,3DGapFade,5,A+,GO,0.2262,1.15,1.74,5,0.0215,0.1399,0.8196,1.5097,1.1014,33.48,0.1007,,
2/5/2021,HOL,Medium,3DGapFade,5,A+,GO,0.3497,3.4,4.22,4,0.0367,0.1387,0.7734,0.8133,0.7558,18.55,0.0578,,
2/26/2021,SEAS,Medium,3DGapFade,5,A+,GO,0.163,2.54,3.31,9,0.0477,0.1386,0.3275,0.5239,0.4165,45.93,0.052,,
9/3/2021,HUT,Medium,3DGapFade,5,A+,GO,0.1551,1.49,1.96,2,0.0672,0.1361,0.3613,1.1834,0.6328,44.65,0.0812,,
9/2/2021,YMM,Medium,3DGapFade,5,A+,GO,0.1931,1.62,1.84,5,0.0045,0.1361,0.4349,0.1848,0.2303,17.95,0.0699,,
6/8/2021,CLNE,Medium,3DGapFade,5,A+,GO,0.17,1.74,3.1,5,0.0154,0.136,0.2743,-0.0742,0.0034,10.36,0.0673,N,
2/24/2021,CTXR,Medium,3DGapFade,5,A+,GO,0.2747,2.42,1.87,4,0.0085,0.1359,0.814,1.1667,0.8482,58.5,0.138,,
1/26/2021,DDS,Medium,3DGapFade,5,A+,GO,0.197,2.23,3.13,5,0.0094,0.1329,0.5031,0.665,0.5647,87.18,0.0726,,
11/15/2021,APLS,Medium,3DGapFade,5,A+,GO,0.1657,1.5,3.12,4,0.0115,0.1322,0.3556,0.3178,0.2203,43.5,0.0476,N,
5/3/2021,OCGN,Large,3DGapFade,5,A+,GO,0.2118,1.22,1.72,2,0.0994,0.1302,0.8967,0.4204,0.4998,12.67,0.1285,,
1/7/2021,MSTR,Medium,3DGapFade,5,A+,GO,0.2009,1.66,1.65,3,0.0848,0.1301,0.6815,1.1768,0.7807,48.06,0.0654,,
11/15/2021,RBLX,Medium,3DGapFade,5,A+,GO,0.1538,1.5,2.38,2,0.008,0.1293,0.2929,0.3828,0.3238,107.58,0.0687,,
11/5/2021,NVDA,Large,3DGapFade,5,A+,GO,0.1451,4.16,4.2,6,0.013,0.1288,0.3631,0.3496,0.3264,29.8,0.0343,,
6/25/2021,ATOS,Medium,3DGapFade,5,A+,GO,0.2788,1.37,2.04,7,0.0114,0.1282,0.7143,2.3559,1.2786,118.8,0.1265,N,
7/29/2021,SAVA,Medium,3DGapFade,5,A+,GO,0.1568,1.12,1.54,2,0.0717,0.1276,0.2764,0.6856,0.6738,96.64,0.1102,,
1/25/2021,APPN,Medium,3DGapFade,5,A+,GO,0.1539,1.8,1.51,2,0.0056,0.1234,0.2638,0.4169,0.3931,204.85,0.0653,N,
2/25/2021,RCL,Medium,3DGapFade,5,A+,GO,0.1751,1.3,1.8,7,0.014,0.121,0.3924,0.3338,0.3272,96.66,0.0434,,
8/13/2021,LAC,Medium,3DGapFade,5,A+,GO,0.18,1.53,2.17,6,0.012,0.1147,0.4719,0.2974,0.3158,19.15,0.0616,,
11/15/2021,U,Medium,3DGapFade,5,A+,GO,0.1527,1.61,1.67,8,0.0069,0.1145,0.347,0.6408,0.3847,196.65,0.0524,,
8/27/2021,DLPN,Medium,3DGapFade,5,A+,GO,0.1727,2.22,1.99,4,0.0103,0.1086,0.3662,0.7613,0.4474,27.16,0.0995,,
9/17/2021,ASAN,Medium,3DGapFade,5,A+,GO,0.1554,1.77,2.95,6,0.0096,0.1067,0.575,0.5091,0.5072,117.86,0.0529,N,
1/21/2021,F,Large,3DGapFade,5,A+,GO,0.1007,1.92,1.72,2,0.0387,0.1048,0.2313,0.1779,0.2017,10.86,0.0326,,
9/8/2021,CCJ,Medium,3DGapFade,5,A+,GO,0.1553,1.7,2.9,7,0.0114,0.1033,0.4225,0.3415,0.2854,22.86,0.0371,N,
10/15/2021,OCGN,Medium,3DGapFade,5,A+,GO,0.2063,2.56,3.56,4,0.001,0.1032,0.3347,0.3137,0.329,10.05,0.0695,,
10/20/2021,MARA,Medium,3DGapFade,5,A+,GO,0.1736,1.56,2.14,3,0.0037,0.1027,0.7612,0.4457,0.4334,53.91,0.0627,,
3/19/2021,EXPR,Medium,3DGapFade,5,A+,GO,0.1599,1.96,1.61,2,0.0079,0.1026,0.8773,0.5396,0.6802,101,0.1583,,
5/24/2021,F,Large,3DGapFade,5,A+,GO,0.0859,2.26,2.61,2,0.0038,0.1007,0.1462,0.0767,0.0918,13.33,0.0299,,
1/25/2021,BB,Large,3DGapFade,5,A+,GO,0.2673,2.11,3,6,0.3925,0.0977,1.1176,0.6895,0.8848,14.04,0.0712,N,2DGapFade
3/15/2021,BA,Large,3DGapFade,5,A+,GO,0.121,1.26,1.84,5,0.0184,0.0972,0.2645,0.3862,0.2565,269.19,0.0478,N,
7/1/2021,TSP,Medium,3DGapFade,5,A+,GO,0.1666,1.54,3.29,4,0.0038,0.091,0.5824,1.0221,0.638,71.24,0.0985,,
11/19/2021,RBLX,Medium,3DGapFade,5,A+,GO,0.1538,1.8,2.54,6,0.0297,0.0856,0.5011,0.7905,0.5012,126.12,0.0789,,
7/22/2021,CYTK,Medium,3DGapFade,5,A+,GO,0.2226,1.11,2.75,3,0.0263,0.0844,0.4795,0.36,0.3215,29.28,0.0721,,
1/26/2021,SPWR,Medium,3DGapFade,5,A+,GO,0.1972,2.63,1.98,5,0.0123,0.0811,0.87,1.2368,0.7944,47.33,0.0967,,
11/17/2021,RBLX,Medium,3DGapFade,5,A+,GO,0.1595,1.94,2.83,4,0.0079,0.0799,0.44,0.5764,0.4101,116.18,0.0739,,
6/4/2021,F,Large,3DGapFade,5,A+,GO,0.1123,1.69,1.71,3,0.0213,0.0797,0.3844,0.3392,0.2829,15.99,0.0398,,
11/5/2021,F,Large,3DGapFade,5,A+,GO,0.1004,1.09,1.72,6,0.0149,0.0783,0.2369,0.4093,0.3273,19.42,0.0368,,
11/5/2021,AMD,Large,3DGapFade,5,A+,GO,0.0878,1.79,1.72,4,0.0123,0.0773,0.2264,0.2996,0.2416,137.5,0.0335,N,
8/10/2021,EDIT,Medium,3DGapFade,5,A+,GO,0.1763,1.63,2.37,5,0.0088,0.0651,0.3362,0.3198,0.3767,58.06,0.0572,,
11/2/2021,F,Large,3DGapFade,5,A+,GO,0.084,1.4,1.51,3,0.0111,0.0647,0.1477,0.4056,0.2562,17.95,0.0357,,
2/16/2021,TWTR,Medium,3DGapFade,5,A+,GO,0.1521,1.43,1.61,10,0.004,0.0609,0.5029,0.3278,0.3676,71.9,0.0464,,
8/4/2021,AMD,Large,3DGapFade,5,A+,GO,0.1077,1.6,2.51,5,0.016,0.06,0.264,0.3467,0.285,112.56,0.0398,N,
9/7/2021,AMBA,Medium,3DGapFade,5,A+,GO,0.1719,1.56,1.99,3,0.0078,0.0397,0.4121,0.4436,0.3589,137.2,0.0452,N,
1/26/2021,FUTU,Medium,3DGapFade,5,A+,GO,0.1901,3.05,2.33,5,0.089,0.0339,1.0895,1.2724,0.9689,102.26,0.1041,,
