date,ticker,cap,setup_type,score,grade,recommendation,selloff_total_pct,consecutive_down_days,pct_off_30d_high,gap_pct,prior_day_range_atr,prior_day_rvol,pct_from_200mav,pct_from_50mav,pct_change_3,pct_change_15,pct_change_30,pct_off_52wk_high,current_price,atr_pct,bounce_day_return,bounce_low_to_close,bounce_day_close_position,review_status
2022-05-02,CRSP,Medium,GapFade_weakstock,3,F,NO-GO,-0.1214589235127478,4,-0.3005356639413589,-0.0008061265618701,1.2011033345439908,0.8742912897842959,-0.426196190715179,-0.1801030406577683,-0.0450346420323326,-0.1947419668938656,-0.2691117984975696,-0.7077049952874647,49.62,0.0733236886048252,0.0484066155707946,0.0739669421487603,0.9835164835164828,
2022-05-02,RIOT,Medium,GapFade_weakstock,4,C,NO-GO,-0.1528822055137844,4,-0.5714285714285714,-0.004930966469428,1.1794382379909805,1.022287580794221,-0.5988265478707937,-0.3923267771744993,-0.0765027322404371,-0.3920863309352517,-0.4807987711213518,-0.7808988764044944,10.14,0.1129311073541842,0.0872150644202181,0.1251282051282052,0.9918699186991872,
2022-05-02,ARKG,ETF,GapFade_weakstock,5,B,CAUTION,-0.1304347826086956,4,-0.3096446700507614,-0.0055882352941175,1.087104398455066,0.7435269456100791,-0.4645338314218634,-0.2179521386708865,-0.078590785907859,-0.2205410362219165,-0.263750541359896,-0.6388357765030805,34.0,0.0619535714285714,0.0576752440106476,0.0674626865671641,0.9955947136563854,REJECT
2022-05-02,F,Large,GapFade_weakstock,3,F,NO-GO,-0.0503018108651911,2,-0.2044943820224719,-0.0098870056497175,1.4083535484761038,1.2403252777558678,-0.1649121565435855,-0.1309791214051625,-0.0464646464646464,-0.0591362126245847,-0.1601423487544483,-0.4526478546579049,14.16,0.043876614205004,0.0178316690442225,0.0325615050651229,0.9574468085106392,
2022-05-02,ARKK,ETF,GapFade_weakstock,5,B,CAUTION,-0.1243032329988851,4,-0.3454621206860634,-0.0027583280288564,1.2260927343879358,1.062212260677948,-0.5035864378930073,-0.23280027087213,-0.0490314769975786,-0.2229183841714756,-0.283411889919416,-0.6443018867924528,47.13,0.0723050225819162,0.0665957446808511,0.0815533980582524,1.0,REJECT
2022-05-02,HTZ,Medium,GapFade_strongstock,4,C,NO-GO,-0.1543001686340641,2,-0.1761806981519508,-0.0029910269192422,1.7003279346454223,1.5369513021089292,,-0.0627657288094416,-0.1474713132171696,-0.0533270410571025,-0.0890099909173479,-0.2835714285714286,20.06,0.0674287850733513,0.023,0.0333333333333333,0.409937888198758,
2022-05-02,ALNY,Medium,GapFade_weakstock,3,F,NO-GO,-0.2073779256267078,6,-0.2601607984474632,-0.0137900022483699,1.4679178300054674,1.522725116740621,-0.2334168878093005,-0.1638236377901831,-0.1387167570358893,-0.1835148696609961,-0.1925567322239031,-0.3706132075471697,133.43,0.0576930118521214,0.0566912379360134,0.0566912379360134,0.9867724867724876,
2022-05-02,BA,Medium,GapFade_weakstock,3,F,NO-GO,-0.2050843836787011,8,-0.2466845058631976,-0.0055092717011555,1.1476612538881157,1.1743049363447289,-0.281410181824853,-0.1927313277085588,-0.0363848245500453,-0.1504566210045661,-0.2281284032567546,-0.4100673801030519,148.84,0.0498185491611317,0.0039859478448858,0.0364613156035516,0.8613252932647988,
2022-05-02,JKS,Medium,GapFade_strongstock,3,F,NO-GO,-0.0236190476190476,2,-0.1250320047793804,-0.0099492781896215,1.0762104026456252,1.4111760618690437,0.0392928105105227,0.0242945236411011,-0.0695225993828281,0.0712643678160918,-0.0278778683861179,-0.2276631007985536,51.26,0.0768563625215985,-0.0037438423645319,0.0318367346938776,0.571428571428573,
2022-05-02,CVNA,Medium,GapFade_weakstock,5,B,CAUTION,-0.2843560933448573,5,-0.6157517899761336,-0.0093167701863353,1.0723442956347886,1.3325850340483718,-0.7516224249467762,-0.4958149860209572,-0.1183449954365682,-0.4598825831702544,-0.593063259144843,-0.8461905899211847,57.96,0.1859119589864931,0.0531173807035875,0.0938856729377713,0.916475366413562,REJECT
2022-05-02,BTU,Medium,GapFade_strongstock,4,C,NO-GO,-0.0283261802575107,2,-0.3199158906578552,-0.017226148409894,1.064824407574555,1.199610490839137,0.4551578081364147,-0.0479874859132423,-0.1456603773584905,-0.1691743119266054,0.0347349177330896,-0.3199158906578552,22.64,0.1248567642604744,-0.0373033707865167,0.0382937469704315,0.4593023255813963,
2022-05-02,PLUG,Medium,GapFade_weakstock,3,F,NO-GO,-0.0678492239467849,4,-0.3441497659906395,-0.0104662226450998,1.0016507760190072,0.8084016575555824,-0.2520211796857208,-0.1677950131046552,-0.0501581563488476,-0.1921598770176787,-0.1961759082217972,-0.5479569892473118,21.02,0.0881038466766345,0.0432692307692307,0.0694923607688516,0.9624573378839592,
2022-05-02,IPI,Medium,GapFade_strongstock,5,B,CAUTION,-0.357388604514559,9,-0.3708511337495892,-0.0110995037868894,0.9119091574070844,0.9515872400924756,0.5678390313711119,-0.0440667979857746,-0.0945850082761882,-0.2836965672060612,0.1079282407407406,-0.3708511337495892,76.58,0.1338889303436182,-0.0035652977683878,0.0305927342256213,0.4250474383301701,REJECT
2022-05-03,HCP,Medium,GapFade_strongstock,3,F,NO-GO,-0.0396322778345251,2,-0.2168915542228886,-0.0074452244203361,0.845019167905836,0.9694424057243975,,-0.0474009710390443,-0.0663356504468719,-0.1262081784386617,-0.0295210569777043,-0.5433705682370082,47.01,0.1210844197283253,0.0218602657522503,0.0626253621573434,0.5118397085610202,
2022-05-03,JKS,Medium,GapFade_strongstock,3,F,NO-GO,-0.0369523809523809,3,-0.1369804557480583,-0.001384493670886,0.7148575147946694,0.937333114670482,0.025874103171769,0.0070389152023837,-0.0526513022297169,0.0041708043694141,-0.0190143577803647,-0.2382100346542112,50.56,0.0755328887884267,0.0714993067934244,0.0714993067934244,0.8167420814479647,
2022-05-03,KOLD,Medium,GapFade_weakstock,3,F,NO-GO,-0.1176470588235294,2,-0.6497691070409382,-0.1037037037037036,0.3780661134290048,0.6862905371047415,-0.8192389760044204,-0.547485527916791,-0.1580041580041579,-0.2793594306049822,-0.6198967620835288,-0.9326106308809704,16.2,0.1538694885361552,0.0399449035812672,0.1135693215339232,0.9166666666666664,
2022-05-03,MOS,Medium,GapFade_strongstock,3,F,NO-GO,-0.0615130094751089,2,-0.2129162462159435,-0.0336538461538461,0.7388375149484349,0.8798687790067716,0.4307676962920417,-0.0163035082022001,-0.0447030006123697,-0.1557299418211337,-0.0714285714285715,-0.2129162462159435,62.4,0.0676738782051282,0.1248756218905473,0.1463579516646949,0.9537444933920702,
2022-05-04,FRSH,Medium,GapFade_strongstock,6,A,GO,-0.0993096123207646,3,-0.2022577610536218,-0.1149764150943396,1.3696887871405792,1.2883468612925064,,-0.0764539316053145,-0.0665932856356632,-0.0772578890097931,-0.1566384883142714,-0.6821344968410241,16.96,0.0860958557951482,0.1205862758161226,0.1364864864864864,0.9266055045871558,REJECT
2022-05-04,HZNP,Medium,GapFade_weakstock,3,F,NO-GO,-0.1130255641914037,6,-0.193803727976849,-0.078125,1.0544933131733554,1.5311202325646884,-0.0941597595391996,-0.0947994931182972,-0.0389610389610389,-0.1574452944315958,-0.1350561592548626,-0.214170158045381,94.72,0.0405480061534748,0.0956252863032525,0.1081895053863084,0.8044788975021536,
2022-05-05,DRIP,Medium,GapFade_weakstock,3,F,NO-GO,-0.2019154030327214,3,-0.2652461425422483,-0.0085,1.0583079613463284,0.9721640100569224,-0.6180301240542665,-0.2346138244051036,-0.1718426501035196,-0.053030303030303,-0.2217898832684824,-0.8333333333333334,20.0,0.1025221428571428,0.0645486636409481,0.0726626016260162,0.5445959326681388,
2022-05-05,XP,Medium,GapFade_weakstock,4,C,NO-GO,-0.1361297981796597,4,-0.3508771929824562,-0.0311497938616582,1.8848684210526323,3.8013971878593824,-0.3740349227149623,-0.2587990031304962,-0.0964403973509934,-0.2498281786941581,-0.3030012771392082,-0.588733986435569,21.83,0.0696289509848832,0.0132387706855792,0.0238891543239369,0.6756756756756739,
2022-05-05,FRSH,Medium,GapFade_strongstock,5,B,CAUTION,-0.1067445565586828,4,-0.2088428974600188,-0.0166468489892985,1.4469529598058082,2.351119595488384,,-0.0822985094170794,-0.071231363887355,-0.1179863660199265,-0.1803118908382066,-0.6847583866076666,16.82,0.0895727874978767,-0.0332527206771462,0.0437336814621409,0.4589041095890407,REJECT
2022-05-05,BEKE,Medium,GapFade_weakstock,3,F,NO-GO,-0.0055210489993098,2,-0.1290420066485343,-0.0277585010409438,1.0580459770114952,0.8004778381061964,-0.2361232592781073,0.0200758862838373,-0.0068917987594761,0.0013898540653231,0.0642540620384048,-0.7257849666983825,14.41,0.086249628234361,-0.0556745182012847,0.0311769290724863,0.3225806451612905,
2022-05-06,SIX,Medium,GapFade_weakstock,3,F,NO-GO,-0.1761893377958402,8,-0.2273542600896861,-0.0043528728961113,1.2587653984016576,1.518858960883493,-0.1715718858519334,-0.1608180441167159,-0.0736559139784946,-0.1670292482475223,-0.201760481816076,-0.2705334462320068,34.46,0.0516402039631871,-0.0061206645292917,0.0317700453857792,0.5097087378640792,
2022-05-06,ONON,Medium,GapFade_strongstock,3,F,NO-GO,-0.1170212765957447,2,-0.1694067190850608,-0.0137693631669533,1.4606354217698183,1.329042683610767,,-0.052866667753452,-0.1160136934195511,-0.0636583400483481,-0.1282820705176294,-0.584034365491319,23.24,0.0677563314482419,-0.0170157068062827,0.0831730769230769,0.8160377358490564,
2022-05-06,IPI,Medium,GapFade_strongstock,5,B,CAUTION,-0.1688586190699858,2,-0.418501478803812,-0.008335688047471,1.2684875120382098,0.9278652186019932,0.4212480397098068,-0.1440857510472191,-0.1470233791275006,-0.3677534613666816,-0.1986867428959583,-0.418501478803812,70.78,0.1445019779598756,-0.0336230232226812,0.0347826086956521,0.4206642066420665,REJECT
2022-05-06,VALE,Large,GapFade_weakstock,3,F,NO-GO,-0.0141625615763544,2,-0.2480037576326913,-0.0174890693316677,1.0789787340819266,1.0459412821715006,-0.0328738326225366,-0.1488388907791765,-0.0378605769230768,-0.1781314168377822,-0.2002997002997002,-0.3091693635382955,16.01,0.049784509681449,-0.0006357279084551,0.0244379276637341,0.5395683453237422,
2022-05-06,FRSH,Medium,GapFade_strongstock,6,A,GO,-0.1508231545406265,5,-0.2478833490122295,-0.0337711069418387,0.9370730678598612,0.976878809266736,,-0.1268593145927528,-0.0571933962264151,-0.1637029288702929,-0.1825153374233128,-0.7003143045099042,15.99,0.0974385776824801,0.0207119741100323,0.0626684636118598,0.5740740740740735,REJECT
2022-05-06,TOST,Medium,GapFade_strongstock,5,B,CAUTION,-0.1463414634146341,3,-0.3246571968141884,-0.0194528875379939,1.073346826836299,1.038554945651885,,-0.1558908045977011,-0.1112911939492167,-0.1476683937823835,-0.1775,-0.7647647647647647,16.45,0.0991133304385584,-0.0471171729696218,0.066620402498265,0.4848484848484842,REJECT
2022-05-06,RH,Medium,GapFade_weakstock,3,F,NO-GO,-0.1004276612457453,3,-0.208878086222336,-0.0232528055366902,1.4116541068368933,1.127234427764458,-0.4205428168841466,-0.1166498687016201,-0.1030371595161431,-0.0756882790781095,-0.1447655925874707,-0.5847077468572043,309.21,0.0609396295628952,-0.0288391497251836,0.0253081325171696,0.3632682552345966,
2022-05-09,MSTR,Medium,GapFade_weakstock,3,F,NO-GO,-0.1749200830015142,2,-0.437187621341117,-0.0781334964654703,0.7682790325804519,2.6658227577225,-0.4821857484403671,-0.3174286285613806,-0.1970308918240366,-0.3401063042454417,-0.3771643876211845,-0.6699050909825215,29.424,0.1214509049949506,-0.192442396313364,0.0230244722585467,0.0862944162436551,
2022-05-09,TOST,Medium,GapFade_strongstock,6,A,GO,-0.2023871302542813,4,-0.3689958124640775,-0.02537410540013,1.1724995558713802,1.374095184824037,,-0.2074786787530037,-0.1582694414019716,-0.1982263954094941,-0.2093621399176955,-0.7802087802087803,15.37,0.1098698763825634,-0.0807743658210948,0.026080476900149,0.1871657754010694,REJECT
2022-05-09,ONON,Medium,GapFade_strongstock,5,B,CAUTION,-0.1439969604863221,3,-0.1947819871336668,-0.045716822015091,1.2856722055689365,1.6929054788979716,,-0.0802279630294914,-0.1243684415079673,-0.0822810590631364,-0.1181996086105675,-0.5967424378020404,22.53,0.0731887641874326,-0.0353488372093023,0.0282597917699552,0.3851351351351337,REJECT
2022-05-09,TWLO,Medium,GapFade_weakstock,3,F,NO-GO,-0.1211327549517106,2,-0.393179056822356,-0.0221642764015644,1.00328674130512,1.7456805059593747,-0.5813641959954745,-0.2558280074237012,-0.0936866981769075,-0.1841045513258872,-0.3064203591267278,-0.7397983910051371,107.38,0.1021043423888459,-0.0404761904761904,0.0231542601807657,0.2098133765229876,
2022-05-09,COIN,Medium,GapFade_weakstock,4,C,NO-GO,-0.17008,2,-0.4983316407950094,-0.0746096009253903,0.9997965428609566,1.7567252360752343,-0.5539727766033054,-0.3579396634103591,-0.2029197080291971,-0.2853403141361256,-0.4443789834502705,-0.718785578747628,103.74,0.1181077005701066,-0.1301041666666666,0.0211543164587919,0.1180887372013654,
2022-05-09,ETSY,Medium,GapFade_weakstock,3,F,NO-GO,-0.0835985571822619,2,-0.4040292534842004,-0.0150497800416762,1.0284517921920826,1.739673289967664,-0.53869171196483,-0.3099768181607583,-0.2099149364309887,-0.2180682538245678,-0.3471886336154776,-0.7193176279447604,86.38,0.1099184665762578,0.0155148095909732,0.0484164543137969,0.6086956521739137,
2022-05-09,TTD,Medium,GapFade_weakstock,5,B,CAUTION,-0.2014365001632386,2,-0.3561463543037642,-0.0392477514309076,1.0608862821186054,2.157855308279355,-0.3688430100201977,-0.2624465907000727,-0.2171547447591614,-0.2113493470901176,-0.2525592055003819,-0.5712157068980629,48.92,0.1148374897792313,-0.0427659574468084,0.0516596540439457,0.4420000000000001,REJECT
2022-05-09,BILL,Medium,GapFade_weakstock,5,B,CAUTION,-0.2891969688069082,2,-0.5059006084364408,-0.0187603305785123,1.3166246189195985,4.156998140740713,-0.492657474822079,-0.4022648727367574,-0.3103448275862068,-0.3705129539069816,-0.4489228947488272,-0.652792722994591,121.0,0.1625744982290437,-0.0911311378758528,0.0208116545265348,0.1689708141321045,REJECT
2022-05-09,VERU,Medium,GapFade_strongstock,3,F,NO-GO,-0.0893433799784716,2,-0.5165714285714286,-0.0070921985815602,0.4522937755761361,0.0825560523447948,0.1488750598372427,0.1123675283351302,-0.1019108280254778,-0.2890756302521008,0.6653543307086613,-0.5165714285714286,84.6,0.2038466734211414,-0.0297619047619047,0.029040404040404,0.469387755102041,
2022-05-09,MARA,Medium,GapFade_weakstock,3,F,NO-GO,-0.134587554269175,2,-0.5433720219914479,-0.0675585284280936,0.7683801867680419,0.840144617771611,-0.5645943883643311,-0.3568813693479766,-0.1582207207207208,-0.284688995215311,-0.4825199030806508,-0.8208508088675853,14.95,0.1183917821309125,-0.1334289813486369,0.0262596742814908,0.1368243990969858,
2022-05-09,SPR,Medium,GapFade_weakstock,3,F,NO-GO,-0.1715836676894028,3,-0.3031566408576533,-0.0253561253561253,1.0185237002630252,3.120555480472828,-0.1980396524838493,-0.2161224188988194,-0.1070974306792165,-0.2327868852459016,-0.27434360140583,-0.3415931195543091,35.1,0.0690905575905575,-0.0818474130371236,0.0512048192771084,0.3180873180873184,
2022-05-09,NARI,Medium,GapFade_weakstock,3,F,NO-GO,-0.2359262425204542,2,-0.3440612223503512,-0.0191785200575356,1.4332550247977027,1.2328768337203384,-0.2506182967944381,-0.2766507438115894,-0.2495802350683616,-0.2802254687679743,-0.2809698919788554,-0.3743,62.57,0.1093346880065755,-0.098908261365488,0.0561497326203208,0.3122676579925648,
2022-05-09,FRPT,Medium,GapFade_weakstock,4,C,NO-GO,-0.3748188230746931,7,-0.45524964216553,-0.0316846986089645,0.7792904834199265,1.7698741595451426,-0.4387938317630547,-0.3490565847906617,-0.1974696105184817,-0.4166967183555716,-0.324705145600668,-0.6237059439339304,64.7,0.1164218370501213,-0.0817238627294492,0.0200354609929078,0.166666666666667,
2022-05-09,GTLB,Medium,GapFade_strongstock,6,A,GO,-0.1822042076819147,2,-0.3007096880673379,-0.0382345999527967,1.128823134449307,1.757310061851583,,-0.1513643865468122,-0.2165310650887574,-0.160990099009901,-0.1618199802176063,-0.6907299270072992,42.37,0.1456252739471998,-0.0939877300613496,0.0224314594295209,0.1398963730569952,REJECT
2022-05-09,BE,Medium,GapFade_weakstock,5,B,CAUTION,-0.2419839679358717,2,-0.4408535391051439,-0.0356906807666887,1.2479108635097491,3.441879455588836,-0.3083223044341888,-0.3168128166457452,-0.254679802955665,-0.3156942559927634,-0.3742762613730355,-0.5911915698459875,15.13,0.1101642904352752,-0.0685400959561343,0.0252734817050169,0.2367491166077733,REJECT
2022-05-09,XP,Medium,GapFade_weakstock,4,C,NO-GO,-0.2030075187969924,6,-0.4011299435028249,-0.0243296921549156,0.80263157894737,1.2125115705237417,-0.4191663566387786,-0.3045243899912287,-0.0774163994502976,-0.267103347889374,-0.3729763387297633,-0.6205727204220045,20.14,0.0754716981132075,-0.0366412213740457,0.0249052517596102,0.2721893491124263,
2022-05-09,RH,Medium,GapFade_weakstock,4,C,NO-GO,-0.1466848980304309,4,-0.2495586542151721,-0.0232177559578602,1.0264459599352236,0.994337779960612,-0.4483662144194938,-0.1577839302727446,-0.1365616720635855,-0.104560996458664,-0.1666382543470848,-0.606062641022886,293.31,0.0661975871457307,0.0139616055846422,0.0282457879088206,0.3715083798882687,
2022-05-10,NVAX,Medium,GapFade_weakstock,3,F,NO-GO,-0.1408291659945153,3,-0.3528554070473876,-0.2095381149079984,1.3300793166564977,1.180697130563263,-0.6318230427896837,-0.200955372922499,-0.0920559154449369,-0.0243634365268365,-0.2788083953960731,-0.8082792686390456,53.26,0.1077074727750656,0.279334916864608,0.2903658592097288,0.8845544713429719,
2022-05-10,UPST,Medium,GapFade_weakstock,3,F,NO-GO,-0.1478647454863237,3,-0.3849282296650718,-0.5594450927006354,1.1460742104955728,2.009207277974279,-0.5727258613724486,-0.2464704865164818,-0.1337601078167117,-0.1185142857142857,-0.2868897928994083,-0.8078905596379884,77.13,0.107809449723102,-0.0108887580929958,0.1581667815299793,0.4857142857142857,
2022-05-10,EQT,Medium,GapFade_strongstock,3,F,NO-GO,-0.1496044671940437,3,-0.1967032967032967,-0.00328317373461,1.3559151925730777,1.2024929689932584,0.5222380022240084,0.0640217986189547,-0.128101145038168,-0.168751421423698,0.0472779369627506,-0.1967032967032967,36.55,0.0778874340433847,0.0046664836673072,0.0571923743500867,0.8215767634854776,
2022-05-10,AFRM,Medium,GapFade_weakstock,6,A,GO,-0.3238095238095238,3,-0.6001165274810643,-0.0859640602234094,1.2147033304551893,1.8007269496936795,-0.7537007685636532,-0.4377727170950953,-0.2379718726868986,-0.4439643532271132,-0.5239306358381502,-0.8834418341352958,20.59,0.1651290501630472,-0.0334750265674813,0.0987617034128663,0.3997652754346076,REJECT
2022-05-10,UNG,Medium,GapFade_strongstock,4,C,NO-GO,-0.1700238989416183,2,-0.1960978835978836,-0.04607157548334,1.2093549603923042,1.098186330475445,0.4275312107296792,0.1574647189898488,-0.192358803986711,-0.0272108843537414,0.2648283038501561,-0.1960978835978836,97.24,0.0778926955397543,0.0689952565761103,0.0699179974104444,0.6585365853658534,
2022-05-10,PTON,Medium,GapFade_weakstock,4,C,NO-GO,-0.2374527792768483,3,-0.5603609209707529,-0.1436659589525832,0.8919176640799681,1.5703042933750695,-0.7520129206006974,-0.3972794396788902,-0.1693121693121693,-0.4239706481858948,-0.496615603847524,-0.8910562837316885,14.13,0.1229885754726518,0.0661157024793389,0.1466666666666667,0.7401094464878444,
2022-05-10,ATER,Medium,GapFade_weakstock,4,C,NO-GO,-0.2745454545454545,5,-0.4504132231404958,-0.1854636591478697,0.6722408375870316,0.2586151879523511,-0.27639721984195,0.0879048969353255,-0.1906693711967544,-0.3179487179487179,0.5585937500000001,-0.7910994764397906,47.88,0.1714983888292158,0.0953846153846153,0.1159874608150469,0.6379310344827582,
2022-05-10,AR,Medium,GapFade_strongstock,4,C,NO-GO,-0.1564346262522475,3,-0.1630988786952089,-0.0009135200974421,1.418313733218239,1.3592641156334375,0.562935024450605,0.0709557073068921,-0.1289124668435013,-0.0777871384442571,0.0569681364660445,-0.1630988786952089,32.84,0.0783641465112232,-0.0030478512648583,0.0572621725751816,0.6533412007670752,
2022-05-11,U,Medium,GapFade_weakstock,6,A,GO,-0.2871741706161136,4,-0.5624147649786344,-0.3282775815499689,1.3713094929276384,4.063054556823511,-0.6018513539783842,-0.4360827375470711,-0.1606208580397628,-0.4254506386534558,-0.5368552732871439,-0.7708095238095238,48.13,0.1378764358434003,-0.0627899783482832,0.0341296928327645,0.1834862385321101,REJECT
2022-05-11,ILMN,Medium,GapFade_weakstock,4,C,NO-GO,-0.2811375089992801,4,-0.4081528181916155,-0.0190285428142212,1.0108246828763816,1.8705499741082512,-0.4312630803730875,-0.3259522646432858,-0.1179682794619555,-0.3617398378708197,-0.3852805372883728,-0.5823764258555134,219.67,0.0815589943356593,-0.0113230312311476,0.0225581953443725,0.2915632754342441,
2022-05-11,AMC,Medium,GapFade_weakstock,6,A,GO,-0.2448979591836735,4,-0.6551121468103699,-0.0236486486486487,1.8887294344023944,1.8445207381774285,-0.5873104948265676,-0.3351153440104226,-0.1395348837209301,-0.3171856978085351,-0.5978260869565217,-0.8059016393442623,118.4,0.1122411920849421,-0.1029411764705881,0.0458900655572364,0.2622478386167146,REJECT
2022-05-11,MNDY,Medium,GapFade_weakstock,5,B,CAUTION,-0.2011205704722404,4,-0.3797175141242938,-0.0521905455870298,1.170376737227481,1.332485088480724,-0.580997218224541,-0.2388021620542288,-0.1113719142047753,-0.1976174815464445,-0.344302436693741,-0.7560222222222222,109.79,0.1409386100737771,-0.0911973861233904,0.0863871338311314,0.3280977312390923,REJECT
2022-05-11,CAR,Medium,GapFade_strongstock,5,B,CAUTION,-0.2006339144215531,4,-0.3075655887736425,-4.405674508763285e-05,0.7690859876223339,0.7875292760020588,0.1839282444969869,-0.1062477605005454,-0.1128742280934887,-0.2893995366601967,-0.1589595375722543,-0.5836069784080277,226.98,0.114596597560515,-0.0156848922765123,0.023126946327166,0.281180400890868,REJECT
2022-05-11,TTD,Medium,GapFade_weakstock,5,B,CAUTION,-0.2858308847535096,4,-0.4241905764674915,-0.0374857142857142,1.3482137462561612,2.607412978005582,-0.4328431153311904,-0.3240445466231582,-0.1056827473426001,-0.346234309623431,-0.403381971907814,-0.6165308090104303,43.75,0.132408,0.0292092139634292,0.0595281750397262,0.6188055908513344,REJECT
2022-05-11,UPST,Medium,GapFade_weakstock,6,A,GO,-0.6286754064021177,4,-0.7319776714513557,-0.0586135078845581,0.8577274566144206,5.7317001156879455,-0.8133559349800048,-0.6634648600640629,-0.5993562999165574,-0.5779228933818912,-0.7203128900723974,-0.9162868107018384,33.61,0.3278037998894886,-0.1150442477876106,0.1010617381046008,0.3650568181818183,REJECT
2022-05-11,MTCH,Medium,GapFade_weakstock,3,F,NO-GO,-0.1378252331860579,4,-0.3856849285120896,-0.0093950177935942,1.058634602645684,1.501050983560147,-0.4491680084620339,-0.2488687589280367,-0.0515728365060077,-0.1698180099267313,-0.3680280676502339,-0.614010989010989,70.25,0.0911749872902897,0.0022991809167983,0.024529964747356,0.4206549118387915,
2022-05-11,COIN,Medium,GapFade_weakstock,7,A+,GO,-0.41608,4,-0.6470332221093864,-0.2485956980408274,1.3782744020902404,4.415743295217888,-0.6840497044918922,-0.5361343640611217,-0.2964141122035859,-0.5039081084754978,-0.6431330367183299,-0.8021415017619951,72.99,0.1907549957919872,-0.0205123529948035,0.0711864406779661,0.320754716981132,REJECT
2022-05-11,ATER,Medium,GapFade_weakstock,4,C,NO-GO,-0.3527272727272727,6,-0.509641873278237,-0.0168539325842696,0.8972474833976067,0.2660821990103886,-0.3506996849251983,-0.0323457461266649,-0.175925925925926,-0.2344086021505376,0.2992700729927006,-0.8136125654450261,42.72,0.1815790529695024,-0.1857142857142856,0.0961538461538462,0.2314814814814818,
2022-05-11,CTVA,Medium,GapFade_strongstock,3,F,NO-GO,-0.0626441881100266,4,-0.1486137975499677,-0.0003786444528588,1.03803987933191,0.9529458995543688,0.0891676074707577,-0.0692543814823561,-0.0523860782203086,-0.1386170906718851,-0.0897811476822333,-0.1486137975499677,52.82,0.0385961756910261,0.0151515151515152,0.0201751046821469,0.5463917525773214,
2022-05-11,CVNA,Medium,GapFade_weakstock,6,A,GO,-0.354225352112676,4,-0.7382243791036254,-0.0258996728462378,0.7098260794601936,1.4182368332520745,-0.8359828864150187,-0.645437374457958,-0.2108433734939758,-0.6034594594594594,-0.7355252721897757,-0.9026616776795904,36.68,0.2665496962143636,-0.160369437447523,0.0298661174047374,0.0914826498422713,REJECT
2022-05-11,SI,Medium,GapFade_weakstock,6,A,GO,-0.3336437718277066,4,-0.4721018168403578,-0.0811786629396692,1.114384739120101,1.5555642803202974,-0.3662715643703791,-0.3313677757582272,-0.2300242130750605,-0.3690012493569486,-0.4651133815100922,-0.6411435258714369,85.86,0.1504999833616185,-0.0935479781974901,0.0214240516725445,0.1007327114352688,REJECT
2022-05-12,APPS,Medium,GapFade_weakstock,6,A,GO,-0.3178984861976847,5,-0.5141649048625793,-0.0387293298520452,1.1555610866164132,1.91361862279256,-0.5800590165102776,-0.3869351559873866,-0.1178502879078694,-0.316884661117717,-0.4905785856794502,-0.755479889338157,22.98,0.122384682332463,0.0814848347668628,0.1060185185185184,0.7178683385579939,REJECT
2022-05-12,Z,Medium,GapFade_weakstock,3,F,NO-GO,-0.1768802228412255,5,-0.3633752244165171,-0.0109983079526226,0.7727609178386379,0.9378980788949222,-0.4805430712707798,-0.2549387099892002,-0.0462614308768154,-0.1833256563795486,-0.3248286367098248,-0.7156375300721732,35.46,0.0952481669486745,0.0821214713430283,0.0946062878569368,0.8058968058968061,
2022-05-12,TNA,Medium,GapFade_weakstock,4,C,NO-GO,-0.3030363563723532,5,-0.4959527417772686,-0.0154772141014617,1.0483750187209828,1.6989911834983749,-0.5402965212607918,-0.3759256476850758,-0.0742902626691429,-0.3750671681891456,-0.4646309651680221,-0.6947773598110402,34.89,0.1394288170986365,0.0521106259097525,0.0689145223306713,0.6996996996996996,
2022-05-12,BILL,Medium,GapFade_weakstock,5,B,CAUTION,-0.4275392116548199,5,-0.6020662338192658,-0.024217547460236,0.8894475704407395,1.2509423364639498,-0.5887829092353789,-0.4995732636039557,-0.0969326290427207,-0.4533879291002917,-0.5802283006676717,-0.7203690153373793,97.45,0.1939391629407022,0.0515301293511409,0.1126070991432067,0.6769230769230767,SKIP
2022-05-12,COUP,Medium,GapFade_weakstock,4,C,NO-GO,-0.2894591915409186,5,-0.4220051966669653,-0.0730119361339328,0.8649853134812128,1.2245493128663294,-0.6193586036107533,-0.3320909043847387,-0.0589350838803791,-0.2936603525676118,-0.3794131794131793,-0.772355141506105,64.51,0.1093185995526717,0.1038461538461539,0.1297278795139484,0.7899947889525796,
2022-05-12,VEEV,Medium,GapFade_weakstock,3,F,NO-GO,-0.1372823802080526,5,-0.270198796279409,-0.0199300262401599,1.2461359099101008,1.178632665396475,-0.3829299915069021,-0.1630867177271262,-0.0364796532627016,-0.1393698247123346,-0.2520910237839353,-0.53465519246424,160.06,0.0546986397957908,0.0464078536367693,0.0484128504822125,0.8813953488372114,
2022-05-12,CZR,Medium,GapFade_weakstock,4,C,NO-GO,-0.2954545454545454,7,-0.4070615584374183,-0.0095119933829611,1.0763636363636364,1.3793830320644949,-0.4592808636747097,-0.3255512321660181,-0.086685552407932,-0.2899721039494934,-0.3762414549206759,-0.5963609047658793,48.36,0.0995140612076096,0.0402922755741127,0.0813802083333333,0.7075471698113202,
2022-05-12,WIX,Medium,GapFade_weakstock,4,C,NO-GO,-0.2646502835538751,5,-0.4759766502020655,-0.0066838046272493,1.0551097915281569,1.9205603952451973,-0.621349035721679,-0.3230858468677494,-0.0971684976017328,-0.3042804340050077,-0.4396427542494958,-0.8111650485436893,58.35,0.1075274819439343,0.0917874396135265,0.1251778093883357,0.859584859584859,
2022-05-12,WPM,Medium,GapFade_weakstock,3,F,NO-GO,-0.1055579491598448,5,-0.2000770638666794,-0.0216763005780348,1.0291955471539596,1.1486974812738164,-0.0397602175803434,-0.1240395448043646,-0.0235183443085606,-0.1547231270358305,-0.1412616339193381,-0.2000770638666794,41.52,0.040952725020644,-0.0302806499261446,0.022851207478577,0.3505976095617533,
2022-05-12,TLRY,Medium,GapFade_weakstock,5,B,CAUTION,-0.2131782945736434,5,-0.552863436123348,-0.0147783251231527,1.1010389502876767,1.3780763396909852,-0.5477066443119376,-0.3042226487523992,-0.0751708428246013,-0.2251908396946564,-0.5012285012285013,-0.788981288981289,40.6,0.0850070372976776,0.1099999999999999,0.1413881748071979,0.9090909090909084,REJECT
2022-05-12,PYPL,Medium,GapFade_weakstock,3,F,NO-GO,-0.171497850766009,5,-0.3884540913454498,-0.0188905148330451,0.9984726741483504,0.772854648229354,-0.6000077689059119,-0.2599950384129222,-0.0548220797183452,-0.15917225950783,-0.3656004726137226,-0.757641217436162,75.17,0.0715473498166061,0.0073220338983051,0.0342302509216052,0.5199627812552883,
2022-05-12,TWLO,Medium,GapFade_weakstock,3,F,NO-GO,-0.2419381240792273,5,-0.4749433106575964,-0.017836320449147,0.79122866508421,1.22540020143732,-0.6324277172995303,-0.3378771176565625,-0.0806947890818858,-0.2580903556552387,-0.4507501630789302,-0.7755646021130174,92.62,0.1084826634173427,0.0907132178348429,0.1317440401505646,0.7965517241379308,
2022-05-12,PENN,Medium,GapFade_weakstock,3,F,NO-GO,-0.2510866785988238,5,-0.3494002665482009,-0.0112666439057698,0.9914243882033048,1.1877714583541583,-0.4758284246308742,-0.2696853338652571,-0.0809538751176655,-0.2092332613390928,-0.3343181818181818,-0.6609953703703704,29.29,0.0816148856264937,0.0031077348066298,0.0266831595688283,0.2903846153846152,
2022-05-12,ROKU,Medium,GapFade_weakstock,3,F,NO-GO,-0.2723239046034387,5,-0.4240835781148833,-0.0033028455284553,0.8782397521249424,0.8755503940819896,-0.6555068145933475,-0.2973498879794345,-0.1031104021875355,-0.2092415871421396,-0.394228549442093,-0.8395961539754663,78.72,0.1213567073170731,0.1152179454499108,0.1648029818956335,0.7820593809222992,
2022-05-12,OSTK,Medium,GapFade_weakstock,5,B,CAUTION,-0.2199468085106384,5,-0.4189778129952456,-0.0300034094783497,1.1157215086578165,1.0911687908407954,-0.5380394871498037,-0.308315076278721,-0.1255217650566488,-0.1804973456272702,-0.3722174657534247,-0.736430625449317,29.33,0.1020654132774828,0.0808435852372583,0.1125180897250361,0.6732038876983351,REJECT
2022-05-12,ARKW,Medium,GapFade_weakstock,5,B,CAUTION,-0.2979191090269636,5,-0.4915092337083422,-0.0388227927363807,1.0875485154418136,1.621395749992263,-0.5923821143295426,-0.3739922595077131,-0.116377720398377,-0.3329156223893066,-0.4710168930109307,-0.7043322636386078,47.91,0.1040218266392342,0.09728555917481,0.1203991130820399,0.7347767253044654,
2022-05-12,CFLT,Medium,GapFade_weakstock,5,B,CAUTION,-0.434448879336813,5,-0.5867175229975319,-0.0244299674267102,0.7140348126700499,1.1872332981926694,-0.6762734540277988,-0.4832867674285522,-0.0757651781234319,-0.4859056656433156,-0.5555019305019304,-0.806044013899126,18.42,0.1953997983558243,0.0740122426266,0.1114310394471639,0.4432989690721652,
2022-05-12,XME,Medium,GapFade_strongstock,3,F,NO-GO,-0.1497271487039563,5,-0.2516884286357496,-0.0188527878058563,0.9067402342494668,1.0920242241900224,0.0362629688747008,-0.1568758750837035,-0.0179239708489266,-0.189795255118622,-0.1913720402205643,-0.2516884286357496,49.86,0.0579516933127041,-0.0026573998364677,0.0238857713664541,0.4909843844362,
2022-05-12,BABA,Medium,GapFade_weakstock,3,F,NO-GO,-0.1655094956095568,5,-0.31949622904493,-0.0128471797381622,1.0736468500443657,1.0872761925987624,-0.3956236139385921,-0.1761387691575709,-0.0366572371522866,-0.0495406442609604,-0.2989363527191627,-0.6460219151977131,81.73,0.0689465312614706,0.0050818046603866,0.0394821176772208,0.602739726027397,
2022-05-12,SE,Medium,GapFade_weakstock,5,B,CAUTION,-0.3467169983985358,5,-0.5813970534339955,-0.0122570478024864,1.0196922714395118,2.097461964904904,-0.7471964636720521,-0.4418960095222646,-0.1162178891983906,-0.3739311554483666,-0.537346079066753,-0.8467667954834439,57.11,0.1401228206218575,0.0893458606630031,0.1366999630040695,0.7295162882527151,
2022-05-12,XP,Medium,GapFade_weakstock,3,F,NO-GO,-0.2841313810842896,9,-0.4567567567567567,-0.0016583747927032,0.8212381173197312,0.824029960311963,-0.4731246996461285,-0.3572707634585867,-0.0443740095087163,-0.3212007504690431,-0.4198203976908274,-0.6591936699321778,18.09,0.0851496485824844,0.0841638981173864,0.0944661822247064,0.3427991886409732,
2022-05-12,MRNA,Medium,GapFade_weakstock,3,F,NO-GO,-0.1016739446870451,2,-0.3424427800558202,-0.0229279753706555,1.030028494808947,1.1517908451734258,-0.5255220727569981,-0.1999382922510104,-0.0910898379970545,-0.1458131487889273,-0.2943631374342556,-0.751894510442421,123.43,0.0958781148366338,0.0793532338308457,0.0937736324678596,0.8013211746966308,
2022-05-12,XLY,ETF,GapFade_weakstock,4,C,NO-GO,-0.1306295544140483,5,-0.237958115183246,-0.0174510477499142,1.062944879365398,1.160406478743088,-0.2195940602287867,-0.1653783694515293,-0.0387028597846904,-0.1913888888888888,-0.2283426996076767,-0.3232121268483213,72.775,0.0453101045296167,0.024753513740298,0.0318242624797578,0.5678391959799002,
2022-05-12,ILMN,Medium,GapFade_weakstock,3,F,NO-GO,-0.3028012304470187,5,-0.4259887918956784,-0.0134710161933818,0.9104960000387308,1.5665393457835912,-0.4464448730675099,-0.3415294196186836,-0.0345749501540692,-0.365526072843146,-0.3948130894216566,-0.5949619771863117,213.05,0.0831008482247628,0.0344466647635359,0.0409345525925215,0.6556748466257659,
2022-05-12,IPGP,Medium,GapFade_weakstock,3,F,NO-GO,-0.1238855869242199,5,-0.2105439330543932,-0.0080559677761289,1.025251613014209,0.6890208131342108,-0.3690465640826714,-0.1115606359395101,-0.0639015677713831,-0.0453349524387774,-0.1676371978118934,-0.5721735975692712,94.34,0.0616197492352887,0.0339816200042744,0.0413819081956626,0.7838939857288499,
2022-05-12,TMV,Medium,GapFade_strongstock,3,F,NO-GO,-0.1263308580119888,3,-0.12975670617592,-0.0051203277009728,1.724777641906792,1.17528723961395,0.5078221458540373,0.1822921333078268,-0.0830124894356276,0.052489760724294,0.3435608145294441,-0.12975670617592,24.4125,0.0559894667544436,0.0071024189397838,0.0272994540109198,0.9122807017543862,
2022-05-12,FAS,Medium,GapFade_weakstock,3,F,NO-GO,-0.1944323618964767,5,-0.4244872591671846,-0.0172786177105831,0.9545906041010526,1.1476208251585382,-0.3981429199330223,-0.2971750383290071,-0.0546197039305768,-0.3007362658108363,-0.407454807230843,-0.5245683538885213,74.08,0.1046438213514347,0.007142857142857,0.0626086956521738,0.7093596059113285,
2022-05-12,MNDY,Medium,GapFade_weakstock,5,B,CAUTION,-0.3118678600014554,5,-0.4657062146892656,-0.062810616474569,1.40100185079994,2.831597906991341,-0.6382577695495052,-0.338611202417003,-0.1580306267806268,-0.3107645215363313,-0.4182455708661418,-0.7898444444444445,94.57,0.172990604087675,0.1254654180300124,0.1271186440677966,0.5113636363636364,
2022-05-12,NKTX,Medium,GapFade_weakstock,4,C,NO-GO,-0.3481908757210278,5,-0.3891891891891892,-0.0329847144006436,0.5048165499815764,0.1541900613000942,-0.3118415297823692,0.0362305550461009,-0.0661157024793389,0.5595984943538269,0.0884413309982486,-0.6941437007874016,12.43,0.218331226295828,0.0549084858569051,0.0764006791171477,0.697674418604651,
2022-05-12,YETI,Medium,GapFade_weakstock,4,C,NO-GO,-0.1732075471698113,5,-0.3305835624809043,-0.0187129164764947,1.2382183631932488,2.4844299176598224,-0.4483626807660231,-0.2157803182693477,-0.0411378555798687,-0.1732075471698113,-0.310029916548575,-0.5973166697298291,43.82,0.0746423681293603,0.0534883720930231,0.0762651461154667,0.7379310344827581,
2022-05-12,CLF,Medium,GapFade_weakstock,3,F,NO-GO,-0.2017903767251025,5,-0.3713278495887191,-0.0271028037383176,0.7567223837209289,0.7628269883124346,-0.0811033629899349,-0.2406554491842368,-0.0364700585321928,-0.2765382014874915,-0.3339558045440399,-0.3713278495887191,21.4,0.0881815754339118,0.0201729106628241,0.0463054187192117,0.6527777777777772,
2022-05-12,GNRC,Medium,GapFade_weakstock,5,B,CAUTION,-0.2168255061813448,5,-0.3772976262933658,-0.022578438080344,1.140436624307592,1.0060587464327042,-0.4307348380847908,-0.2676087795317019,-0.1003341540626098,-0.150954356846473,-0.3421847875008036,-0.6097346989376513,204.62,0.0824919362721141,0.07015,0.0812872587652824,0.680338266384778,
2022-05-12,RH,Medium,GapFade_weakstock,4,C,NO-GO,-0.1870072440578361,7,-0.2275158601816146,-0.0157452138128465,1.010831401373122,0.7307145260286959,-0.4685584174013885,-0.1818838131562567,-0.0380378657487091,-0.1711650255071777,-0.1640241713533564,-0.6246776619748576,279.45,0.0720059044551798,0.0373386656971459,0.0529963636712563,0.765653075696744,
2022-05-12,CAR,Medium,GapFade_strongstock,4,C,NO-GO,-0.2132065504490227,5,-0.3184563758389262,-0.0088178684929054,0.7013943923596428,1.1744255999528497,0.1609697769026722,-0.1232813709162202,-0.0169409486931267,-0.276568875072858,-0.1288360304152856,-0.590156115279485,223.41,0.1146149935736346,-0.0067738439306358,0.0396105123841935,0.5156923076923075,
2022-05-12,LPX,Medium,GapFade_strongstock,3,F,NO-GO,-0.0934320074005551,5,-0.1215264438468435,-0.0155976676384838,1.2268071665190905,1.290433386933095,0.0354732610917148,0.0371467880198961,-0.0718441347584901,0.0568479433061161,0.0398666060330452,-0.1400275792904601,68.6,0.0567972719700125,0.0152524803790907,0.0246599910327306,0.614525139664806,
2022-05-12,PINS,Medium,GapFade_weakstock,3,F,NO-GO,-0.147178329571106,3,-0.3241502683363148,-0.0211752249867655,1.1475005288020872,0.8830185883318851,-0.5124871927882171,-0.1908678146149233,-0.1038899430740036,-0.0662382600098863,-0.2646944336317633,-0.7689861807508866,18.89,0.0858080617106556,0.0903190914007572,0.1001364256480218,1.0,
2022-05-12,ONON,Medium,GapFade_weakstock,4,C,NO-GO,-0.3643617021276595,6,-0.3826568265682657,-0.017931858936043,1.8246373233812063,1.9055692245094973,,-0.3098298707942113,-0.1933461909353904,-0.3599846977811782,-0.3621807091117041,-0.7005548594952569,16.73,0.1176039620869268,0.1576384662203286,0.1611721611721612,0.9119170984455962,
2022-05-12,DXCM,Medium,GapFade_weakstock,3,F,NO-GO,-0.2145938801466371,5,-0.4157607687455941,-0.0169556105924937,0.9887744577808996,1.2636876116967966,-0.3742715207413375,-0.294516429922503,-0.0456942003514938,-0.3333333333333333,-0.3932025740819236,-0.5224216470645324,78.735,0.0789005615582106,0.0062015503875967,0.0294438386041438,0.4902284431533071,
2022-05-12,TPX,Medium,GapFade_weakstock,3,F,NO-GO,-0.1458041958041958,5,-0.1931968295904888,-0.010233319688907,1.1608060368970488,0.7374219563141422,-0.3930427242766761,-0.1712969558816545,-0.083989501312336,-0.1446078431372548,-0.1572956191790272,-0.516333399326866,24.43,0.0662940763698029,0.0483870967741936,0.0483870967741936,0.7005988023952099,
2022-05-12,SHOP,Medium,GapFade_weakstock,4,C,NO-GO,-0.2184525561770189,5,-0.5702511668060539,-0.0156313757493958,0.7470456556822329,1.3143086550034402,-0.719941129531513,-0.4420093617864947,-0.0630808140218796,-0.3376507276507276,-0.548483560090703,-0.819282575820316,31.859,0.1292009882831942,0.1272280858390994,0.1475361942478737,0.5907200415908499,
2022-05-12,F,Large,GapFade_weakstock,5,B,CAUTION,-0.1342780026990553,5,-0.2734994337485844,-0.0483242400623538,1.1829259602365856,1.135090709678552,-0.2436969836301366,-0.1856553475087274,-0.0403889304412864,-0.1828025477707006,-0.2570932252460914,-0.5040587553150367,12.83,0.0546882307092751,0.0188370188370187,0.0238683127572015,0.4461538461538446,
2022-05-12,TTD,Medium,GapFade_weakstock,4,C,NO-GO,-0.2925236696049624,5,-0.4295867333508818,-0.0327641901245962,0.7038016017906127,2.477872697236794,-0.4367218615991561,-0.322266077024601,-0.0366748166259168,-0.3171577123050259,-0.3949462515705709,-0.6201244631431326,43.34,0.1290047135605511,0.0696564885496183,0.1085290482076637,0.6743471582181263,
2022-05-12,ZS,Medium,GapFade_weakstock,5,B,CAUTION,-0.3376818622696411,5,-0.4617718924883739,-0.0309731273339678,1.0089707493905489,1.84147576998388,-0.4873544201698652,-0.3675493591210061,-0.1079103795153178,-0.3541873551804039,-0.4307211338057524,-0.6368881444258329,136.57,0.1041401060680551,0.0399727973401843,0.0784359818210311,0.5893435384162496,
2022-05-12,SMG,Medium,GapFade_weakstock,4,C,NO-GO,-0.1892747252747252,5,-0.2984671560610095,-0.0159401431359791,1.1652307335677192,0.9716565165061432,-0.3614342870041975,-0.214251511087557,-0.1037029837690737,-0.1483978206667283,-0.2875463535228677,-0.5234108527131783,92.22,0.0701672243393128,0.0481542699724518,0.0524452312458509,0.6061381074168803,
2022-05-12,DT,Medium,GapFade_weakstock,4,C,NO-GO,-0.265788831992197,5,-0.3882145454988764,-0.0159415476585852,1.052111903455843,1.1679348746196905,-0.4773390639144371,-0.2865165610619554,-0.0567042606516291,-0.26668290306868,-0.3702154361012341,-0.6242243621423829,30.11,0.086492385064288,0.0982112723590955,0.1064263855831349,0.951367781155014,
2022-05-12,RNG,Medium,GapFade_weakstock,5,B,CAUTION,-0.3006239364719229,5,-0.516982019038665,-0.0199513381995133,1.2670531087230286,1.9930191185589088,-0.6686844758389565,-0.413108667713837,-0.1020972909991261,-0.337951030927835,-0.4933015533820991,-0.8042857142857143,61.65,0.1056151083304368,0.0256537570340946,0.0496273712737127,0.6674259681093393,
2022-05-12,SYF,Medium,GapFade_weakstock,3,F,NO-GO,-0.1064744562468386,5,-0.1562985074626866,-0.0322671950183979,1.292842628132762,0.9452366558084644,-0.2129851875035502,-0.04722608761313,-0.0459087226573049,-0.1123115577889447,-0.0111950741673663,-0.3269194132215661,35.33,0.0447717439650641,-0.0339280491371745,0.0307380246528319,0.3900990099009901,
2022-05-12,OVV,Medium,GapFade_strongstock,6,A,GO,-0.1970992934176273,3,-0.2503472222222222,-0.0076424270495599,1.1251349772530137,1.4857162111995743,0.1274298620086425,-0.1476779256873057,-0.0872965546396111,-0.1941022769690182,-0.2079970652971387,-0.2503472222222222,43.18,0.0934476940382452,-0.0105017502917153,0.0338941721531333,0.5696721311475401,REJECT
2022-05-12,FSLY,Medium,GapFade_weakstock,4,C,NO-GO,-0.3094910591471802,5,-0.4987518721917125,-0.043824701195219,0.7561852012908246,1.1356216410590132,-0.7004768801862772,-0.3922886023848436,-0.1448040885860307,-0.4118336262448741,-0.4378499440089586,-0.8432963945684407,10.04,0.1554247296528172,0.1197916666666667,0.131578947368421,0.9025270758122744,
2022-05-12,BBIG,Medium,GapFade_weakstock,4,C,NO-GO,-0.2176656151419558,3,-0.2832369942196532,-0.032258064516129,1.2358090380795927,0.8593380687782483,-0.3664013898292094,-0.056531994217454,-0.1448275862068965,0.0598290598290599,-0.2051282051282051,-0.8014411529223379,49.6,0.1174625576036866,0.0958333333333333,0.123931623931624,0.8787878787878792,
2022-05-12,ASAN,Medium,GapFade_weakstock,5,B,CAUTION,-0.367532905838677,5,-0.5880413277643438,-0.0176093916755602,1.2456450150336464,1.7677755038237313,-0.7493675677085389,-0.4736516888646718,-0.1648841354723708,-0.3643147896879241,-0.5504917246342048,-0.8714588596329376,18.74,0.167713447171825,0.0793047256925584,0.1119194180190263,0.4987531172069828,
2022-05-12,CROX,Medium,GapFade_weakstock,3,F,NO-GO,-0.302,5,-0.3680589087397393,-0.0170009551098376,0.9151863664277244,1.280727925367206,-0.5692100827059038,-0.2771573435843053,-0.034489118406492,-0.294093851132686,-0.3420060331825038,-0.7153034587774636,52.35,0.0964287078728339,0.0891954916439952,0.0896189735614307,0.820284697508896,
2022-05-12,CDAY,Medium,GapFade_weakstock,4,C,NO-GO,-0.1607351712614871,5,-0.2943242483843777,-0.022496516026279,1.1715656688882334,1.1052033790094302,-0.4587465289413824,-0.1968186150038057,-0.0419607095174518,-0.135902287975228,-0.2743426755273043,-0.6147119736135614,50.23,0.0664426495264639,0.0576374745417514,0.0613120784794604,0.8902077151335318,
2022-05-12,BURL,Medium,GapFade_weakstock,4,C,NO-GO,-0.1833717809895955,5,-0.2500324268234683,-0.0138360428917329,1.1661807580174934,1.077309070904224,-0.330992617430639,-0.1261223227231369,-0.0803732371964796,-0.2027393482557337,-0.0889227375387361,-0.5145799518665696,173.46,0.0642655367231638,0.0056705249620016,0.0205861414333175,0.2969619169875908,
2022-05-12,PTON,Medium,GapFade_weakstock,5,B,CAUTION,-0.3340528872099298,5,-0.599090318388564,-0.0235008103727714,0.9832193909260416,2.0194183322511874,-0.7791885178029259,-0.4591253961227092,-0.1266808209483369,-0.3970193012460298,-0.5661040787623066,-0.9048573631457208,12.34,0.1397024774253299,0.1302904564315351,0.1540221314670146,0.777568654290358,
2022-05-12,ZI,Medium,GapFade_weakstock,3,F,NO-GO,-0.2396069538926681,5,-0.3450520833333332,-0.029199801192843,0.902812127873959,1.0365521084875295,-0.3267291778993499,-0.2454245424542454,-0.0495984884270193,-0.2148292682926829,-0.3072818040970907,-0.4917266641404572,40.24,0.0968918631070718,0.0321259439395879,0.0453720508166969,0.4581151832460732,
2022-05-12,CLVT,Medium,GapFade_weakstock,4,C,NO-GO,-0.1130604288499025,5,-0.2202227934875749,-0.021978021978022,1.2078514553137054,1.7568001603207035,-0.326556136356348,-0.1214407085114052,-0.0579710144927536,-0.1636029411764706,-0.1845878136200716,-0.5091693635382956,13.65,0.0621695447409732,0.0052434456928839,0.0327048864948057,0.594405594405594,
2022-05-12,TEAM,Medium,GapFade_weakstock,5,B,CAUTION,-0.2615921483097055,5,-0.4687421541551594,-0.0278119092627599,1.0570524202887366,1.2258225762968369,-0.5011473787104153,-0.355971228714674,-0.0767384783201526,-0.3330706800094555,-0.4406555643669045,-0.6496181152070871,169.28,0.1093117067242775,0.0222881170551491,0.0447093889716841,0.5059732958538304,
2022-05-12,ZM,Medium,GapFade_weakstock,5,B,CAUTION,-0.2084383459348455,5,-0.3342231294653373,-0.0432783018867924,1.356575989012374,1.5059091024843745,-0.5894220001055496,-0.2174465132074357,-0.0816547541693741,-0.1599801882119861,-0.3071329356973609,-0.7913796496752608,84.8,0.0868411388140161,0.0473314433625046,0.0751613311400733,0.6780821917808213,
2022-05-12,NUGT,Medium,GapFade_weakstock,3,F,NO-GO,-0.2370250606305578,5,-0.4304851556842867,-0.0400508582326764,0.8290014609451983,1.3141169500903789,-0.1342888749057514,-0.2972533461998964,-0.0375280440546604,-0.3201267828843106,-0.344219010561423,-0.4304851556842867,47.19,0.0935568976478067,-0.0532008830022074,0.0382473977245218,0.3599088838268788,
2022-05-12,FSLR,Medium,GapFade_weakstock,4,C,NO-GO,-0.2023778754200051,5,-0.2849032557061755,-0.0202527543745949,1.5472399150743097,1.6256651721242954,-0.3070303522277592,-0.1914565833669571,-0.0956776556776557,-0.170764476689507,-0.2467659262875274,-0.4987208121827411,61.72,0.061049902786779,0.0153795270382007,0.0302013422818791,0.5921052631578939,
2022-05-12,GTLB,Medium,GapFade_weakstock,3,F,NO-GO,-0.334491410924532,5,-0.4309291962370029,-0.0156612529002319,0.4944094824952649,1.5178334133013325,,-0.2919888788044304,-0.0660888407367281,-0.2836068979846251,-0.3602968460111317,-0.7483211678832118,34.48,0.1695289194564137,0.1152032999410726,0.1783935242839353,0.924193548387097,
2022-05-12,PATH,Medium,GapFade_weakstock,5,B,CAUTION,-0.2341568206229861,5,-0.5387919324165232,-0.0182328190743337,1.1130268199233715,1.1767945915446807,-0.6646244664212891,-0.3854772678302089,-0.1008827238335434,-0.2095343680709534,-0.5089531680440771,-0.8043895747599452,14.26,0.1045882588659587,0.0914285714285713,0.1185944363103952,0.7751196172248801,
2022-05-12,RCL,Medium,GapFade_weakstock,4,C,NO-GO,-0.2274777677535765,5,-0.3163777372262774,-0.0215215215215215,1.1386762199671578,1.375876402135475,-0.2517344368814778,-0.2124763506411603,-0.0239374694675134,-0.2812949640287771,-0.264359351988218,-0.3900478274142668,59.94,0.0691552266552266,-0.0148337595907927,0.0290293855743544,0.3890214797136039,
2022-05-12,RUN,Medium,GapFade_weakstock,5,B,CAUTION,-0.2734187349879904,4,-0.4702276707530648,-0.030853994490358,1.1081389555366306,1.252878340290991,-0.5172371602373651,-0.3187397247933698,-0.1394025604551921,-0.1369472182596292,-0.4137596899224807,-0.7004950495049506,18.15,0.1113722943722943,0.0198976691301876,0.0678571428571429,0.4913793103448278,
2022-05-12,MDB,Medium,GapFade_weakstock,4,C,NO-GO,-0.3067281000486507,5,-0.4867149758454106,-0.0346336429308564,0.9608787319704118,2.1219694299818785,-0.4430026445590642,-0.3467934772643684,-0.041429249762583,-0.3589065022362188,-0.4369159964669239,-0.589406779661017,242.25,0.1321030222615361,0.0503292568203197,0.0792179261862917,0.5209477029760188,
2022-05-12,SBNY,Medium,GapFade_weakstock,4,C,NO-GO,-0.2426307386784003,5,-0.3876522998457324,-0.0233933161953728,1.6635140460223736,2.579505130036985,-0.3411612633986459,-0.3047701702437343,-0.116029632322865,-0.2693189075472407,-0.3653538682415898,-0.4810011740847476,194.5,0.0727854939405068,-0.0040536983416687,0.056575785213189,0.8988455975651971,
2022-05-12,MIDD,Medium,GapFade_weakstock,3,F,NO-GO,-0.1910035463199153,5,-0.2353875102904857,-0.000461431977236,1.5460414542983352,2.525933700981747,-0.2675709327669771,-0.185312442045221,-0.1396718274447531,-0.1577276849332815,-0.2249508255349586,-0.3541770140061587,130.03,0.0484997967502005,0.0176194506424558,0.0412533459297748,0.6940397350993374,
2022-05-12,TXG,Medium,GapFade_weakstock,5,B,CAUTION,-0.1980177993527508,3,-0.5242380609551236,-0.0201765447667086,1.0228398815635995,1.2261685684405332,-0.6777788929327931,-0.3774943401440006,-0.1635021097046413,-0.2882785855322204,-0.4694942467219695,-0.810278003732236,39.65,0.1264905422446406,0.0532818532818532,0.1131664853101198,0.7323943661971838,
2022-05-12,SNAP,Medium,GapFade_weakstock,3,F,NO-GO,-0.263406408094435,5,-0.4512562814070351,-0.0137362637362637,0.9878345498783456,0.9549796696269498,-0.5696352441935735,-0.32472126200444,-0.06626763574177,-0.2576478585995921,-0.4071661237785017,-0.7379409647228221,21.84,0.1008143642072213,0.0571030640668523,0.0868735083532219,0.6397188049209135,
2022-05-12,NIO,Large,GapFade_weakstock,5,B,CAUTION,-0.269959793222286,5,-0.469974979149291,-0.018095987411487,1.1476836006959714,1.4652450334107885,-0.5855304134586851,-0.322646315856791,-0.0619926199261992,-0.2588921282798833,-0.426702751465945,-0.7694540177761654,12.71,0.1175699674047431,0.0496794871794871,0.1225364181662382,0.6875330544737726,
2022-05-12,TDOC,Medium,GapFade_weakstock,4,C,NO-GO,-0.25,5,-0.6299354838709678,-0.0170850767085076,0.4724047608106244,0.7437602934088373,-0.7154730855197825,-0.5153669895300345,-0.0602883355176933,-0.5143099068585943,-0.6074996578623237,-0.8354749885268471,28.68,0.1896879358437936,0.0886839304717985,0.120891161431702,0.7751756440281037,
2022-05-12,BBWI,Medium,GapFade_strongstock,4,C,NO-GO,-0.1040885221305325,5,-0.1787863159704314,-0.0029307096504082,1.093659721485254,1.3314409002626273,,-0.0505549195446162,-0.0510528406833532,-0.1381923146310661,-0.0426853707414828,-0.4174390243902439,47.77,0.0507234068004426,0.0191056057106864,0.0290438838244646,0.6171171171171163,
2022-05-12,TWTR,Medium,GapFade_weakstock,3,F,NO-GO,-0.0774619695756604,4,-0.155396738134506,-0.0234324148405295,1.2737127371273729,0.3350485327096156,-0.0685586505922806,0.0788554628615299,-0.0389908256880733,-0.0210280373831774,0.1817948717948719,-0.3715571311698936,46.09,0.040030375352571,0.0015552099533437,0.0403877221324717,0.4227053140096617,
2022-05-12,W,Medium,GapFade_weakstock,4,C,NO-GO,-0.3171966255678131,5,-0.5853235595491448,-0.0140657669644554,0.795449769125921,1.1266407338618307,-0.7314592822137842,-0.4983178725092307,-0.156214915797915,-0.4325927523727351,-0.5668889437721248,-0.839706285609823,52.61,0.1808901078013414,0.0749951802583381,0.1255551069842551,0.7128939828080226,
2022-05-13,KOLD,Medium,GapFade_weakstock,4,C,NO-GO,-0.2386612584864325,3,-0.5724725943970768,-0.0256410256410256,0.5471081426744352,0.5598620843464388,-0.8307558763211197,-0.5222143120634761,-0.1235955056179775,-0.3589041095890411,-0.5650557620817844,-0.941595880096841,14.04,0.1718437118437118,0.0394736842105263,0.04099560761347,0.5384615384615394,
2022-05-16,NUE,Medium,GapFade_strongstock,4,C,NO-GO,-0.1960122101708124,7,-0.3411921234699308,-0.0130058970837708,0.5565813065169936,0.8996504916867619,0.0298904509046588,-0.1587004065477153,-0.0173057077081844,-0.2192860746720484,-0.1706418330430121,-0.3411921234699308,123.79,0.0592154916736869,-0.0198886888197741,0.0315272633301748,0.4979591836734693,
2022-05-18,KOLD,Medium,GapFade_weakstock,3,F,NO-GO,-0.0488958990536277,2,-0.5847107438016528,-0.0298507462686568,0.3520210372217858,1.0239084709602138,-0.8502363620400589,-0.5589977620781956,-0.1518987341772152,-0.3108571428571428,-0.5692857142857143,-0.9498323585447224,12.06,0.1747784885098318,0.0256410256410257,0.0434782608695652,0.6249999999999994,
2022-05-18,APPN,Medium,GapFade_weakstock,3,F,NO-GO,-0.0687679083094556,2,-0.1998769041390982,-0.0282692307692307,1.0183312675321283,0.6249727653791498,-0.3006922474339104,-0.0530682410014167,-0.0840232517174564,0.0878661087866109,-0.1528185076572173,-0.6529168335335737,52.0,0.126337912087912,-0.0338412824064912,0.0213389121338912,0.2428571428571434,
2022-05-19,DLTR,Medium,GapFade_strongstock,5,B,CAUTION,-0.1567935467607763,2,-0.2448783791410349,-0.009678624813154,2.47388965080705,3.8335434091296894,0.0371180520163537,-0.1650170865711283,-0.171260452152369,-0.199329782777811,-0.1426374471357169,-0.2448783791410349,133.8,0.0506032457826179,0.0231312025961284,0.0781771910291076,0.7667706708268325,
2022-05-19,KR,Medium,GapFade_strongstock,5,B,CAUTION,-0.136002886002886,6,-0.2370181586492513,-0.0085594989561585,1.3233308327081743,1.577600464899528,0.0191456835776057,-0.1468063125645684,-0.099624060150376,-0.1367814020544242,-0.1844032010897326,-0.2370181586492513,47.9,0.0397554428869669,0.010739102969046,0.0258602265441333,0.6855524079320116,
2022-05-19,ZIM,Medium,GapFade_strongstock,3,F,NO-GO,-0.0991917707567964,2,-0.1086229460520575,-0.0026101141924958,1.390424563841134,2.4552625414451024,0.055247273012094,-0.0718309006117136,-0.0731781070456607,0.0647906895952752,0.0349485058247509,-0.3280719061712157,61.3,0.0714511768818457,0.0428524697415766,0.0476469022448168,0.6263337509179666,
2022-05-23,BYND,Medium,GapFade_weakstock,3,F,NO-GO,-0.2061889250814331,5,-0.4862984822934232,-0.003282724661469,0.6060521768156355,0.7421492754334769,-0.6686252946865486,-0.3943972426064028,-0.0775927327781983,-0.364205583094182,-0.4347019253073532,-0.8479526325969091,24.37,0.1685907731988978,0.0156442980650474,0.0726086956521739,1.0,
2022-05-23,CCL,Large,GapFade_weakstock,5,B,CAUTION,-0.1013004791238876,3,-0.3633939393939394,-0.0007616146230008,1.1782238159549212,1.1908242285506083,-0.3661857949347962,-0.2577391854917124,-0.051300578034682,-0.2432276657060519,-0.2840785169029443,-0.5348919589089621,13.13,0.0817707539984767,-0.0007621951219512,0.0454545454545454,0.8769230769230769,
2022-05-23,SOXL,Medium,GapFade_weakstock,3,F,NO-GO,-0.1297285744817268,3,-0.340032414910859,-0.0211198428290766,1.2455981518481516,1.3377669674887334,-0.5488523543990773,-0.3029307039167352,-0.0235011990407674,-0.1689795918367347,-0.280311063980205,-0.7256434442797467,20.36,0.157328094302554,0.0351229302558956,0.0606629271828936,0.855061961011668,
2022-05-23,GPS,Medium,GapFade_weakstock,3,F,NO-GO,-0.1004115226337449,3,-0.2881797460110713,-0.0439158279963403,1.0100063710977023,1.1791275964955292,-0.4244020864766087,-0.1869495358248036,-0.0536796536796537,-0.1592307692307692,-0.1788129226145755,-0.6830506017108888,10.93,0.0697503594301398,-0.0114832535885166,0.0278606965174128,0.4705882352941175,
2022-05-23,VERU,Medium,GapFade_strongstock,6,A,GO,-0.1606022584692596,3,-0.2354285714285713,-0.0381165919282512,0.7892372767313212,0.4634399964825558,0.7594324581099254,0.5071640984049748,-0.1085942704863423,0.3028237585199611,2.0758620689655176,-0.2354285714285713,133.8,0.146780375827461,0.0971250971250971,0.14331983805668,0.9076923076923072,REJECT
2022-05-23,TSLA,Large,GapFade_weakstock,5,B,CAUTION,-0.1082844125455881,3,-0.3921553709101986,-0.0133755083596927,1.4048376890614374,1.5471629235224686,-0.2731172829435416,-0.2802780784352234,-0.0646791486002096,-0.2647351983520499,-0.352602170669631,-0.4660994888499715,221.3,0.094976502485314,0.0303503709810387,0.0577375077990302,0.8793412101682777,
2022-05-24,AEO,Medium,GapFade_weakstock,3,F,NO-GO,-0.0764285714285714,4,-0.2891698735568994,-0.0595514307811291,0.8077181960960298,1.333316312807501,-0.4397892602445344,-0.1987755456134045,-0.0372300819061801,-0.1543492478744277,-0.2168382798304059,-0.6683765067966145,12.93,0.0689404485692188,-0.0041118421052632,0.0430663221360895,0.6666666666666666,
2022-05-24,UPST,Medium,GapFade_weakstock,3,F,NO-GO,-0.133801362791658,2,-0.5600880872483222,-0.0417163289630512,0.3681590364130275,0.5479703625449336,-0.7619686976070477,-0.5039471381474702,-0.1867002714230321,-0.5091270769950853,-0.5324863479326869,-0.8955141835448414,41.95,0.2628806402179465,-0.0758706467661692,0.0464788732394365,0.3235294117647055,
2022-05-24,COIN,Medium,GapFade_weakstock,3,F,NO-GO,-0.0471385325068474,2,-0.5930805220389067,-0.0232980332829045,0.4474658819948255,0.663023188092443,-0.7036211354449169,-0.519096454263963,-0.019578760011866,-0.4650372288766591,-0.5704165854292585,-0.8208186500406613,66.1,0.2129997838772422,-0.0495662949194548,0.0378890392422192,0.4117647058823529,
2022-05-24,MXL,Medium,GapFade_weakstock,3,F,NO-GO,-0.0771665043816943,4,-0.2933830382106244,-0.0240042205222895,0.4900616159341674,0.9939634394717908,-0.3384492559517318,-0.2321963114637891,-0.0153246753246754,-0.256083202511774,-0.1560552092609083,-0.513287970214405,37.91,0.0920431849869992,-0.0462162162162162,0.0208273069135087,0.2903225806451612,
2022-05-24,ZI,Medium,GapFade_weakstock,3,F,NO-GO,-0.1153538356007774,4,-0.3254881450488145,-0.0294649780304988,0.4600575195437961,1.4824445057370397,-0.3453014506928569,-0.2505830305190328,-0.0351620947630923,-0.255818426620504,-0.2841813135985199,-0.5113047871668561,38.69,0.1120810102278182,-0.0782956058588548,0.0241159934901612,0.2092426187419765,
2022-05-24,GPS,Medium,GapFade_weakstock,3,F,NO-GO,-0.1497942386831275,4,-0.3272549658091827,-0.0464666021297193,0.7465361796705551,1.5319422321771996,-0.4532959690500951,-0.2272360034710792,-0.0768543342269883,-0.2096403978576893,-0.238761974944731,-0.700449470784399,10.33,0.0771553035541418,-0.0385786802030455,0.0248917748917749,0.2875000000000009,
2022-05-25,ASO,Medium,GapFade_weakstock,4,C,NO-GO,-0.2151790790221717,5,-0.3604354876071346,-0.0872872147772546,1.2699612980053592,2.1376374571450656,-0.3073317218739926,-0.2612313702405479,-0.1044437236457995,-0.3022491786707101,-0.2938618925831202,-0.4594753328112764,27.61,0.0868991566202721,0.2329365079365079,0.2378486055776892,0.9835255354200986,
2022-05-25,TOST,Medium,GapFade_strongstock,3,F,NO-GO,-0.0577049180327869,2,-0.3140811455847255,-0.0006958942240779,0.5902943516308663,1.133434710665409,,-0.2136110411855483,-0.064453125,-0.2130339539978095,-0.2340085287846482,-0.7945087945087945,14.37,0.1249627199522815,0.0410863509749303,0.0410863509749303,0.6082474226804119,
2022-05-25,AMZN,Large,GapFade_weakstock,3,F,NO-GO,-0.0402080010326292,2,-0.3438345025811697,-0.0042699327569643,0.665352644937477,0.8998321342571376,-0.3433262135848838,-0.260619275747815,-0.0324469518825924,-0.1733404273059713,-0.3096244715244964,-0.4481958761520435,104.1,0.0597719912172361,0.0300948816030022,0.0301495417269657,0.6906077348066312,
2022-05-25,TTD,Medium,GapFade_weakstock,3,F,NO-GO,-0.2235934664246824,3,-0.4025139664804468,-0.0179990649836372,1.0183772173129313,2.490355513123433,-0.4329595257961663,-0.2978897302833059,-0.1873100303951367,-0.3154104656745079,-0.3502430133657351,-0.6250328687877991,42.78,0.1411622587323849,0.1028326588907403,0.1028326588907403,0.9201277955271564,
2022-05-25,CCL,Medium,GapFade_weakstock,4,C,NO-GO,-0.1950718685831622,5,-0.4298181818181818,-0.0093537414965985,1.1854360711261631,1.5820164367534286,-0.4294378070228637,-0.328,-0.1043412033511044,-0.3367174280879865,-0.3646677471636954,-0.5834218916046758,11.76,0.0939692662779397,0.0454935622317596,0.0490956072351421,0.8142857142857135,
2022-05-25,BOOT,Medium,GapFade_weakstock,3,F,NO-GO,-0.2512619181155356,5,-0.337468982630273,-0.0008988764044944,0.460833333333335,1.6612774130457784,-0.3231922007406863,-0.2768554750978275,-0.1018568353067814,-0.3235025843721496,-0.2789240574700226,-0.5037174721189591,66.75,0.102728731942215,0.1075123706702654,0.1227483468875884,0.8947368421052629,
2022-05-25,ARKG,ETF,GapFade_weakstock,4,C,NO-GO,-0.0561832061068702,2,-0.3128056914184081,-0.0054998382400518,0.6379119848235324,0.5740772739597976,-0.4760339789676208,-0.2151475756159987,-0.051840490797546,-0.1693093254501478,-0.2819976771196283,-0.6716592309326536,30.91,0.0775946295697185,0.0247234873129473,0.0257245197004232,0.7314814814814818,
2022-05-25,ZI,Medium,GapFade_weakstock,3,F,NO-GO,-0.2086429633017034,5,-0.3966178521617852,-0.012424154868535,0.9246322157938632,1.587299499593266,-0.4130142591234222,-0.3259245409431213,-0.1275523065288631,-0.3603770097948623,-0.3633186166298749,-0.5628394593911835,34.61,0.121712964873901,0.0634874195435928,0.0748078060319338,0.8108974358974369,
2022-05-25,ARKK,ETF,GapFade_weakstock,4,C,NO-GO,-0.1058152793614595,3,-0.3800790513833992,-0.0030604437643457,0.6594660580648589,0.8680728026097726,-0.5560803742465481,-0.2857533198535438,-0.0754539023815137,-0.2521457181003242,-0.3447526737967915,-0.7040754716981131,39.21,0.1029675374357853,0.0496290611409567,0.0504352278545826,0.8277310924369758,
2022-05-25,XBI,ETF,GapFade_weakstock,4,C,NO-GO,-0.0539023020774844,2,-0.2586889573251209,-0.0022255192878339,0.6137669557020372,0.6895025246604133,-0.3617236869642953,-0.1711022126897609,-0.0416607422152707,-0.1422753881394756,-0.2266207687894434,-0.5236749116607774,67.4,0.0611585417549809,0.0071375464684015,0.0250938370262743,0.6943048576214437,
2022-05-25,DKS,Medium,GapFade_weakstock,3,F,NO-GO,-0.1385731559854898,5,-0.3504148810066564,-0.101489331836047,0.6138374899436844,2.6247133999414785,-0.3729472141085118,-0.2818968245808209,-0.0810113519091847,-0.3063966507642878,-0.3258256837323744,-0.5166561616501538,71.24,0.0872403144300954,0.2207486654408146,0.2315208825847123,0.8229691876750702,
2022-05-25,NCLH,Medium,GapFade_weakstock,3,F,NO-GO,-0.1811460258780037,3,-0.4249242752055387,-0.0082768999247554,1.4172885444991934,1.4783931667537706,-0.4020610671567757,-0.3118767280748081,-0.1313725490196079,-0.3475699558173786,-0.3420792079207921,-0.5739018916319334,13.29,0.105151026550575,0.0417298937784522,0.0561538461538461,0.7934782608695657,
2022-05-25,GXO,Medium,GapFade_weakstock,3,F,NO-GO,-0.065988909426987,5,-0.2339296543359611,-0.0189986146843459,1.087922466595201,0.8944470940695083,-0.3636296659653956,-0.2028786602430012,-0.0419036784224497,-0.1810372771474878,-0.1611885790172642,-0.5229418429003021,50.53,0.0709442763846088,0.056284042767803,0.0624999999999999,0.9032258064516132,
2022-05-25,KOLD,Medium,GapFade_weakstock,3,F,NO-GO,-0.1586538461538461,2,-0.5418848167539267,-0.0799999999999999,0.3155311440925563,0.8819675295177737,-0.863189134246509,-0.5541098333644748,-0.1693037974683544,-0.1822429906542056,-0.527027027027027,-0.956321705200629,10.5,0.1629904761904761,0.0559006211180123,0.11353711790393,0.7938931297709915,
2022-05-25,ASAN,Medium,GapFade_weakstock,3,F,NO-GO,-0.1985294117647058,3,-0.5119831445878325,-0.0156449001618995,0.7459354730014323,0.9104251058217074,-0.7442218713075742,-0.4151806848666561,-0.1353243117125524,-0.3860172299536116,-0.4605531295487627,-0.8728992886338491,18.53,0.1830390871945108,0.1074500688044472,0.1080636313768512,0.916279069767442,
2022-05-25,YETI,Medium,GapFade_weakstock,3,F,NO-GO,-0.128282393456737,3,-0.3072186110160794,-0.0246913580246913,1.0436595404562476,1.5481816527516548,-0.4741680169512651,-0.2413315100312834,-0.1091069071711394,-0.2494440326167531,-0.2575618698441796,-0.6278257673221834,40.5,0.0856151675485008,0.0544303797468354,0.0742842403920555,0.7093596059113297,
2022-05-25,CVNA,Medium,GapFade_weakstock,4,C,NO-GO,-0.1877476379152698,2,-0.761371776504298,-0.0056285178236397,0.5262769003417382,0.7368662970268515,-0.8721266277464585,-0.6934237378606154,-0.2061364313375037,-0.5532271584241408,-0.7355626116292915,-0.929278454475493,26.65,0.2901902975073707,0.1683018867924528,0.1709531013615733,0.8759859687203239,
2022-05-25,RCL,Medium,GapFade_weakstock,3,F,NO-GO,-0.1994526722472633,5,-0.4328239051094891,-0.0122662376834908,1.145972219878146,1.5123065802807514,-0.3724647949973848,-0.3296072817078366,-0.1025085724598448,-0.3608790643876109,-0.3687484133028688,-0.4939452528747329,49.73,0.093614231133837,0.0401058631921825,0.0447852760736197,0.7765957446808527,
2022-05-25,BBWI,Medium,GapFade_weakstock,3,F,NO-GO,-0.2781549520766773,7,-0.3785456420835482,-0.0074688796680496,0.7315399581977161,0.8248718080135031,-0.404079950546054,-0.2686864273056101,-0.0656500387697079,-0.3353557639271925,-0.2605849867048476,-0.5591463414634147,36.15,0.0875396166765461,0.0953177257525082,0.0983789826718836,0.8911392405063291,
2022-05-26,NVAX,Medium,GapFade_weakstock,3,F,NO-GO,-0.1719619457907018,4,-0.2721678763016724,-0.0058530240624323,0.4624995006699118,0.5395015103941779,-0.6601482366644282,-0.2346185370645056,-0.1025291828793773,-0.2136038186157517,-0.258002251889979,-0.8339452246023127,46.13,0.1434209222383946,0.0263846489315307,0.0496949261400128,0.7830211883762607,
2022-05-26,KOLD,Medium,GapFade_weakstock,3,F,NO-GO,-0.1826923076923077,3,-0.5392953929539296,-0.0127450980392155,0.7908717701038398,1.518020899998688,-0.8657599585382523,-0.5518059583443184,-0.032258064516129,-0.1385135135135135,-0.4853683148335015,-0.9575696564806112,10.2,0.1623921568627451,0.0635551142005958,0.1634980988593156,0.8094879518072295,
2022-05-31,DRIP,Medium,GapFade_weakstock,3,F,NO-GO,-0.1851469829809179,3,-0.4195444526083761,-0.0379746835443038,0.8518899497269024,1.1848353139946757,-0.6586639935880679,-0.2997943699922,-0.1227096057745697,-0.3639291465378421,-0.219753086419753,-0.8683333333333334,15.8,0.1248155515370705,0.0717105263157894,0.0940228341168568,0.8284023668639056,
