date,t,ticker,trade_grade,news_type,setup_type,size,bp,npl,pct_to_52wk_high,pct_to_ath,pct_to_30d_high,pct_to_60d_high,pct_to_90d_high,days_since_52wk_high,days_since_ath,consolidation_days,range_contraction_atr,bb_width_percentile_6mo,bollinger_width,upper_band_distance,vol_dry_up_ratio,up_down_vol_ratio_30d,prior_day_range_atr,prior_day_close_vs_high_pct,consecutive_up_days,pct_from_9ema,pct_from_10mav,pct_from_20mav,pct_from_50mav,pct_from_200mav,atr_distance_from_50mav,ma_stack_aligned,ma_50_slope_5d,consecutive_days_above_50ma,rs_vs_spy_30d,rs_vs_spy_90d,rs_vs_spy_252d,rs_vs_qqq_30d,rs_vs_qqq_90d,d1_close_at_high_pct,d1_rvol,d1_range_atr,d1_thrust_atr,overnight_gap_d1_to_d2_pct,pm_d2_holds_above_d1_high,days_since_ipo,pct_to_ipo_high,pct_off_ipo_low,avg_daily_vol,premarket_vol,vol_in_first_5_min,vol_in_first_10_min,vol_in_first_15_min,vol_in_first_30_min,vol_on_breakout_day,vol_one_day_before,vol_two_day_before,vol_three_day_before,percent_of_premarket_vol,percent_of_vol_in_first_5_min,percent_of_vol_in_first_10_min,percent_of_vol_in_first_15_min,percent_of_vol_in_first_30_min,percent_of_vol_on_breakout_day,percent_of_vol_one_day_before,percent_of_vol_two_day_before,percent_of_vol_three_day_before,vol_ratio_5min_to_pm,rvol_score,day_of_range_pct,one_day_before_range_pct,two_day_before_range_pct,three_day_before_range_pct,gap_pct,gap_from_pm_high,time_of_high_bucket,atr_pct,pct_change_3,pct_change_15,pct_change_30,pct_change_90,pct_change_120,spy_open_close_pct,move_together,spy_5day_return,uvxy_close,breakout_duration,breakout_open_high_pct,breakout_open_close_pct,breakout_open_post_high_pct,breakout_open_to_day_after_open_pct,breaks_fifty_two_wk,breaks_ath,close_at_highs,pivot_to_high_pct,pivot_to_close_pct,atr_max_extension,atr_at_close,held_above_pivot_at_close,pulled_back_to_pivot_intraday,pivot_source,time_of_breakout,time_of_high,atr_pct_move,closed_outside_upper_band,float_shares,short_interest_pct,days_to_cover,derived_setup,pretrade_score,pretrade_max,full_score,criteria_grade,recommendation,intensity_tier,is_true_a,failed_criteria,intensity,pnl_proxy
2/9/2024,1.0,SOXL,B,pos_news,"ATH_breakout,news_day2",12000.0,462360.0,11976.0,-0.0602074373893246,-0.4993936127206576,-0.0602074373893246,-0.0602074373893246,-0.0602074373893246,10,526,1.0,1.0365796215314396,0.4365079365079365,0.3565062982229346,-0.0562363802311849,0.8970109068541093,1.2338267725744188,0.9794236956085682,0.6536796536796522,2,0.1093740801006936,0.1377435041579144,0.1646024476090895,0.3184570651159068,0.7102335026698063,4.060519554667427,True,0.0414486299686026,61.0,0.107500596199074,0.8030180842173421,1.0393897263999738,0.1018371198911982,0.7607338859122346,0.6536796536796522,0.8341461403816921,0.982136891782728,0.5994861547245203,0.0191117092866756,False,,,,70563244.45454545,5680068.0,2784890.0,4270626.0,5547793.0,9619180.0,65547189.0,59516892.0,63261793.0,62828908.0,0.0804961285993434,0.0394665809590704,0.0605219620074442,0.0786215691027884,0.1363199789686026,0.9289140473440584,0.8359102339852481,0.8866319912097484,0.8778863423651951,0.4902916655223142,0.9289140473440584,1.0161502906323456,1.10254320777436,0.8334897470789738,1.129691309274457,0.019111709,-0.0140624999999999,4,0.063486671,0.119125037,0.019935345,0.343982961,0.891108891,0.830754352,0.004730976,False,0.0080307474461413,176.5,0 days 04:38:00,0.04437401,0.038563127,0.041732699,0.040940306,True,True,True,0.0643337819650067,0.0584118438761777,1.0161502906323456,0.922613443795896,True,False,prior_close_fallback_from_ath,2024-02-09 10:09:00-05:00,2024-02-09 14:47:00-05:00,0.60742084,False,,,,D2_continuation,6,6,6,A,GO,REDUCED_SIZE,True,breakout_open_high_pct,48.4,4.4374009999999995
2/8/2024,0.0,ARM,A,earnings,"ATH_breakout,IPO_high_breakout,news_day1",727.0,85059.0,12645.19,-0.0366524893670251,-0.0366524893670251,-0.0366524893670251,-0.0366524893670251,-0.0366524893670251,12,12,3.0,0.9941915898294824,,0.159044067008267,-0.0203097310160926,1.2236354135662255,0.8824804755065688,1.5262551544199416,0.8717948717948737,1,0.5544547763519051,0.6538195215636065,0.6884303473296705,0.7877116274340338,-0.0966658846596079,8.388819239210656,False,0.0195309759348907,52.0,0.0136721767803731,0.2254448067257587,,0.0074787707149276,0.1811753522350418,,,,,,,102.0,-0.0366524893670251,0.6561290322580646,11748862.0,6407849.0,8870563.0,13686973.0,16623837.0,25857237.0,106033354.0,22802796.0,6830507.0,7258066.0,0.5454016737961515,0.7550146558875234,1.16496159372712,1.4149316759359332,2.200829067530115,9.024989313858653,3.123942253938952,1.05762813218271,1.102718460396602,1.3843277205814306,9.024989313858653,7.456096531231164,1.5843373618834602,1.0706660548574936,0.969240543467019,0.225944683,-0.0626461357609286,2,0.046453493,0.288521905,0.246501188,0.313439065,0.806198584,0.726591075,0.000441678,False,0.018192968111202,178.5,0 days 00:36:00,0.340800763,0.206334075,0.236627476,0.122656498,True,True,False,0.5835001250938203,0.4246935201401051,7.0154235541962215,5.1060913209339,True,False,ath,2024-02-08 09:31:00-05:00,2024-02-08 10:07:00-05:00,4.44173436,False,,,,D1_news_break,4,5,5,A,GO,FULL_SIZE,True,gap_from_pm_high,68.7,34.0800763
2/7/2024,1.0,NVDA,C,upgrade,"ATH_breakout,news_day2",1000.0,685818.94,5150.0,-0.0219485620896293,-0.0219485620896293,-0.0219485620896293,-0.0219485620896293,-0.0219485620896293,0,0,4.0,1.615235273567923,0.9047619047619048,0.3028711627659128,-0.0150380899743676,1.084855099095965,2.8594899808815293,1.6066322336346808,0.5567458019687311,0,0.0703172988581097,0.0865679956054498,0.1510918734257927,0.314652856383817,0.5712286596403695,7.6966157469497185,True,0.0313179294386667,64.0,0.347572342749389,0.4470152460458791,2.029674991667472,0.3439844928371706,0.4021134535653131,0.5567458019687311,1.3973456073064532,1.5817604919695163,-0.6443361355533003,0.0014071500813509,False,,,,497927932.27272725,16847650.0,23866880.0,35238880.0,45890440.0,82591370.0,477014240.0,683010610.0,679845010.0,476527650.0,0.033871809,0.047983708,0.070843814,0.092258508,0.166044855,0.939899483,1.3915803682746175,1.3908692258422044,1.002629766320414,1.4166296189676304,0.957998555780413,1.1998299041575369,1.6392975794969182,1.682034369408132,1.88316699733084,0.00140715,-0.0018408941485863,4,0.031511933,-0.014610858,0.141065255,0.3074656,0.45514377,0.491746364,0.003647061,False,0.0229870775347913,179.5,0 days 05:59:00,0.027825349,0.026054246,0.038817898,0.025688315,True,True,True,0.0066806204662097,0.0049459529202626,0.213404860815803,0.1579928690589114,True,True,ath,2024-02-07 09:48:00-05:00,2024-02-07 17:23:00-05:00,0.826805683,False,,,,D2_continuation,3,6,3,F,NO-GO,REDUCED_SIZE,False,"pct_from_9ema, percent_of_premarket_vol, overnight_gap_d1_to_d2_pct, breakout_open_high_pct",29.3,2.7825349
2/6/2024,0.0,PLTR,A,earnings,"52wk_breakout,news_day1",10000.0,202300.0,14169.0,-0.2347826086956523,-0.6284444444444445,-0.0888432341705586,-0.2347826086956523,-0.2347826086956523,50,760,0.0,1.2312073654070557,0.0079365079365079,0.0866500537848796,-0.0400043913467136,1.4403311773699965,0.7081928612635993,2.100018056106328,0.1726618705035959,0,0.2520655781279858,0.2938980282347445,0.3082844250449764,0.2673127028385978,0.4122486143345108,4.180582239214663,False,-0.0206989398104001,0.0,-0.0825975288100195,0.0411612913817011,0.7936144257119692,-0.0936649969150584,-0.011885442797803,,,,,,,,,,65769316.190476194,27568316.0,30228936.0,50465882.0,69494017.0,104369585.0,417873450.0,167698349.0,57532675.0,40454381.0,0.477247211,0.523306304,0.873636444,1.203040358,1.806785737,6.360293398,3.4939516096793017,1.3538708414487532,0.972105840139606,1.0965100661208322,6.353623151406745,4.879013984719573,1.820886863601913,1.2542105640364078,0.6852905562520728,0.214114833,-0.0014756517461877,4,0.039587265,0.214114833,0.153409091,0.217756449,0.097890752,0.152754117,0.00093208,False,0.0033816129886533,186.5,0 days 05:30:00,0.092610837,0.077339901,0.088669951,0.064039409,True,False,True,0.326555023923445,0.3080143540669858,4.879013984719573,4.6020003702025285,True,False,prior_close_fallback_from_52wk_high,2024-02-06 09:38:00-05:00,2024-02-06 15:08:00-05:00,1.953656118,False,,,,D1_news_break,3,5,3,C,CAUTION,FULL_SIZE,False,"pct_from_50mav, prior_day_close_vs_high_pct, breakout_open_high_pct",56.3,9.2610837
2/2/2024,1.0,NVDA,B,upgrade,"ATH_breakout,news_day2",,,,-0.0073393917439717,-0.0073393917439717,-0.0073393917439717,-0.0073393917439717,-0.0073393917439717,2,2,10.0,1.0106603423547365,0.9444444444444444,0.3169457990445667,-0.0527782637240621,0.845076700189539,2.470286541851268,0.8503220257811335,0.8935756002595711,1,0.072425983348322,0.0750778866486949,0.1414908796421261,0.2761314744990228,0.5114502569465458,7.59539805817933,True,0.0256570663899627,61.0,0.2220951956797305,0.3781437168377348,1.818607105361932,0.2222452631751269,0.3359759193992473,0.8935756002595711,0.7950421472069511,0.8121915317343513,0.4885798506928887,0.0150253066146254,True,,,,460539439.54545456,17355030.0,21143990.0,37058660.0,51322790.0,87948860.0,456038510.0,369145790.0,453794870.0,410709050.0,0.037684134,0.045911356,0.08046794,0.111440597,0.190969225,0.995535519,0.790926356786942,0.9773538195743726,0.8886373309476403,1.218320567581848,0.9902268314959152,1.88316699733084,0.9858821139587644,1.2224860640967337,0.7460583638752531,0.015025307,-0.0059202859140705,4,0.028753623,0.019116195,0.120247956,0.344867456,0.398308234,0.431569996,0.009598693,True,0.0036724728667855,198.5,0 days 03:05:00,0.041047926,0.034170132,0.03931269,0.06644887,True,True,True,0.0489345282157086,0.042004630431701,1.637559434846604,1.4056552985953958,True,False,ath,2024-02-02 09:37:00-05:00,2024-02-02 12:42:00-05:00,1.188376567,False,,,,D2_continuation,5,6,5,B,GO,FULL_SIZE,False,"pct_from_9ema, breakout_open_high_pct",52.8,4.1047926
1/31/2024,1.0,PLUG,B,upgrade,news_day2,,,,-0.802436440677966,-0.9505894820506028,-0.2525050100200401,-0.4636951833213515,-0.5308176100628932,248,757,0.0,1.0190346273025397,0.8333333333333334,0.7012969961497327,-0.2380641857854307,0.9999069035237828,0.5677989180122233,0.561907125024416,0.3809523809523814,0,0.3138973415290529,0.4275180651821271,0.3379405666897024,0.2180084052646137,-0.3545117494865429,1.796584057949539,False,-0.0183792608717161,0.0,-0.2612935158171121,-0.658055142685099,-0.9879891196131791,-0.2756090463178425,-0.7056127698195324,0.3809523809523814,0.6739754900002995,0.435510391514954,0.0414771801442813,0.0991957104557639,False,,,,55723432.95238096,7126892.0,4032548.0,6420838.0,8846366.0,16382377.0,126435588.0,34548523.0,41212353.0,30746939.0,0.127897576,0.072367185,0.115226892,0.158754864,0.294120016,2.273786131,0.6644312864351869,0.8039740456412656,0.6112646430523005,0.5658213987247176,2.2689841831540933,2.301983498007614,0.4948911744407224,1.1507109326012166,0.6177524401221386,0.09919571,-0.0120481927710845,4,0.100194971,0.081794195,0.348684211,-0.106753813,-0.346092504,-0.372128637,-0.01174737,False,0.0113310945837367,187.0,0 days 03:53:00,0.180487805,0.085365854,0.124390244,0.214634146,False,False,False,0.2538860103626943,0.1528497409326425,2.032381827069786,1.2235768142563002,True,False,d1_high,2024-01-31 09:41:00-05:00,2024-01-31 13:34:00-05:00,0.85199739,False,,,,D2_continuation,5,6,6,A,GO,FULL_SIZE,True,pct_to_52wk_high,61.9,18.0487805
1/24/2024,1.0,AMD,B,upgrade,"ATH_breakout,news_day2",,,,-0.0360576923076923,-0.0360576923076923,-0.0360576923076923,-0.0360576923076923,-0.0360576923076923,1,1,6.0,1.524846332639477,0.9444444444444444,0.303969193118122,-0.0268620165582737,1.5270813097853413,2.2354180614149954,0.8068999882857232,0.7742681766450851,1,0.0976219782514179,0.1189599831455802,0.1866990865479397,0.3188472903669666,0.5845900417317238,5.731740734037361,True,0.042234493654836,56.0,0.2538738619710068,0.4777547818059527,0.9904617397336548,0.2273385250173019,0.4319790768652027,0.7742681766450851,1.0389162293993472,0.7036964445974045,0.2520750711071125,0.0245220282626767,True,,,,79951697.35,2476274.0,4243430.0,6157883.0,8259041.0,19283128.0,122679366.0,76830455.0,122973822.0,140280929.0,0.030972125,0.053074921,0.077020041,0.103300384,0.241184723,1.538643945,1.0184980028337516,1.6628757368034135,1.9887454707341337,1.7136350823858748,1.5344185310157148,1.5964754503450598,0.7555722479096497,1.4237922829650054,1.7353521160083425,0.024522028,-0.0008685581933988,4,0.039440582,0.025984065,0.156036446,0.203193641,0.842105263,0.79814506,-0.004960948,False,0.0266150034936161,180.75,0 days 03:27:00,0.046537236,0.03326572,0.041205448,0.062938279,True,True,True,0.0335393772893773,0.0204326923076922,0.7693541232748399,0.4687020853397895,True,True,ath,2024-01-24 09:30:00-05:00,2024-01-24 12:57:00-05:00,0.843438877,False,,,,D2_continuation,5,6,5,B,GO,REDUCED_SIZE,False,"percent_of_premarket_vol, breakout_open_high_pct",45.9,4.6537236
1/22/2024,0.0,DWAC,B,pos_news,"52wk_breakout,news_day1",,,,-0.0808362369337979,-0.8492571428571429,-0.0808362369337979,-0.0808362369337979,-0.0808362369337979,2,562,1.0,3.9331998337552414,1.0,0.6322030584963183,0.0671944579548026,3.748688869967334,14.804484714698887,1.959710858720456,0.4319727891156459,5,0.840244094973751,1.155986943824085,1.4614479393954254,1.731497099824791,2.2441200324411987,9.445313228796522,True,0.0480630257078544,44.0,0.4691671182403599,0.5386709805418446,0.4486136085454715,0.4382319336297792,0.49716584753992,,,,,,,,,,3809620.8333333335,655667.0,1011907.0,1512271.0,1753594.0,2252451.0,29622938.0,5407490.0,7780399.0,15611072.0,0.172108204,0.265618823,0.396961027,0.460306702,0.591253329,7.775823185,2.7380561289632643,4.536379416143686,11.638688204887682,1.543324583973267,7.775823184503269,7.070227363314873,1.7310992227717783,2.2896949587119635,6.35218469506441,0.111827142,-0.0216811207471648,4,0.056869648,0.111827142,0.701276102,0.614199229,0.983096687,0.77973301,-0.001157001,False,0.0120625996475623,199.0,0 days 06:25:00,0.711558132,0.694169792,0.749062393,0.687009887,True,False,True,0.7491289198606274,0.7313588850174215,6.381607401816532,6.230229737866464,True,False,52wk_high,2024-01-22 09:31:00-05:00,2024-01-22 17:24:00-05:00,12.39963785,True,,,,D1_news_break,5,5,6,A+,GO,FULL_SIZE,True,PERFECT,72.9,71.1558132
1/22/2024,1.0,RUM,A,partnership,news_day2,,,,-0.6808888888888889,-0.791642484039466,-0.3200757575757576,-0.3251879699248121,-0.502770083102493,152,335,0.0,1.451543534359171,0.8888888888888888,0.473563464194687,-0.316047389529094,1.498433954037511,0.606321984063179,1.0666119244337395,0.7999999999999989,1,0.2394381893785238,0.2724014336917551,0.1702378149281845,0.0918517542125259,-0.2897311124925864,1.1583780253705571,False,-0.0256788855363677,0.0,-0.2570157365323438,-0.556235200874406,-0.8417739225272074,-0.2879509211429245,-0.5977403338763305,0.7999999999999989,1.073692225395858,0.6926441194514259,0.2216461182244564,0.1197771587743731,False,337.0,-0.6808888888888889,0.078078078078078,3004390.333333333,1044323.0,614867.0,1054806.0,1389826.0,3299704.0,23525921.0,1817096.0,1525102.0,2612865.0,0.347598975,0.204656164,0.351088202,0.462598346,1.098294041,7.830514145,1.0550309500522073,0.901157759598653,1.5597609592076365,0.58877090708526,7.830514144245127,3.823395539371871,0.9013417115191472,1.1897710592052746,1.4132018093071994,0.119777159,-0.0863636363636365,4,0.065288866,0.119777159,-0.069444444,-0.196,-0.202380952,-0.144680851,-0.001157001,False,0.0120625996475623,199.0,0 days 05:53:00,0.236318408,0.21641791,0.519900498,0.487562189,False,False,True,0.3653846153846152,0.3434065934065933,3.684866715481585,3.4632205972571284,True,False,d1_high,2024-01-22 09:51:00-05:00,2024-01-22 19:12:00-05:00,3.314775162,False,,,,D2_continuation,5,6,6,A,GO,FULL_SIZE,True,pct_to_52wk_high,69.2,23.6318408
1/19/2024,0.0,SMCI,A,earnings_prelim,"ATH_breakout,news_day1",,,,-0.1300315651275175,-0.1300315651275175,-0.1300315651275175,-0.1300315651275175,-0.1300315651275175,5,5,0.0,1.3084927709852838,0.5,0.2793545954144448,-0.1140846405601501,1.2005127984313106,1.1420155205841311,1.561996992039164,0.1805303305484925,0,0.2573924667582625,0.2755859590029546,0.3659856228810319,0.4630538711253938,0.731332487705566,4.96936362803961,True,0.0291105431636881,24.0,0.1259330811378713,0.0401557879685311,2.731657256386242,0.1002524978247036,0.0012101353527944,,,,,,,,,,42294931.5,8144750.0,16266340.0,25888990.0,32448060.0,53985880.0,229670140.0,48751260.0,35857720.0,47328550.0,0.192570356,0.384593128,0.612106205,0.767185543,1.276414882,5.431355291,1.488778564341514,1.0808819701613597,1.4230741417882904,1.997156450474232,5.430204798889437,4.294366178759696,1.4190460411258994,1.1412032907126577,1.6089235685973404,0.115977395,-0.0209577464788732,4,0.056591555,0.065122123,0.203462604,0.150556144,0.363568598,0.501079727,0.010007328,True,0.000293901542983,206.25,0 days 05:17:00,0.233427322,0.21809184,0.234319254,0.313010703,True,True,True,0.1974915500432973,0.1826028660018436,2.589438710774503,2.3942236000470896,True,True,ath,2024-01-19 09:34:00-05:00,2024-01-19 16:24:00-05:00,3.853787725,False,,,,D1_news_break,4,5,5,A,GO,REDUCED_SIZE,True,prior_day_close_vs_high_pct,50.6,23.3427322
1/17/2024,0.0,DWAC,B,pos_news,"52wk_breakout,news_day1",,,,-0.1353965183752417,-0.8722857142857143,-0.0274151436031331,-0.0274151436031331,-0.0274151436031331,122,559,0.0,2.2144058135479416,0.7142857142857143,0.2584278002987747,0.1186012209968502,2.989969297052678,3.6062509142051455,6.259301478905416,0.8630434782608698,2,0.4923979632361915,0.566508378363626,0.5973729615406017,0.6635173828872155,0.8903280410734682,8.79274474948975,True,0.0205239705162052,41.0,0.2468420457436883,0.201231454066937,0.047806437201068,0.2342314815176951,0.1727608982922763,,,,,,,,,,1341308.55,232488.0,142657.0,235028.0,273192.0,732824.0,15578428.0,8054556.0,163616.0,123679.0,0.173329246,0.106356587,0.175222919,0.203675731,0.546350055,11.61435078,14.097515025051376,0.9099805257626946,0.6609453390364912,0.6136101648257114,10.0,6.35218469506441,7.08968577768234,1.118006222237011,0.7142006903940022,-0.042505593,-0.0174471992653812,4,0.032881713,-0.042505593,0.226361032,0.200224341,0.429525718,0.362189688,0.000996143,True,0.0022157508229931,206.25,0 days 02:10:00,0.341121495,0.077102804,0.098130841,0.129906542,True,False,False,0.1102514506769825,-0.1083172147001934,2.189084205675158,-2.150679219610684,False,True,52wk_high,2024-01-17 09:53:00-05:00,2024-01-17 12:03:00-05:00,2.344853627,True,,,,D1_news_break,5,5,6,A+,GO,FULL_SIZE,True,PERFECT,78.6,34.1121495
1/16/2024,1.0,AMD,A,upgrade,"52wk_breakout,news_day2",,,,-0.0297252565375704,-0.1088405137057726,-0.0297252565375704,-0.0297252565375704,-0.0297252565375704,9,532,7.0,1.1182340256557954,0.4285714285714285,0.1378973828893478,-0.035777358932663,1.0454484301676643,1.508740220197179,0.8498585365384902,0.4160000000000006,0,0.081179773598551,0.1046901693883622,0.1150868177978231,0.2273439144982045,0.4289992956330388,5.156444410138562,True,0.0415812574972512,50.0,0.1348198698699602,0.2619015511206031,0.8692302174492244,0.1327012672457418,0.239691033850133,0.4160000000000006,0.8051199625490674,0.6536102316768154,-0.2579581714351147,0.0259279475982533,False,,,,60182232.84210526,3891921.0,6635681.0,9639287.0,11914046.0,18164458.0,109203423.0,48282089.0,62764597.0,56951243.0,0.064668937,0.110259801,0.160168318,0.197966168,0.301824262,1.83302408,0.8204068328337815,1.0466206212835427,0.9124685121018846,1.7049886161615304,1.8145458857684336,2.2928646927222687,0.7547647218656063,1.331947251134488,0.8656869581233785,0.025927948,-0.0022561380225612,2,0.030107117,0.025927948,0.085005051,0.0825054,0.471664872,0.468789684,-0.000694357,False,0.0043826380109565,196.25,0 days 01:25:00,0.062217345,0.055732908,0.069965416,0.053804203,True,False,True,0.0573651108904335,0.0509102946044356,1.5102753753278937,1.3403367150919223,True,True,52wk_high,2024-01-16 09:30:00-05:00,2024-01-16 17:13:00-05:00,1.851153931,False,,,,D2_continuation,5,6,5,B,GO,FULL_SIZE,False,"pct_from_9ema, breakout_open_high_pct",59.1,6.2217345
1/8/2024,1.0,NVDA,B,upgrade,"ATH_breakout,news_day2",,,,-0.0287053889372477,-0.0287053889372477,-0.0264905914778022,-0.0287053889372477,-0.0287053889372477,31,31,42.0,1.0284494798941015,0.0079365079365079,0.081399196515497,-0.0271777367291191,1.0065093647872725,1.007595441971843,1.0478602991909516,0.6373892022562483,2,0.0591101822578,0.0632455685389142,0.0716976490305518,0.104048579404695,0.2696262295671253,3.806566551318792,True,0.0129063477554207,43.0,-0.0492796859347252,-0.0085281545229796,2.2083998026776657,-0.0382733812847297,-0.0334728812626473,0.6373892022562483,1.1272836530029158,0.958877648448322,0.490642471204418,0.0084526549483675,False,,,,380419052.1052632,13697600.0,26544990.0,56187750.0,84287890.0,147197970.0,617625600.0,409571270.0,305489390.0,320822670.0,0.036006609,0.069778288,0.147699621,0.221565901,0.386936378,1.628915972,1.1228054641706628,0.8408138478874078,0.8750411382444324,1.937930002336176,1.6235401370725802,2.455530351949045,1.3365711151240964,0.8721372008465125,0.7599776355218266,0.008452655,-0.0034819361980477,4,0.024122007,0.008452655,0.00472818,0.061874021,0.081095244,0.095931648,0.013171659,True,-0.0155477477856556,210.5,0 days 06:30:00,0.055804653,0.055360317,0.064388431,0.058349491,True,True,True,0.0341655456200046,0.0337303157394951,1.334392988614222,1.3173943518165898,True,True,ath,2024-01-08 09:30:00-05:00,2024-01-08 19:59:00-05:00,2.29501289,False,,,,D2_continuation,4,6,4,C,CAUTION,REDUCED_SIZE,False,"pct_from_9ema, atr_pct, breakout_open_high_pct",41.8,5.5804653
7/26/2023,1.0,XPEV,A,partnership,news_day2,,,,-0.4071786954843689,-0.7937978252114378,-0.0900473933649289,-0.0900473933649289,-0.0900473933649289,238,668,2.0,1.2681867535287723,0.6666666666666666,0.3583645479875827,-0.0754178230874089,0.8941447035810441,2.479444360439167,1.6312653109188382,0.0,0,0.3825599447794347,0.4374135774017247,0.5042204995693363,0.905817851655258,1.1986987087806933,7.833808817581229,True,0.0442491005526499,30.0,0.6722706546946107,0.7263415079691281,-0.5244124391926298,0.6631889874587167,0.62917690379638,0.0,1.17450850697397,1.1476338142105973,-0.8305244708103019,0.1484375,False,,,,24140590.90909091,6823580.0,10121053.0,15911340.0,23144071.0,42954927.0,138501085.0,21753177.0,25189822.0,11281062.0,0.282660024,0.419254567,0.659111455,0.958720153,1.779365185,5.737312045,1.1335335979910133,1.3600615775874976,0.6309948904573217,1.4832467707566996,5.73726987552086,4.884993932856951,1.6686924132523029,2.0044683596085444,0.7947062830451858,0.1484375,-0.0078740157480315,2,0.060663543,0.101811368,0.178356713,0.736220472,0.81294964,0.72097561,0.00228838,True,0.0005272407732864,415.5,0 days 00:38:00,0.237528345,0.103174603,0.12244898,0.176303855,False,False,False,0.2932464454976303,0.1528436018957347,3.7373601186463534,1.9479573951732525,True,False,d1_high,2023-07-26 09:31:00-04:00,2023-07-26 10:09:00-04:00,1.70076784,False,,,,D2_continuation,5,6,6,A,GO,FULL_SIZE,True,pct_to_52wk_high,77.4,23.7528345
6/8/2023,1.0,CVNA,A,earnings_prelim,news_day2,,,,-0.7324720068906115,-0.958787782289096,-0.0826934435912581,-0.0826934435912581,-0.2185770353225319,203,459,0.0,1.2717116939670767,0.3809523809523809,0.5666211705926998,-0.0445293743150271,1.3125005986671492,2.1354672198125906,0.6792299745428428,0.3356643356643348,1,0.6071750175923147,0.73539976054277,0.9735996066417032,1.4712992081233656,1.0064523323373942,6.481935108872228,True,0.0764029322548026,23.0,1.0065448559380854,0.9472685104463848,-0.414825125979825,0.931691537154905,0.8213012657757139,0.3356643356643348,0.9827371387877304,0.5967479917134892,0.0918073833405363,0.2118480360592402,False,,,,29523905.13636364,8741306.0,4277853.0,7017734.0,10183186.0,17530111.0,175257386.0,22190987.0,16408466.0,17121897.0,0.296075535,0.144894552,0.237696672,0.344913247,0.593759901,5.936339118,1.063865058780221,0.7266557782551879,0.7039455784712627,0.4893837373957621,5.936118043684579,4.406754400345768,0.988023330634951,0.5414059088924463,0.9062804738884156,0.211848036,-0.0819512195121951,4,0.13556505,0.254666667,0.63226366,0.588185654,1.574555404,0.343326196,0.005883456,True,0.0112133137357167,582.5,0 days 03:26:00,0.38629118,0.287460149,0.365568544,0.354410202,False,False,False,0.583131067961165,0.4702669902912621,4.010313426829812,3.2341237313143654,True,False,d1_high,2023-06-08 11:46:00-04:00,2023-06-08 15:12:00-04:00,2.120459138,False,,,,D2_continuation,5,6,6,A,GO,FULL_SIZE,True,pct_to_52wk_high,74.0,38.629118
6/25/2021,1.0,SPCE,A,pos_news,news_day2,,,,-0.3589171974522293,-0.3589171974522293,-0.0333733493397358,-0.0333733493397358,-0.2439436619718309,97,97,0.0,0.9141087633538248,0.1825396825396825,0.3804961178082411,-0.0334919598902255,0.7017952972090881,3.3896206552338555,0.6769584804391485,0.4310344827586209,0,0.3835490021920547,0.4567204027664771,0.5809343782769464,1.1083081248573974,1.012258323981529,8.109286527572626,True,0.0428770323524552,23.0,1.455163227055566,-0.2841654793617486,1.2568862859931675,1.3995942610152872,-0.2433228800558727,0.4310344827586209,0.5342811644014703,0.6246922698178236,-0.2261816838995562,0.1875310481867858,False,,,,1776626.713636364,721774.9,427247.5,680883.5499999999,854419.2,1272974.0999999996,12924976.7,676160.5,1048045.6,1406009.75,0.406261425,0.240482425,0.383245138,0.480922184,0.716511854,7.275701756,0.562453881255198,0.8281332960352424,1.0648583714579112,0.5919400910172964,7.275009770367246,4.58553745076317,0.8372493471878162,1.0486335931706794,1.5080647447345303,0.187531048,-0.0341414141414141,4,0.085124031,0.212836124,0.350183564,0.770740741,0.63676823,0.13186553,0.001667058,True,0.0245348500915839,7052.5,0 days 04:57:00,0.198282786,0.169420623,0.245764484,0.19535662,False,False,False,0.3778234728234728,0.3446368446368446,4.230109090349582,3.85855182176268,True,False,d1_high,2021-06-25 10:23:00-04:00,2021-06-25 19:44:00-04:00,1.990279619,False,,,,D2_continuation,6,6,7,A+,GO,FULL_SIZE,True,PERFECT,79.8,19.828278599999997
6/7/2021,1.0,SPCE,B,pos_news,news_day2,,,,-0.5003184713375796,-0.5003184713375796,-0.1044520547945204,-0.1369636963696369,-0.5003184713375796,83,83,0.0,1.4273664520809568,0.9761904761904762,1.0844755008287776,-0.1147294909864407,0.9272607980192764,2.761716707746744,0.6974817121221516,0.6502242152466364,1,0.1648605359069542,0.1639733681287425,0.4655826101609223,0.4211949639288553,0.2887571772550447,3.1348602056195785,False,-0.0028143663585044,9.0,0.419694986134576,-0.3548685510020079,0.6664997349677972,0.4435580637930353,-0.2750791178204254,0.6502242152466364,0.5023268018982882,0.6780146895943645,0.1459403816167244,0.0022307202039515,False,,,,1843422.575,28998.5,39371.2,52967.850000000006,81128.85,165296.90000000002,1441462.25,897153.9,1545778.35,1495836.45,0.015730794,0.021357664,0.028733428,0.044009904,0.08966848,0.781948897,0.5000207644403097,0.8654991022154759,0.8638731752811302,1.3576978119557912,0.7819488974197899,1.1644826283167764,0.7200815569630185,0.9965311226160368,1.2554768716401603,0.00223072,-0.0012702445220704,4,0.101887076,0.00223072,0.169579769,0.752089136,0.041390728,-0.440888889,-0.000946544,False,0.0060946576516522,8535.0,0 days 06:30:00,0.106200318,0.103020668,0.103656598,0.121780604,False,False,True,0.0817786069651739,0.0786691542288555,0.7996316742749662,0.7692274281048153,True,True,d1_high,2021-06-07 09:30:00-04:00,2021-06-07 16:00:00-04:00,1.011125963,False,,,,D2_continuation,3,6,4,C,NO-GO,REDUCED_SIZE,False,"pct_to_52wk_high, percent_of_premarket_vol, overnight_gap_d1_to_d2_pct",23.9,10.6200318
5/26/2021,1.0,SPCE,B,upgrade,news_day2,,,,-0.592515923566879,-0.592515923566879,-0.0767498998820231,-0.32957820277705,-0.592515923566879,76,76,0.0,1.6888474819998176,0.7619047619047619,0.6353340133487133,-0.0196275457140586,2.44854479703077,1.7898948674538784,0.7260892158703364,0.5426829268292694,0,0.2355283887476017,0.3656496062992125,0.3885066673338159,0.1326992938487288,0.0458319357501143,1.3707384652451546,False,-0.0413618479996882,2.0,-0.061022123116795,-0.3303599563084259,0.0826966281232384,-0.0255894272712021,-0.2844831115689758,0.5426829268292694,1.6778618767579063,0.6914829538609798,0.0927599084447664,0.0101602188354825,False,,,,1307088.9673913042,49505.7,85021.75,166166.25,232138.65,467232.35,1916938.8000000005,2144459.95,6598446.35,2561377.75,0.037874775,0.065046643,0.127126962,0.177599732,0.357460251,1.468331229,1.5840935466925217,5.162736462621909,2.643842290960133,1.7174133483619058,1.466571019894566,0.9107336465486086,0.9473489061920644,2.9871669769532008,1.077455598642212,0.010160219,-0.0011591962905719,2,0.088263994,-0.038676088,0.426600442,0.115185505,-0.388020833,-0.385255648,0.000477475,True,0.0179623229323857,10225.0,0 days 00:47:00,0.073500967,0.044487427,0.050290135,0.059961315,False,False,False,0.0535307517084283,0.0250569476082005,0.5945066859414538,0.278279725334298,True,True,d1_high,2021-05-26 09:31:00-04:00,2021-05-26 10:18:00-04:00,0.504026905,False,,,,D2_continuation,5,6,6,A,GO,REDUCED_SIZE,True,pct_to_52wk_high,36.2,7.3500967
2/1/2021,1.0,SPCE,C,pos_news,news_day2,,,,-0.254753491502608,-0.254753491502608,-0.254753491502608,-0.254753491502608,-0.254753491502608,2,2,0.0,3.172056082822332,1.0,0.9486989177820342,-0.0481656566701062,2.0509662318699977,2.7828514914653786,1.3183300190769665,0.0649999999999996,1,0.3625054631936988,0.4424650975253263,0.7312111542940097,0.95657182312888,1.702857507124288,4.4628221367646,True,0.0789086602650653,18.0,0.8057188074219749,1.555683625409059,1.4322570788264866,0.7833591104579765,1.511618724533662,0.0649999999999996,1.3165478733429274,0.956841875045564,-0.1929631114675224,0.0650259652291714,False,,,,1280984.1800000002,78666.4,84921.65000000001,116533.0,142549.4,223492.35,2891194.75,1439576.3,2069937.1,3949659.4,0.061457785,0.066340944,0.091018337,0.111328034,0.174516129,2.257057382,1.2524076658154728,1.8930370602507325,3.896685807374502,1.0795161593768117,2.257010504220278,2.065167766275425,1.2489997884610076,2.4925084080598023,4.528252533162079,0.065025965,-0.0432048681541582,4,0.102759369,0.065025965,0.490363349,1.032313658,1.556639566,1.245121371,0.006716258,True,-0.0372538307448164,36600.0,0 days 04:56:00,0.213481026,0.140343439,0.267754929,0.242103032,False,False,False,0.1470921843687374,0.0779559118236472,1.1705206131078223,0.620352482321207,True,True,d1_high,2021-02-01 10:15:00-05:00,2021-02-01 17:21:00-05:00,1.365748354,False,,,,D2_continuation,6,6,7,A+,GO,FULL_SIZE,True,PERFECT,64.3,21.3481026
1/22/2021,0.0,PLTR,B,pos_news,news_day1,,,,-0.2244776119402985,-0.2244776119402985,-0.1683738796414852,-0.2244776119402985,-0.2244776119402985,36,36,0.0,0.918672695837212,,0.2233139005834588,-0.0875168237740597,1.1187264791472302,0.8175260432581227,0.7737252971469594,0.4927536231884059,0,0.2024055227584172,0.2325871116312425,0.263593792329424,0.3398609663413799,-0.8014439856911962,3.857151411519709,True,0.0638297872340425,29.0,-0.1433274796416964,,,-0.1644774885667325,,,,,,,,79.0,-0.2244776119402985,1.63756345177665,48056587.45,1006620.0,1777909.0,4337392.0,6682270.0,11113651.0,155837370.0,29926137.0,37937904.0,49366817.0,0.020946556,0.036996156,0.09025593,0.139050032,0.23126176,3.242860246,0.6872239408049327,0.8262609452791503,1.0368441128984582,1.7662166458047723,3.242788934235904,3.1809925548406826,0.7787245362719561,0.906522918032522,1.0660425375018523,-0.005003849,-0.003853564547206,4,0.068651992,-0.02892562,0.034,-0.098989195,1.59798995,1.721052632,0.001648136,True,0.0152724198065846,25000.0,0 days 06:23:00,0.263056093,0.260348162,0.285106383,0.333075435,False,False,True,0.2567359507313317,0.254041570438799,3.106474427640901,3.0738727469909963,True,True,prior_close,2021-01-22 09:31:00-05:00,2021-01-22 16:14:00-05:00,3.792288534,False,,,,D1_news_break,4,5,5,A,GO,REDUCED_SIZE,True,pct_from_50mav,48.4,26.3056093
1/7/2021,0.0,TSLA,B,upgrade,"ATH_breakout,news_day1",,,,-0.0232817829457364,-0.0232817829457364,-0.0232817829457364,-0.0232817829457364,-0.0232817829457364,0,0,4.0,0.891180755111096,0.4206349206349206,0.2543083946178724,0.0095466174848541,0.788590830519104,2.701538759585651,0.6483341812999084,0.2763012048192787,9,0.1231083251870901,0.1547920924749597,0.2145597406025442,0.4572073637809415,1.3606620175965314,7.199710526632552,True,0.0573689291310597,34.0,0.4927690932424752,0.615994713209489,6.52921182039693,0.4849503926385347,0.6317403881343383,,,,,,,,,,165312200.14285713,4736511.0,5720055.0,10950252.0,15967494.0,24191844.0,152149215.0,134095740.0,96456495.0,145911486.0,0.028651914,0.03460153,0.06623983,0.096589931,0.146340343,0.922055323,0.8085214486373254,0.5755357249164578,0.872772129019929,1.2076515815122144,0.920374992701796,1.713594944327414,1.169144604228954,0.6734006105359442,1.1788652803481676,0.02863846,-0.0017587930989996,4,0.050803096,0.065582161,0.203798693,0.196574568,0.791773781,1.123048521,0.007976602,True,0.0041936611199225,28375.0,0 days 06:26:00,0.050615331,0.049393542,0.073415377,0.100780448,True,True,True,0.0555426356589146,0.0543151162790698,1.2074631357207335,1.1807776105928396,True,False,ath,2021-01-07 09:34:00-05:00,2021-01-07 17:26:00-05:00,0.972254565,True,,,,D1_news_break,3,5,3,C,CAUTION,FULL_SIZE,False,"pct_from_9ema, range_contraction_atr, breakout_open_high_pct",51.2,5.0615331
12/30/2020,1.0,TSLA,B,upgrade,"ATH_breakout,news_day2",,,,-0.0417410011883451,-0.0417410011883451,-0.0417410011883451,-0.0417410011883451,-0.0417410011883451,6,6,8.0,0.7116563161476624,0.3095238095238095,0.1988278318933443,-0.0425330239666468,0.5908384318155634,2.335691999700764,0.41609977301353,0.7375923651519104,4,0.0536308382039357,0.0560817620137485,0.0915432731918221,0.3192462379239108,1.1139329663207629,4.8531685968319405,True,0.0413956765800642,29.0,0.5930223085314693,0.5653691787122724,6.805990679913447,0.5546076406203526,0.545459821653756,0.7375923651519104,0.4005293772496681,0.4289741950927001,0.143667963862765,0.0090240080145335,False,,,,164970449.04545453,3730599.0,4735419.0,6785508.0,8220315.0,12927579.0,126401133.0,68732433.0,96834675.0,68596704.0,0.022613741,0.02870465,0.041131657,0.049829015,0.078362998,0.77174409,0.4150057187384901,0.5642915634009931,0.3979010180313081,1.2693454858053626,0.766204697455679,0.8812596703624818,0.3996273490401539,0.5341979867356839,0.6173094787944235,0.009024008,-0.0042970804123454,4,0.053768006,0.012520906,0.06119243,0.183932347,0.499464142,0.414587938,-0.000940001,False,0.0114911229713538,28200.0,0 days 04:32:00,0.036607143,0.033898661,0.035342411,0.041651786,True,True,True,0.0023020140572641,-0.0003168344867863,0.0460611549404907,-0.0063395626713513,False,True,ath,2020-12-30 10:12:00-05:00,2020-12-30 14:44:00-05:00,0.630461561,False,,,,D2_continuation,4,6,4,C,CAUTION,REDUCED_SIZE,False,"pct_from_9ema, percent_of_premarket_vol, breakout_open_high_pct",30.5,3.6607143
12/7/2020,1.0,TSLA,B,upgrade,"ATH_breakout,news_day2",,,,-0.0144126357354392,-0.0144126357354392,-0.0144126357354392,-0.0144126357354392,-0.0144126357354392,4,4,8.0,1.3762387008961925,0.8492063492063492,0.5981293838216163,-0.0754036675861709,1.0894072201005514,1.436054455129094,0.4884527552721252,1.0,2,0.1190246252432699,0.1200733919751636,0.2738048134803255,0.4123749104701535,1.2512632209869043,5.388284207683941,True,0.0378783598708526,13.0,0.3336485049396542,0.8604048345169176,7.742580018857687,0.3317974700212855,0.8218674704241663,1.0,0.7192632443214393,0.3851433844795998,0.2284167454493487,0.009815204326923,False,,,,127969102.8,6682428.0,8925948.0,12256290.0,16988700.0,25314189.0,165972969.0,88203942.0,127654275.0,143325459.0,0.052219074,0.069750806,0.095775384,0.132756264,0.197814851,1.300830289,0.7183961221498499,1.040962862952329,1.183825957728487,1.3357342570694364,1.296976890268547,1.4150198495784128,0.4204992922489461,0.9419227944646816,1.4131259795325486,0.009815204,-0.0041328212085636,4,0.046274003,0.009815204,0.159183099,0.435977069,0.83192423,1.132146856,0.000189692,True,0.0215157708667072,27650.0,0 days 05:50:00,0.07251541,0.060901141,0.073613407,0.034029971,True,True,True,0.0674328726554787,0.055873642645607,1.1658410485502464,0.9659945300133056,True,True,ath,2020-12-07 09:30:00-05:00,2020-12-07 19:58:00-05:00,1.316098393,False,,,,D2_continuation,6,6,7,A+,GO,FULL_SIZE,True,PERFECT,49.3,7.2515410000000005
11/23/2020,1.0,TSLA,C,upgrade,"ATH_breakout,news_day2",,,,-0.0373593744378073,-0.0373593744378073,-0.0373593744378073,-0.0373593744378073,-0.0373593744378073,1,1,3.0,1.53835765681285,0.5079365079365079,0.2827962152744521,0.0025259966887145,1.5588342569699636,1.1346059208801893,0.6451335924860081,0.0409151785714292,0,0.1230991398275004,0.1702358421681706,0.2149094781977815,0.2230502568559486,0.9525545958729325,4.081895061835332,False,0.0222760468416055,4.0,0.103684541290985,0.5236647338225815,6.2079188450414895,0.1117879050210573,0.5106973332112413,0.0409151785714292,0.9782859966851328,0.5718959463045132,-0.3565924411622826,0.0283695243907445,False,,,,102989984.85714284,6715545.0,9756006.0,14811798.0,19751181.0,31976538.0,148797084.0,98528766.0,187426038.0,234124872.0,0.065205806,0.094727716,0.143817848,0.191777686,0.310482015,1.44615981,0.9794069237580908,1.8609414877841417,2.405144165937946,1.4527497023696514,1.4447723650643902,1.5484593367575354,0.5882187438453661,0.9453523547325616,2.27213726996199,0.028369524,-0.0029702976178807,4,0.042549986,0.028369524,0.195223615,0.198010897,0.244229898,0.635164653,0.000503807,True,-0.019968557795736,31275.0,0 days 05:58:00,0.044687199,0.036445092,0.057279455,0.073287006,True,True,True,0.0341883870845968,0.0260291110323343,0.7399159116004971,0.5633302726444599,True,True,ath,2020-11-23 09:30:00-05:00,2020-11-23 18:47:00-05:00,0.856524183,True,,,,D2_continuation,6,6,6,A,GO,FULL_SIZE,True,breakout_open_high_pct,57.6,4.4687199
11/18/2020,1.0,TSLA,C,upgrade,news_day2,,,,-0.1211570138396755,-0.1211570138396755,-0.0521358660656793,-0.1211570138396755,-0.1211570138396755,54,54,0.0,1.0516904256008404,0.0555555555555555,0.119932932365151,-0.0022181678921113,0.961631261576934,1.155020493940237,1.6536391854421006,0.2966481429739331,1,0.145329701074862,0.1606708294976783,0.1788400824437191,0.1722130434298636,0.8780385254312492,3.044083688270855,False,0.0004346684762587,1.0,-0.0099602237467498,0.3295166597933295,4.9855669998418914,0.0045603676271111,0.3444604795089722,0.2966481429739331,2.132099775106346,1.2110504181369932,-0.7753464781066624,0.0152625654452038,False,,,,97730932.69565216,5200272.0,5099157.0,9455028.0,13380402.0,19808955.0,231874134.0,183501468.0,80515905.0,59491053.0,0.053210093,0.052175466,0.096745501,0.136910614,0.202688693,2.376952277,2.027803886234614,0.9355126409287576,0.6800262902495032,0.9805558247722428,2.372576702220663,2.27213726996199,2.57784617969918,0.4546056018767663,0.5863319495936646,0.015262565,-0.0178315007626675,4,0.039697866,0.098654709,0.057678698,0.040665692,0.119850617,0.429359786,-0.012828683,False,0.0110746628536181,30625.0,0 days 05:18:00,0.106278354,0.085401807,0.09715624,0.097356976,False,False,True,0.0735928571428572,0.0533331168831169,1.4203427094131411,1.0293295664301614,True,True,d1_high,2020-11-18 10:13:00-05:00,2020-11-18 15:31:00-05:00,2.151294656,False,,,,D2_continuation,6,6,7,A+,GO,REDUCED_SIZE,True,PERFECT,48.1,10.6278354
11/17/2020,1.0,PLTR,A,pos_news,"ATH_breakout,IPO_high_breakout,news_day2",,,,-0.0662368112543961,-0.0662368112543961,-0.0662368112543961,-0.0662368112543961,-0.0662368112543961,2,2,2.0,1.967034957435248,,0.8112688389853017,-0.0503635864003151,1.6900910433298524,1.859789685414152,0.8562728373579627,0.8440366972477051,2,0.2498471553204082,0.2911444704586143,0.5166221790827468,-0.8703599223404079,-0.8859747237889718,,,,,0.696983976181741,,,0.717574769804061,,0.8440366972477051,1.873265688503316,0.7187941592086681,-0.019783325482808,0.0225988700564971,False,35.0,-0.0662368112543961,0.7352941176470589,41636349.45454545,2152380.0,4272896.0,6302678.0,9112376.0,19377219.0,116138607.0,68381528.0,78142028.0,100700648.0,0.051694734,0.102624175,0.151374414,0.218856267,0.465391881,2.791583617,1.7330935781962935,2.140647981461681,3.0355651213123087,1.985195922653063,2.789356140042703,1.8596325953838908,0.7908784659238156,1.0939197930142304,2.027876468980595,0.02259887,-0.0127272727272727,4,0.079909526,0.02259887,0.545540797,0.702194357,0.714736842,0.714736842,0.001805706,True,0.0240933227883854,31500.0,0 days 02:44:00,0.151012891,0.095764273,0.101903008,0.122160835,True,True,False,0.0990621336459555,0.0463071512309497,1.1144606688648149,0.5209609043805953,True,True,ath,2020-11-17 09:40:00-05:00,2020-11-17 12:24:00-05:00,1.198408721,False,,,,D2_continuation,6,6,7,A+,GO,FULL_SIZE,True,PERFECT,51.9,15.1012891
8/31/2020,1.0,TSLA,B,upgrade,"ATH_breakout,news_day2",,,,-0.0453269153630164,-0.0453269153630164,-0.0453269153630164,-0.0453269153630164,-0.0453269153630164,0,0,3.0,1.2908673804108557,0.7301587301587301,0.6641550799656114,-0.0589660622813293,1.2333796072477192,1.4734151789427588,1.1562409945332992,0.2036826551488976,0,0.1722003623377185,0.1935436943179677,0.3769891342171508,0.6254944004576525,1.9194315106755573,6.887695854301606,True,0.082345541695918,98.0,0.3850687926585061,1.7672093115996583,8.61194457676116,0.3471432576278603,1.6367229826236076,0.2036826551488976,1.43463721264142,0.9446038740630422,-0.5849286094448125,0.0043595825426945,False,,,,222469206.57142857,14925762.0,12394755.0,16549917.0,22042236.0,39414891.0,352017735.0,301217640.0,355395645.0,213590730.0,0.067091362,0.055714475,0.074391945,0.099079942,0.177170097,1.584043205,1.3955824507277743,1.6926758257839734,1.0792488471886628,0.8304269490562692,1.582321168961319,2.1483886701524737,1.0799625785057885,1.2986626556940493,1.262393326892575,0.004359583,-0.0271116033066965,4,0.051566416,0.004359583,0.211048735,0.49700303,1.521720858,1.920492256,-0.00296846,False,0.0223375714452349,52775.0,0 days 06:02:00,0.124896004,0.120802978,0.1650665,0.129394555,True,True,True,0.0785897286596017,0.0746651915686502,1.30420398265583,1.2390759183222706,True,True,ath,2020-08-31 09:49:00-04:00,2020-08-31 16:42:00-04:00,2.342667716,False,,,,D2_continuation,5,6,6,A,GO,REDUCED_SIZE,True,overnight_gap_d1_to_d2_pct,47.9,12.4896004
8/26/2020,1.0,TSLA,C,upgrade,"ATH_breakout,news_day2",,,,-0.0496289454271831,-0.0496289454271831,-0.0496289454271831,-0.0496289454271831,-0.0496289454271831,1,1,4.0,1.181180749179292,0.6746031746031746,0.5758299006708686,-0.0515087885502575,1.3124082080032495,1.451782919019366,0.5645570117179037,0.9230865464007804,1,0.1153422454750743,0.1331125542514903,0.2823865319929897,0.4840882512050814,1.6189227853691113,6.251931573722835,True,0.0765089096511333,95.0,0.2549360481309942,1.4833371814484566,8.251756522842957,0.2360535859038596,1.3560770411139536,0.9230865464007804,0.8068405963177315,0.5304980085158352,0.4287308448235145,0.0181185609236612,True,,,,199017423.91304347,6347505.0,8492775.0,11736360.0,16982715.0,38028300.0,211033200.0,159883395.0,300954315.0,321893385.0,0.031894217,0.042673525,0.05897152,0.085332805,0.191080254,1.060935952,0.8228794307139584,1.5187453267363655,1.64947818961083,1.3379705884438058,1.060375498037833,1.262393326892575,0.5672905932473185,1.943877624857092,0.9971346181924372,0.018118561,-0.0019331493692191,4,0.052482709,0.022738308,0.498846397,0.338009548,1.556431692,1.678383296,0.008150598,True,0.0204311597426088,49150.0,0 days 04:59:00,0.051456566,0.045228652,0.054975741,0.058475985,True,True,True,0.0173792901313504,0.0113532201393189,0.3274149767573275,0.2138875799840913,True,True,ath,2020-08-26 09:31:00-04:00,2020-08-26 17:36:00-04:00,0.861781963,False,,,,D2_continuation,5,6,5,B,GO,REDUCED_SIZE,False,"percent_of_premarket_vol, breakout_open_high_pct",39.9,5.145656600000001
8/17/2020,1.0,TSLA,A,upgrade,"ATH_breakout,news_day2",,,,-0.0803795564320691,-0.0803795564320691,-0.0803795564320691,-0.0803795564320691,-0.0803795564320691,24,24,2.0,0.9017462178389902,0.2142857142857142,0.2032736916099788,-0.0072100300017284,1.091494793190189,1.3373428925712532,0.4548669922958318,0.570910125951757,3,0.1599577511899735,0.2009981796270478,0.2152371927227155,0.4034233332220233,1.4024374439863103,6.327220349074157,False,0.0529187249365766,88.0,0.2869156587598688,1.755857653886746,6.339113234299571,0.2865494315580125,1.6405853626854805,0.570910125951757,0.9783497156777368,0.5027271019893972,-0.170282573505268,0.0159267878448629,False,,,,200438667.1428572,7097490.0,13632495.0,21212100.0,28148505.0,46748100.0,300050220.0,188664210.0,306379620.0,328463985.0,0.035409784,0.068013299,0.105828383,0.140434505,0.233228951,1.496980021,0.966127166508052,1.5887826001362584,1.7448671455914548,1.92074874356991,1.4969677471769829,2.327075925739012,0.6258885919316481,1.16739462354014,2.44403165544552,0.015926788,-0.0035650623885918,4,0.056148121,0.015926788,0.129292929,0.020694163,1.075470647,1.246906484,-8.88e-05,False,0.0037846052984473,52475.0,0 days 06:17:00,0.100691413,0.094597496,0.098389982,0.132372987,True,True,True,0.0283397121989537,0.0226463657179149,0.6065958944626225,0.4847329560916791,True,True,ath,2020-08-17 09:30:00-04:00,2020-08-17 15:47:00-04:00,1.684784714,False,,,,D2_continuation,5,6,6,A,GO,REDUCED_SIZE,True,percent_of_premarket_vol,44.1,10.0691413
8/12/2020,0.0,TSLA,C,split,news_day1,,,,-0.2343188541440341,-0.2343188541440341,-0.2343188541440341,-0.2343188541440341,-0.2343188541440341,21,21,0.0,0.5482775958126386,0.1269841269841269,0.1678790137021146,-0.1520649934837487,0.5868870451203142,1.299402097345141,0.6119028584704403,0.1707257206752676,0,0.0783760184854673,0.080784489731459,0.0596439637517638,0.2522046398788971,1.1201587698786517,3.704537321969201,False,0.0510677838886897,85.0,0.2685756579060082,1.702633584004155,4.710872322492987,0.2696225846725473,1.5984839716391148,,,,,,,,,,215061901.3043478,14117160.0,15533460.0,22109010.0,26940195.0,41162055.0,325471545.0,129387510.0,112833960.0,133446300.0,0.06564231,0.072227856,0.102803006,0.125267167,0.191396313,1.514807007,0.7028199187577173,0.5780692133820385,0.6099373025229669,1.1003247112025365,1.5133854161337692,2.44403165544552,0.6395157331898185,0.8267666117001948,0.942443077011072,0.069565407,-0.0046921655054742,4,0.065399461,0.036255185,-0.004395897,-0.018075428,0.82988425,1.070743355,0.005962318,True,0.0020776248833217,57250.0,0 days 04:09:00,0.078231633,0.057660204,0.069244898,0.095918367,False,False,True,0.1532392552332307,0.131236766856569,2.44403165544552,2.093111272745357,True,False,prior_close,2020-08-12 10:15:00-04:00,2020-08-12 14:24:00-04:00,0.881661762,False,,,,D1_news_break,1,5,1,F,NO-GO,AVOID,False,"pct_from_9ema, pct_from_50mav, range_contraction_atr, prior_day_close_vs_high_pct, breakout_open_high_pct",13.8,7.823163299999999
7/10/2020,1.0,TSLA,B,upgrade,"ATH_breakout,news_day2",,,,-0.0246379853095487,-0.0246379853095487,-0.0246379853095487,-0.0246379853095487,-0.0246379853095487,2,2,4.0,1.91957448454466,0.6825396825396826,0.600289011524922,-0.0124976331386212,1.3483079062246484,1.7019715307052534,0.8313639223066327,0.750700500170215,1,0.1827444941922387,0.2447642595309549,0.3897017048847754,0.6351577490730788,1.563407508623521,7.7862470535382515,True,0.0687655693980773,62.0,0.6641186173484579,0.8578738972666853,4.793226212405481,0.5613871003468163,0.663547936362446,0.750700500170215,0.8812302970032894,0.741285406070958,-0.0350774538133457,0.0012339702211894,False,,,,205221928.63636363,5545455.0,6885045.0,10541205.0,13122450.0,19294215.0,347000415.0,175763820.0,244604430.0,322337220.0,0.027021747,0.033549266,0.051364906,0.063942728,0.094016342,1.691910204,0.904514563281417,1.2263777294850573,1.6465631078395284,1.2415653900356238,1.6908544681638589,2.2376193143687515,0.8590255706559277,1.6409606915863937,1.5830370607320734,0.00123397,-0.0085924325660225,4,0.049415777,0.004418432,0.415850727,0.36188461,1.144557075,1.490412095,0.010435557,True,0.0068859494603336,78750.0,0 days 05:28:00,0.109537568,0.10648277,0.11245698,0.18839499,True,True,True,0.0835362014690451,0.0805529905561384,1.54538799008325,1.490199721576697,True,True,ath,2020-07-10 10:31:00-04:00,2020-07-10 16:06:00-04:00,2.154833465,False,,,,D2_continuation,4,6,5,B,CAUTION,REDUCED_SIZE,False,"percent_of_premarket_vol, overnight_gap_d1_to_d2_pct",44.0,10.9537568
7/6/2020,1.0,TSLA,B,upgrade,"ATH_breakout,news_day2",,,,-0.0157499935871361,-0.0157499935871361,-0.0157499935871361,-0.0157499935871361,-0.0157499935871361,0,0,2.0,1.5414042237865857,0.2301587301587301,0.2796110286846685,0.060449922875842,1.085336399969877,1.618114610856764,0.8131095218010476,0.5438497187533144,4,0.2257021012672454,0.2886542832290464,0.3451609312897053,0.539027638582391,1.3733501567088555,8.680042091062393,True,0.0404149374597551,58.0,0.4304712804434589,0.5123386615335389,4.139017604397554,0.3921070513084164,0.3400337053782502,0.5438497187533144,1.4833484944154,0.7626846543001654,-0.2306104553119752,0.0562863238157646,True,,,,190277844.0,11537805.0,14033040.0,20465250.0,30104340.0,49564965.0,305215785.0,258751725.0,199903440.0,253777515.0,0.06081872,0.07393236,0.107736663,0.158394637,0.260669419,1.609260062,1.4318665673608109,1.1459883668503437,1.4892652314276749,1.216266005535715,1.6040532023265934,3.042266441821249,2.1688956935500814,1.1661809417287583,1.770104764787464,0.056286324,-0.0104325078479246,4,0.043143757,0.056286324,0.283983526,0.343997916,1.340620901,1.099821628,0.002149382,True,0.0405932344609232,75925.0,0 days 06:14:00,0.079189122,0.074324983,0.125519458,0.10050909,True,True,True,0.1219787776959374,0.116921776497648,2.6943676222596973,2.58266441821248,True,False,ath,2020-07-06 09:44:00-04:00,2020-07-06 18:07:00-04:00,1.722728575,True,,,,D2_continuation,6,6,7,A+,GO,FULL_SIZE,True,PERFECT,75.7,7.9189122
6/30/2020,1.0,TSLA,A,pos_news,"ATH_breakout,news_day2",,,,-0.0176455903542693,-0.0176455903542693,-0.0176455903542693,-0.0176455903542693,-0.0176455903542693,13,13,16.0,1.1018841777043402,0.1111111111111111,0.201018831382907,-0.045613749793267,0.7944624901817872,1.3084011448760662,1.452710026864325,0.9894354169716518,1,0.0854459189183724,0.0889449100891773,0.1202754189810785,0.2593001261198295,0.922796024751996,4.721719515886387,True,0.0319791154850619,55.0,0.1994935987179336,0.2186588657179,3.4133746056940297,0.1753461381498844,0.0879050528927012,0.9894354169716518,0.7852051082987385,1.2961288078318334,0.8504560588742877,-0.002823599346114,False,,,,174447892.5,3424860.0,8920845.0,17462085.0,24036570.0,38334840.0,247630050.0,135396060.0,132823620.0,138818235.0,0.019632567,0.051137591,0.100099146,0.137786531,0.219749516,1.419507261,0.8064577668522999,0.7702867049951859,0.7948267696702427,2.6047327481999263,1.419507260599322,1.770104764787464,1.2905898705820424,0.8834392004887239,1.035544275265337,-0.002823599,-0.0084041809581092,4,0.041928186,-0.002823599,0.015743264,0.120699878,1.090082233,0.353512981,0.014375473,True,-0.024323025156225,88450.0,0 days 02:56:00,0.08066617,0.072836066,0.072836066,0.076005961,True,True,True,0.0585996522561741,0.0509294336972819,1.2693751609420232,1.1032242616996395,True,True,ath,2020-06-30 09:32:00-04:00,2020-06-30 12:28:00-04:00,1.737162347,False,,,,D2_continuation,2,6,3,F,NO-GO,REDUCED_SIZE,False,"pct_from_9ema, gap_pct, percent_of_premarket_vol, overnight_gap_d1_to_d2_pct",28.0,8.066616999999999
1/9/2020,0.0,BYND,C,partnership,news_day1,,,,-0.6600892745400693,-0.6600892745400693,-0.0769230769230768,-0.3657169546940682,-0.5270764408845551,114,114,0.0,1.4123246268808494,0.119047619047619,0.1272634279241697,0.0010514614183561,1.7047859096745837,0.701565794813317,2.273301839434,0.0450070323488055,0,0.1228720795933377,0.1544524615286381,0.1693861975292683,0.1530432763993193,56.32094457173724,3.260484661445469,False,-0.0310086490812274,2.0,0.010148082676176,-0.6165416860259141,,-0.0223755968804753,-0.6631591259267904,,,,,,,175.0,-0.6600892745400693,0.1427641765590289,4903439.0,355287.0,482215.0,681259.0,803275.0,1523188.0,16819971.0,18235633.0,12172435.0,2328628.0,0.072456698,0.098342204,0.138934939,0.163818699,0.310636678,3.443038243,4.248162046462563,3.4459684339113017,0.750677805294133,1.3572548390456167,3.430239674644673,2.4590522219310764,2.2163687089886053,3.442993200530569,0.7696448409744252,0.018409426,-0.0179881656804733,4,0.038384994,0.112481566,0.086125654,0.111587408,-0.368445087,-0.453395692,0.00150233,True,-0.0012928248222366,30925.0,0 days 05:51:00,0.089411906,0.087611473,0.130151844,0.106573873,False,False,True,0.1094673539518899,0.1076337751595483,2.4237264778098018,2.3831290457196626,True,True,prior_close,2020-01-09 10:09:00-05:00,2020-01-09 17:34:00-05:00,2.282440711,True,,,,D1_news_break,2,5,2,F,NO-GO,AVOID,False,"pct_from_9ema, pct_from_50mav, prior_day_close_vs_high_pct, breakout_open_high_pct",30.2,8.9411906
1/7/2019,1.0,ROKU,B,earnings_prelim,news_day2,,,,-0.5651613402261213,-0.5651613402261213,-0.222273460917685,-0.491780801277705,-0.5651613402261213,65,65,0.0,1.02249325227979,0.746031746031746,0.4326381935090825,-0.1470207082499617,1.3374837549592578,0.6455811274016787,1.3395699530060408,0.8943093953384873,1,0.2804205415918265,0.3662227025652437,0.3192547346450183,0.0509174132467429,-0.0703117310955638,0.6740155732701995,False,-0.0604618230820182,0.0,-0.1474190065105176,-0.3446513944399443,-0.2709619879907134,-0.1735405511549926,-0.3229522864311056,0.8943093953384873,1.8278346894328923,1.163732036177335,0.9872010653448492,0.0919063148532464,False,320.0,-0.5651613402261213,0.2825046292599646,11259459.315789474,1211220.0,1802623.0,2760007.0,3811393.0,5948021.0,42123556.0,15505498.0,14989436.0,11890333.0,0.107573549,0.16009854,0.245127845,0.338505864,0.528268794,3.741170406,1.7144093228055213,1.7669997504004205,1.4758871647221012,1.488270504119813,3.7411704077947054,2.993970444078643,1.5675609265753785,1.2372123510546162,1.4396496449267466,0.091906315,-0.0096800215111588,4,0.079572953,0.06,0.355539198,-0.009946237,-0.428992248,-0.463979042,0.006688037,True,0.018728557013118,183850.0,0 days 02:57:00,0.166983437,0.145262015,0.151235406,0.194135216,False,False,True,0.2600410436822045,0.2365875109938434,2.8709749015110875,2.612036917158341,True,False,d1_high,2019-01-07 09:32:00-05:00,2019-01-07 12:29:00-05:00,1.825519973,False,,,,D2_continuation,5,6,6,A,GO,FULL_SIZE,True,pct_to_52wk_high,65.4,16.698343700000002
9/4/2018,1.0,AMD,B,upgrade,"ATH_breakout,news_day2",,,,-0.0780219780219779,-0.0780219780219779,-0.0780219780219779,-0.0780219780219779,-0.0780219780219779,4,4,5.0,1.558192571800912,1.0,0.4606827937289913,-0.0449236033138032,1.6892511640833323,2.3518063703255017,0.4670787402221694,0.8653846153846215,1,0.1402240118495581,0.1654228855721392,0.2864105438985889,0.4954832256897531,1.0662964337825864,6.803422906339689,True,0.0489194965566372,87.0,0.4874468223424174,1.4909705746901387,0.7369032810426744,0.4826588585446623,1.4156838904985845,0.8653846153846215,0.6496147293928145,0.3798591181841896,0.2045395251761031,0.0178784266984505,True,,,,105335940.42857143,4184265.0,8656930.0,12705826.0,15709375.0,28085428.0,191377916.0,65206352.0,103607291.0,143223187.0,0.039723052,0.08218401,0.120621945,0.149135945,0.266627211,1.816947134,0.6457629734007977,1.0321819921176942,1.4640762315242823,2.068924888839497,1.8168339810833496,2.1476650143490725,0.431407407407407,0.7396226415094339,1.156683387429919,0.017878427,-0.0019477989871445,4,0.044231333,0.002,0.282282282,0.318579516,0.634971283,1.210526316,-0.000103505,False,0.0018289737041894,105125.0,0 days 05:57:00,0.097189696,0.095238095,0.116315379,0.147931304,True,True,True,0.0296703296703296,0.0278388278388277,0.591703626402295,0.5551787111922762,True,True,ath,2018-09-04 09:30:00-04:00,2018-09-04 18:22:00-04:00,2.15318166,False,,,,D2_continuation,6,6,7,A+,GO,FULL_SIZE,True,PERFECT,50.0,9.718969600000001
9/4/2018,1.0,CGC,B,upgrade,"ATH_breakout,news_day2",,,,-0.0512554471882133,-0.0512554471882133,-0.0512554471882133,-0.0512554471882133,-0.0512554471882133,4,4,3.0,1.4341552048340411,,0.892285229063298,-0.1144590799407923,1.3381751078530526,3.2374957646385494,0.7109747818609148,0.6901408450704216,1,0.176068903724477,0.1827215574934091,0.4184987500844534,0.669508129977862,428.7643411373225,5.194889080062618,True,0.0425178976776671,13.0,0.8426998046542232,,,0.8379118408564681,,0.6901408450704216,1.1350579827617648,0.525688577996531,0.3109707081106229,0.029090113735783,False,,,,1359418.857142857,75235.2,100426.0,154015.2,203242.2,404631.9,2323132.6,1412755.9,1519585.7,1413021.6,0.055343649,0.073874214,0.113294883,0.14950668,0.297650645,1.708930686,1.0777244946435351,1.2208888168689471,1.2007878118382025,1.334827314873889,1.7089159737585349,1.6703569464227794,0.5709624796084831,0.8812534064128843,0.9014519815846238,0.029090114,-0.0054956668780385,4,0.065526834,0.005,0.44083384,0.84313725,0.64912281,0.64912281,-0.000103505,False,0.0018289737041894,105125.0,0 days 06:24:00,0.115579171,0.11370882,0.155579171,0.183634431,True,True,True,0.0891886283461299,0.0873625233450924,1.0607556376662397,1.0390370485283549,True,True,ath,2018-09-04 09:31:00-04:00,2018-09-04 19:07:00-04:00,1.735301602,False,,,,D2_continuation,6,6,7,A+,GO,FULL_SIZE,True,PERFECT,56.8,11.5579171
12/15/2017,1.0,ROKU,B,upgrade,"ATH_breakout,IPO_high_breakout,news_day2",,,,-0.109073359073359,-0.109073359073359,-0.109073359073359,-0.109073359073359,-0.109073359073359,12,12,0.0,0.7383373686024146,,0.3028975517380322,-0.0671381753006179,0.7354453309549485,1.2917902416997922,0.6119697419790273,0.1799307958477494,1,0.1458891289517461,0.1773693534100975,0.2197611864970583,0.6647463273510583,-0.4590758916422294,5.135397373876985,True,0.0800168209738242,6.0,1.2990786932590497,,,1.3059560098021634,,0.1799307958477494,0.6122198661884345,0.6990324809951626,-0.3241188666205951,0.0288190682556879,False,56.0,-0.109073359073359,1.514986376021798,11386333.818181818,153518.0,206377.0,350330.0,519682.0,1456757.0,16222680.0,6940500.0,6714964.0,6346643.0,0.013482654,0.018124974,0.030767586,0.045640854,0.127939074,1.424750078,0.6570213571132307,0.5923253888826676,0.4585088149015612,1.3443179301449992,1.4247500783874307,1.69799585348998,0.7243828204261081,1.0611894121691297,0.5147549148231039,0.028819068,0.0016877637130801,4,0.102328401,-0.01,0.0733882,0.27063599,1.252277818,1.252277818,0.003993219,True,0.0005649504726753,139000.0,0 days 06:17:00,0.119839933,0.101727043,0.129949452,0.148904802,True,True,True,0.0264478764478765,0.0098455598455599,0.3313752591568774,0.1233586731167946,True,True,ath,2017-12-15 09:41:00-05:00,2017-12-15 17:04:00-05:00,0.994123254,False,,,,D2_continuation,5,6,6,A,GO,REDUCED_SIZE,True,percent_of_premarket_vol,35.0,11.9839933
2/12/2024,1.0,SMCI,C,upgrade,"ATH_breakout,news_day2",1000.0,1040000.0,48000.0,-0.0065488412040205,-0.0065488412040205,-0.0065488412040205,-0.0065488412040205,-0.0065488412040205,0,0,4.0,1.5639993181136536,1.0,1.050795414321444,-0.0484733797516,1.2104434983449468,5.009168559643108,0.594793141954521,0.8654646706916989,5,0.2175171966187641,0.25668096593774,0.5234011340875112,1.0855196960599638,1.8379715335688669,8.937612278395909,True,0.1200000946433629,40.0,1.457643394468752,1.3898796294176234,7.277903078846977,1.447367712173322,1.3530050870251258,0.8654646706916989,0.9838771494422348,0.7689472632235616,0.6410543721192227,0.0284348025773683,True,,,,120745915.5,6489960.0,9378630.0,14435850.0,18186790.0,28437150.0,166754200.0,108347920.0,94137370.0,123329790.0,0.0537488988602682,0.0776724410193403,0.1195555968930477,0.1506203329917192,0.2355123142861093,1.3810338785331415,0.9549912573653628,0.8548351205227469,1.1409992950457122,1.445098274873805,1.3810338785331415,1.4777744801729835,1.0441913122675637,1.0260662216385334,0.7629819854140236,0.028434803,-0.0024893873486714,3,0.082378834,0.028434803,0.535981601,1.333180105,1.590737401,1.610099763,-0.000379113,True,0.0175616688661049,179.0,0 days 02:05:00,0.063913626,0.015328237,0.021856201,-0.014894791,True,True,False,0.0870002818148879,0.0373606022786747,1.3743239068944848,0.5901770409986505,True,True,ath,2024-02-12 09:33:00-05:00,2024-02-12 11:38:00-05:00,0.186070089,False,,,,D2_continuation,6,6,6,A,GO,FULL_SIZE,True,breakout_open_high_pct,60.6,6.3913626
3/4/2024,0.0,SMCI,A,pos_news,"ATH_breakout,news_day1",500.0,460000.0,26000.0,-0.1599357993078943,-0.1599357993078943,-0.1599357993078943,-0.1599357993078943,-0.1599357993078943,9,9,0.0,0.7621300571585151,0.7857142857142857,0.5399108153799661,-0.1071684801073971,0.5301017134279743,2.627303552335213,0.5048113056666969,0.5321739130434789,2,0.2865869623477906,0.3204225352112679,0.4028567264247197,1.080484300719505,2.42066721224581,4.843058372611925,True,0.1184869855704544,54.0,1.8310898913887048,2.424988523956365,7.915655595190826,1.828412930338976,2.3859546385908508,,,,,,,,,,163484474.0,15432420.0,12422110.0,20781520.0,28515470.0,43587860.0,199758160.0,108816030.0,88428580.0,60324740.0,0.0943968538565931,0.0759834233555414,0.1271161688418192,0.1744231076034779,0.2666177339873877,1.2218784763622264,0.6822398066616583,0.5497162949333655,0.3713676025036175,0.8049359724527975,1.2218784763622264,2.0146010827108256,0.5484081224009463,0.6723441878762275,0.3614313881713966,0.147457702,-0.0286905552075833,4,0.100635196,0.147457702,0.319247813,0.566292304,2.951171281,3.113385328,0.000527313,False,0.0135575801893318,169.25,0 days 02:21:00,0.111645813,0.034013474,0.040587103,-0.003849856,True,True,False,0.07155779453923,-0.0032749775019251,0.622740387582101,-0.0285008889947474,False,True,ath,2024-03-04 09:40:00-05:00,2024-03-04 12:01:00-05:00,0.337987859,False,,,,D1_news_break,4,5,5,A,GO,REDUCED_SIZE,True,range_contraction_atr,50.5,11.1645813
3/25/2024,0.0,SMCI,A,upgrade,news_day1,,,,-0.2085109845402766,-0.2085109845402766,-0.2085109845402766,-0.2085109845402766,-0.2085109845402766,10,10,0.0,0.9804849385510288,0.6587301587301587,0.4774216980312174,-0.2258607427214505,0.8905707492341733,1.2479733319116115,0.4444402408605923,0.6673634700810043,2,0.0648271976630244,0.0369376536330136,0.0489098178483043,0.3703529878253011,1.666565745129991,3.0066447451756284,True,0.0897243424637107,69.0,0.3476759758059285,2.47357669230276,7.207146361847849,0.3622094048140106,2.4768225671336097,,,,,,,,,,95936790.47619048,1539820.0,2506220.0,4748730.0,7175340.0,13028800.0,68036870.0,50691050.0,85630130.0,76456740.0,0.0160503597457969,0.0261236590004748,0.0494985289421219,0.074792370730609,0.1358060858126526,0.7091843458832964,0.5213787069808479,0.8203483836009513,0.6778832009222158,1.6276058240573574,0.7091843458832964,1.0965881438758962,0.392332031613271,0.8698067511838254,0.5088879060702467,1.03e-05,-0.0013007986513582,3,0.088521408,1.03e-05,-0.099488993,0.110014378,2.304963816,2.350036161,-5.77e-05,True,0.0162812463440315,159.75,0 days 02:26:00,0.102790953,0.072002056,0.092675405,0.117450527,False,False,False,0.1028023932397146,0.07201307646442,1.0370608510269497,0.7264611261443777,True,True,prior_close,2024-03-25 09:30:00-04:00,2024-03-25 11:56:00-04:00,0.813385794,False,,,,D1_news_break,4,5,5,A,GO,REDUCED_SIZE,True,pct_from_9ema,46.9,10.2790953
6/12/2024,1.0,AAPL,A,pos_news,"ATH_breakout,news_day2",,,,-4.827186715577768e-05,-4.827186715577768e-05,-4.827186715577768e-05,-4.827186715577768e-05,-4.827186715577768e-05,0,0,20.0,1.4393923160984812,0.5634920634920635,0.0902313328069054,0.0302606548286457,1.426742520891063,3.0915029608085005,3.9641897403794006,0.9992609016999268,1,0.1030172646555798,0.1163498098859319,0.1369973356465705,0.212597800803552,0.2091450240964138,8.385169832045126,True,0.0148405313972764,28.0,0.1412288388742421,0.0109756264588359,-0.1106808048685267,0.1124461048485242,-0.0007836260743678,0.9992609016999268,3.21368271403183,2.938666848697905,2.932150957680836,0.0010620323437122,False,,,,65516926.27272727,6989659.0,9075113.0,15680534.0,19732242.0,35226274.0,188950376.0,172116296.0,97262077.0,53085712.0,0.1066847820501247,0.1385155488250934,0.2393356174055945,0.3011777737841456,0.5376667680251606,2.883993293785737,2.938909336346489,1.8160363826661288,1.0361930052302364,1.2983627670534428,2.883993293785737,2.8887116842337086,3.6595923732426665,1.738153555379836,0.9989628115706408,0.001062032,-0.0019732409279044,4,0.016476252,0.073788318,0.091478499,0.113216663,0.19867052,0.12067661,-0.000498495,True,0.00426431256663,121.5,0 days 05:44:00,0.061870087,0.0274871,0.034045426,0.035540339,True,True,False,0.0629465147711913,0.0285286734890905,2.83224062875245,1.2836305303624986,True,True,ath,2024-06-12 09:30:00-04:00,2024-06-12 15:14:00-04:00,1.668286003,True,,,,D2_continuation,4,6,4,C,CAUTION,FULL_SIZE,False,"atr_pct, overnight_gap_d1_to_d2_pct, breakout_open_high_pct",56.6,6.1870087
6/11/2024,1.0,AAPL,B,pos_news,"ATH_breakout,news_day2",,,,-0.0325618675483418,-0.0325618675483418,-0.0211860111505322,-0.0211860111505322,-0.0211860111505322,121,121,26.0,0.8662713619292514,0.1428571428571428,0.0597808771115324,-0.0200029179401424,1.0946726443484671,2.8695214521901367,1.927866019167112,0.1883495145631063,0,0.0554593367661071,0.0625115401185815,0.0767935296747166,0.1463734512392845,0.1386180652561807,6.894578195487278,True,0.0131828289936664,27.0,0.0867875711555789,-0.0620140149701932,-0.178813529517382,0.0622051082456354,-0.0674919365860004,0.1883495145631063,1.8984822858091204,1.3423718463105243,-0.9852748697191804,0.0027444076222038,False,,,,59203004.047619045,2906306.0,5470855.0,9861182.0,12614404.0,20763094.0,160265159.0,97262077.0,53085712.0,41162753.0,0.0490905157052901,0.0924084020398627,0.1665655680591529,0.2130703365973421,0.3507101427370057,2.7070443734762706,1.8160363826661288,1.0361930052302364,0.8067228341035629,1.882408459398288,2.7070443734762706,3.6595923732426665,1.738153555379836,0.9989628115706408,0.8568269036293025,0.002744408,-0.00067086386624,4,0.013832578,0.002744408,0.019264172,0.039564097,0.131595863,0.034731499,0.005392552,False,0.0137587766611782,121.45,0 days 06:30:00,0.06976504,0.0697134,0.073534728,0.070849471,True,True,True,0.0377717663560765,0.0377216711752329,1.96533664488958,1.962730097615192,True,True,ath,2024-06-11 09:30:00-04:00,2024-06-11 16:32:00-04:00,5.039798217,False,,,,D2_continuation,3,6,4,C,NO-GO,REDUCED_SIZE,False,"pct_from_9ema, atr_pct, overnight_gap_d1_to_d2_pct",45.9,6.976504
6/3/2024,0.0,NVAX,B,pos_news,"52wk_breakout,news_day1",,,,-0.1362068965517241,-0.9493939393939396,-0.1362068965517241,-0.1362068965517241,-0.1362068965517241,6,827,0.0,0.9599830837225208,0.8968253968253969,1.5245714998916964,-0.2771525521368843,0.4627132952255954,4.949963716716564,0.6152846480857401,0.6945606694560669,0,0.1947542200601439,0.1812469792170126,0.4707239283493469,1.4078817733990163,1.883548983364141,5.690873438797844,True,0.1621557454890789,15.0,2.8079996899851616,2.4404942213608343,0.6966659771633555,2.7992767012398843,2.463868456797268,,,,,,,,,,30483080.95,224850.0,411596.0,1594092.0,2672390.0,4773944.0,27916321.0,15742321.0,10145110.0,9993751.0,0.0073762229076782,0.01350244093355,0.0522943203350972,0.087667975700468,0.1566096290539162,0.9157972268547876,0.5376080165139488,0.353740512654614,0.3513322417962409,1.830535912830776,0.9157972268547876,1.8372215627003057,0.5975875038844976,0.3990291291264259,0.3384370222021233,-0.001996008,-0.0066225165562913,4,0.129220925,-0.001996008,0.014198783,2.151260504,1.692998205,2.989361702,-0.002306151,True,-0.0039097914777879,129.0,0 days 06:10:00,0.222,0.214666667,0.248666667,0.198,True,False,True,0.0534482758620689,0.0471264367816092,0.4938196685870764,0.4354108905821536,True,True,52wk_high,2024-06-03 09:33:00-04:00,2024-06-03 16:39:00-04:00,1.66123766,False,,,,D1_news_break,5,5,6,A+,GO,FULL_SIZE,True,PERFECT,57.7,22.2
6/18/2025,0.0,CRCL,A,pos_news,"ATH_breakout,IPO_high_breakout,news_day1",2000.0,,,-0.0993357487922704,-0.0993357487922704,-0.0993357487922704,-0.0993357487922704,-0.0993357487922704,1,1,,,,,,,,0.7196593774963975,0.2690282431785547,0,0.4518600001482624,0.5828993294936139,1.0657248030929325,1.0579419760750184,0.8020304910017347,,,,,,,,,,,,,,,,10.0,-0.0993357487922704,1.33046875,39202352.1,1625922.0,1445501.0,2742800.0,3716251.0,6875805.0,62569643.0,31234204.0,43781546.0,34013580.0,0.041475113,0.036872813,0.06996519,0.094796633,0.175392665,1.596068594,1.0742939672015386,1.3918643663672208,0.992340700495456,0.8890346523387961,1.596068594057651,1.843810113350754,0.8034412807540319,1.2027258407279795,1.089377437858931,0.027287965,-0.0209584664536741,4,0.194620325,0.014298954,0.840922744,0.840922744,0.840922744,0.840922744,-0.001671011,True,-0.0063688971664228,112.65,0 days 06:14:00,0.311186529,0.302636731,0.409737632,0.51089936,True,True,True,0.2131642512077295,0.2052536231884058,1.2303685633512595,1.1847089934365245,True,True,ath,2025-06-18 09:46:00-04:00,2025-06-18 18:23:00-04:00,1.555010922,,,,,D1_news_break,3,5,4,B,CAUTION,REDUCED_SIZE,False,"range_contraction_atr, prior_day_close_vs_high_pct",32.8,31.1186529
6/17/2025,,CRWV,A,ATH_break,IPO_high_breakout,,,,-0.0487907339614714,-0.0487907339614714,-0.0487907339614714,-0.0487907339614714,-0.0487907339614714,8,8,1.0,1.051038216829698,,0.7808980623676136,-0.1144364616897428,0.5878685788047706,1.6901662272554685,0.7765044791829195,1.0,1,0.1547271732367475,0.1450770436145207,0.3187507284409674,1.107826287615289,0.739370184945691,5.014617632166642,True,0.1460820922010987,6.0,2.01011454390984,,,1.9804947748921893,,,,,,,,56.0,-0.0487907339614714,3.729225719826943,34448121.05,720470.0,1541443.0,2317864.0,3106763.0,5249353.0,31958260.0,19757072.0,16515242.0,15249046.0,0.020914639,0.044746795,0.067285644,0.090186719,0.152384305,0.927721427,0.5718162104595973,0.4624462513689409,0.4155378963518632,2.139496439824004,0.9277214264782084,1.065205978552101,0.8454150466027615,0.6562704231690392,0.6788079470198682,-0.009589905,-0.0020343293070567,4,0.122038455,0.066512671,0.305990017,0.812911422,2.9245,2.9245,-0.004465104,True,-0.0006632619221332,103.95,0 days 03:39:00,0.117212384,0.095235062,0.096509109,0.104153395,True,True,True,0.0525115525415591,0.0318069975394587,0.4760241221823744,0.2883346111504674,True,True,ipo_high,2025-06-17 09:30:00-04:00,2025-06-17 13:09:00-04:00,0.780369286,False,,,,D2_continuation,3,6,4,C,NO-GO,REDUCED_SIZE,False,"gap_pct, percent_of_premarket_vol, overnight_gap_d1_to_d2_pct",32.0,11.7212384
4/24/2026,0.0,NVDA,A,pos_news,news_day1,,,,-0.0591446623991057,-0.0591446623991057,-0.0205515407522973,-0.0205515407522973,-0.0205515407522973,120,120,8.0,0.853721601606627,1.0,0.2719006153900505,-0.0578153053723621,0.8068141594176136,1.2275077974719923,1.3907217786251782,0.3661097996489301,0,0.0571597887494907,0.0562974758020501,0.1197931872833538,0.1401149681232625,0.1536977530649294,4.908114306732849,True,0.0104735076072468,11.0,0.0256686338458409,0.0754344777333751,0.620558191453215,0.0011992102081482,0.0621044902851018,,,,,,,,,,152820435.28701565,5856110.475418,9759733.997076,13433610.543637,16287084.859685002,22708828.857515,194931254.403488,113561830.951896,107501042.016078,107894969.864327,0.0383202054386214,0.0638640635903569,0.0879045431221748,0.1065766160729476,0.1485981165729898,1.2755575132172805,0.7605818081350458,0.7083566970341516,0.7016668577385768,1.6665898018905403,1.2755575132172805,2.1412227986001064,1.4306461888650452,0.7634777189155506,0.824823252160252,0.0016028851933481,-0.0090688339362703,4,0.0238017289711617,0.0004002401440865,0.1272337786797453,0.0918423064322377,0.1424980002285452,-0.0144413228843214,0.004488216672529,False,-0.0023798124313514,38.97,0 days 03:08:00,0.0549609921984395,0.0415583116623324,0.0463092618523704,0.0484346869373874,False,False,True,0.0566519735523943,0.0432278100581047,2.1412227986001064,1.633841976296991,True,False,prior_close,2026-04-24 09:32:00-04:00,2026-04-24 12:40:00-04:00,1.7460207076840777,False,,,,D1_news_break,2,5,2,F,NO-GO,REDUCED_SIZE,False,"pct_from_9ema, pct_from_50mav, range_contraction_atr, breakout_open_high_pct",32.7,5.49609921984395
4/27/2026,1.0,NVDA,B,ATH_break,"ATH_breakout,news_day2",,,,-0.0184735465731403,-0.0184735465731403,-0.0127044323299359,-0.0127044323299359,-0.0127044323299359,121,121,9.0,1.117342474574345,1.0,0.2766259058391911,-0.0287672228657488,0.8698299544296251,1.4314635948373748,2.0754382970925054,0.7594254937163392,1,0.0683226068936913,0.0710739637516857,0.1361760660247597,0.1681210826932229,0.184128176925926,5.5426383535854,True,0.0094306168254075,12.0,0.0653320135607556,0.1427769270128137,0.6509409982312265,0.0256747175722283,0.1080709188139327,0.7594254937163392,1.42834049775048,1.978600263373565,1.4759576470946456,0.006602007010131,False,,,,150079246.23559326,9235530.586932998,9571581.054758,14272502.872015,17952018.928526,27942774.938615005,170746706.78846297,213264320.040753,113561830.951896,107501042.016078,0.0615376930427484,0.0637768465316823,0.0950997771511334,0.1196169315799005,0.1861868022361376,1.1377103168577092,1.4154890217859508,0.7605818081350458,0.7083566970341517,1.0363866985942818,1.1377103168577092,1.677547530301915,2.1412227986001064,1.4306461888650452,0.7634777189155506,,-0.0116213285559379,4,0.0257720311445071,0.035283950617284,0.180167755010133,0.1630790568654647,0.1892052867434342,0.0353350782754703,0.0028043804422507,False,0.0073653911276668,39.72,0 days 03:25:00,,,,,True,True,True,0.0218441122786711,0.0208308689527636,0.8232504560828378,0.7850638262241961,True,True,ath,2026-04-27 12:33:00-04:00,2026-04-27 16:18:00-04:00,,False,,,,D2_continuation,3,6,3,F,NO-GO,REDUCED_SIZE,False,"pct_from_9ema, gap_pct, overnight_gap_d1_to_d2_pct, breakout_open_high_pct",48.1,
