date,ticker,release_type,2m_delayed_return,2m_quick_return,2m_delayed_exit_time,2m_quick_exit_time,2m_delayed_potential_npl,2m_quick_potential_npl,ism_number,expectations,pct_beat_miss,prices_paid,prices_paid_expectations,pp_pct_beat_miss
1/7/2025,QQQ,Services,0.550027692,0.57676515,2025-01-07 10:20:00-05:00,2025-01-07 10:12:00-05:00,60503.04616,63444.16646,54.1,53.5,0.011214953,64.4,57.5,0.12
1/7/2025,SPY,Services,0.467853909,0.503068719,2025-01-07 10:20:00-05:00,2025-01-07 10:12:00-05:00,51463.92997,55337.55911,54.1,53.5,0.011214953,64.4,57.5,0.12
1/7/2025,IWM,Services,1.129468043,1.142755902,2025-01-07 10:18:00-05:00,2025-01-07 10:10:00-05:00,124241.4847,125703.1492,54.1,53.5,0.011214953,64.4,57.5,0.12
1/7/2025,TNA,Services,3.276481149,3.366247756,2025-01-07 10:18:00-05:00,2025-01-07 10:10:00-05:00,189800,195000,54.1,53.5,0.011214953,64.4,57.5,0.12
1/7/2025,SPXL,Services,1.393826533,1.467185825,2025-01-07 10:20:00-05:00,2025-01-07 10:12:00-05:00,153320.9187,161390.4407,54.1,53.5,0.011214953,64.4,57.5,0.12
1/7/2025,TQQQ,Services,1.60566706,1.676505313,2025-01-07 10:20:00-05:00,2025-01-07 10:12:00-05:00,176623.3766,184415.5844,54.1,53.5,0.011214953,64.4,57.5,0.12
1/7/2025,SOXL,Services,1.827040195,2.070645554,2025-01-07 10:12:00-05:00,2025-01-07 10:12:00-05:00,78000,88400,54.1,53.5,0.011214953,64.4,57.5,0.12
12/4/2024,QQQ,Services,-0.1,-0.1,2024-12-04 10:02:00-05:00,2024-12-04 10:02:00-05:00,-2748.520028,-2114.246175,52.1,55.7,-0.064631957,58.2,57,0.021052632
12/4/2024,SPY,Services,0.009902951,0.031359345,2024-12-04 10:10:00-05:00,2024-12-04 10:06:00-05:00,1089.324619,3449.527959,52.1,55.7,-0.064631957,58.2,57,0.021052632
12/4/2024,IWM,Services,0.012425447,-0.1,2024-12-04 10:10:00-05:00,2024-12-04 10:04:00-05:00,1366.799205,-1366.799205,52.1,55.7,-0.064631957,58.2,57,0.021052632
12/4/2024,TNA,Services,0.07213706,0.018034265,2024-12-04 10:10:00-05:00,2024-12-04 10:04:00-05:00,7935.076646,1983.769161,52.1,55.7,-0.064631957,58.2,57,0.021052632
12/4/2024,SPXL,Services,-0.1,0.053316272,2024-12-04 10:10:00-05:00,2024-12-04 10:06:00-05:00,-1172.957987,5864.789934,52.1,55.7,-0.064631957,58.2,57,0.021052632
12/4/2024,TQQQ,Services,-0.1,-0.1,2024-12-04 10:02:00-05:00,2024-12-04 10:02:00-05:00,-9075.907591,-7779.349364,52.1,55.7,-0.064631957,58.2,57,0.021052632
12/4/2024,SOXL,Services,-0.1,-0.1,2024-12-04 10:02:00-05:00,2024-12-04 10:02:00-05:00,-24700,-5200,52.1,55.7,-0.064631957,58.2,57,0.021052632
12/2/2024,QQQ,Manufacturing,0.075922753,0.073976016,2024-12-02 10:08:00-05:00,2024-12-02 10:08:00-05:00,8351.502881,8137.361782,48.4,47.5,0.018947368,50.3,55,-0.085454545
12/2/2024,SPY,Manufacturing,-0.1,-0.1,2024-12-02 10:18:00-05:00,2024-12-02 10:02:00-05:00,-4195.20122,-5654.401645,48.4,47.5,0.018947368,50.3,55,-0.085454545
12/2/2024,IWM,Manufacturing,-0.1,-0.1,2024-12-02 10:02:00-05:00,2024-12-02 10:02:00-05:00,-10523.25098,-8693.120373,48.4,47.5,0.018947368,50.3,55,-0.085454545
12/2/2024,TNA,Manufacturing,1.058587333,-0.1,2024-12-02 10:24:00-05:00,2024-12-02 10:02:00-05:00,75400,-18200,48.4,47.5,0.018947368,50.3,55,-0.085454545
12/2/2024,SPXL,Manufacturing,0.124506036,0.124506036,2024-12-02 10:18:00-05:00,2024-12-02 10:02:00-05:00,13695.66394,13695.66394,48.4,47.5,0.018947368,50.3,55,-0.085454545
12/2/2024,TQQQ,Manufacturing,0.17129573,0.208001958,2024-12-02 10:18:00-05:00,2024-12-02 10:08:00-05:00,18842.53028,22880.21534,48.4,47.5,0.018947368,50.3,55,-0.085454545
12/2/2024,SOXL,Manufacturing,-0.1,-0.1,2024-12-02 10:16:00-05:00,2024-12-02 10:02:00-05:00,-6500,-6500,48.4,47.5,0.018947368,50.3,55,-0.085454545
11/5/2024,QQQ,Services,-0.1,0.034631682,2024-11-05 10:10:00-05:00,2024-11-05 10:02:00-05:00,-11652.54237,3809.485007,56,53.8,0.040892193,58.1,58,0.001724138
11/5/2024,SPY,Services,-0.1,-0.1,2024-11-05 10:18:00-05:00,2024-11-05 10:08:00-05:00,-958.1714604,-6323.931639,56,53.8,0.040892193,58.1,58,0.001724138
11/5/2024,IWM,Services,-0.1,-0.1,2024-11-05 10:02:00-05:00,2024-11-05 10:02:00-05:00,-16387.52201,-5959.098912,56,53.8,0.040892193,58.1,58,0.001724138
11/5/2024,TNA,Services,-0.1,-0.1,2024-11-05 10:02:00-05:00,2024-11-05 10:02:00-05:00,-24700,-9100,56,53.8,0.040892193,58.1,58,0.001724138
11/5/2024,SPXL,Services,-0.1,-0.1,2024-11-05 10:22:00-05:00,2024-11-05 10:08:00-05:00,-29269.80198,-20420.79208,56,53.8,0.040892193,58.1,58,0.001724138
11/5/2024,TQQQ,Services,-0.1,0.082895828,2024-11-05 10:10:00-05:00,2024-11-05 10:02:00-05:00,-34954.40729,9118.541033,56,53.8,0.040892193,58.1,58,0.001724138
11/5/2024,SOXL,Services,-0.1,-0.1,2024-11-05 10:06:00-05:00,2024-11-05 10:04:00-05:00,-23400,-1300,56,53.8,0.040892193,58.1,58,0.001724138
11/1/2024,QQQ,Manufacturing,-0.1,0.065588555,2024-11-01 10:06:00-04:00,2024-11-01 10:06:00-04:00,-7665.662342,7214.741028,46.5,47.6,-0.023109244,54.8,50,0.096
11/1/2024,SPY,Manufacturing,-0.1,0,2024-11-01 10:06:00-04:00,2024-11-01 10:06:00-04:00,-12475.35463,0,46.5,47.6,-0.023109244,54.8,50,0.096
11/1/2024,IWM,Manufacturing,0.08168081,0.176975087,2024-11-01 10:06:00-04:00,2024-11-01 10:06:00-04:00,8984.88905,19467.25961,46.5,47.6,-0.023109244,54.8,50,0.096
11/1/2024,TNA,Manufacturing,0.208285119,0.46285582,2024-11-01 10:06:00-04:00,2024-11-01 10:06:00-04:00,11700,26000,46.5,47.6,-0.023109244,54.8,50,0.096
11/1/2024,SPXL,Manufacturing,-0.1,0.024840092,2024-11-01 10:06:00-04:00,2024-11-01 10:06:00-04:00,-32105.81879,2732.41011,46.5,47.6,-0.023109244,54.8,50,0.096
11/1/2024,TQQQ,Manufacturing,-0.1,0.210881485,2024-11-01 10:06:00-04:00,2024-11-01 10:06:00-04:00,-20104.03487,23196.96331,46.5,47.6,-0.023109244,54.8,50,0.096
11/1/2024,SOXL,Manufacturing,-0.1,0.383264133,2024-11-01 10:06:00-04:00,2024-11-01 10:06:00-04:00,-6500,15600,46.5,47.6,-0.023109244,54.8,50,0.096
10/3/2024,QQQ,Services,-0.1,0.364834891,2024-10-03 10:12:00-04:00,2024-10-03 10:08:00-04:00,-10260.98132,40131.83806,54.9,51.7,0.061895551,59.4,56,0.060714286
10/3/2024,SPY,Services,0.008805762,0.26065057,2024-10-03 10:12:00-04:00,2024-10-03 10:08:00-04:00,968.633874,28671.56267,54.9,51.7,0.061895551,59.4,56,0.060714286
10/3/2024,IWM,Services,0.125011575,0.425965367,2024-10-03 10:12:00-04:00,2024-10-03 10:10:00-04:00,13751.27327,46856.19039,54.9,51.7,0.061895551,59.4,56,0.060714286
10/3/2024,TNA,Services,0.362844702,1.282051282,2024-10-03 10:12:00-04:00,2024-10-03 10:12:00-04:00,19500,68900,54.9,51.7,0.061895551,59.4,56,0.060714286
10/3/2024,SPXL,Services,-0.1,0.679929489,2024-10-03 10:12:00-04:00,2024-10-03 10:12:00-04:00,-20083.10249,74792.24377,54.9,51.7,0.061895551,59.4,56,0.060714286
10/3/2024,TQQQ,Services,-0.1,1.07326846,2024-10-03 10:12:00-04:00,2024-10-03 10:08:00-04:00,-33056.66857,118059.5306,54.9,51.7,0.061895551,59.4,56,0.060714286
10/3/2024,SOXL,Services,1.738642737,1.99102636,2024-10-03 10:10:00-04:00,2024-10-03 10:08:00-04:00,80600,92300,54.9,51.7,0.061895551,59.4,56,0.060714286
10/1/2024,QQQ,Manufacturing,-0.1,-0.1,2024-10-01 10:06:00-04:00,2024-10-01 10:06:00-04:00,-26432.44811,-12076.89439,47.2,47.5,-0.006315789,48.3,53.5,-0.097196262
10/1/2024,SPY,Manufacturing,0.221246708,0.003511853,2024-10-01 10:20:00-04:00,2024-10-01 10:04:00-04:00,24337.13784,386.3037752,47.2,47.5,-0.006315789,48.3,53.5,-0.097196262
10/1/2024,IWM,Manufacturing,-0.1,-0.1,2024-10-01 10:06:00-04:00,2024-10-01 10:04:00-04:00,-37814.54829,-4537.745795,47.2,47.5,-0.006315789,48.3,53.5,-0.097196262
10/1/2024,TNA,Manufacturing,-0.1,-0.1,2024-10-01 10:06:00-04:00,2024-10-01 10:04:00-04:00,-49400,-1300,47.2,47.5,-0.006315789,48.3,53.5,-0.097196262
10/1/2024,SPXL,Manufacturing,-0.1,-0.1,2024-10-01 10:06:00-04:00,2024-10-01 10:06:00-04:00,-58861.42655,-10698.95012,47.2,47.5,-0.006315789,48.3,53.5,-0.097196262
10/1/2024,TQQQ,Manufacturing,-0.1,-0.1,2024-10-01 10:06:00-04:00,2024-10-01 10:06:00-04:00,-81621.00457,-36101.59817,47.2,47.5,-0.006315789,48.3,53.5,-0.097196262
10/1/2024,SOXL,Manufacturing,-0.1,-0.1,2024-10-01 10:06:00-04:00,2024-10-01 10:06:00-04:00,-54600,-14300,47.2,47.5,-0.006315789,48.3,53.5,-0.097196262
9/5/2024,QQQ,Services,0.252929223,0.302650352,2024-09-05 10:08:00-04:00,2024-09-05 10:04:00-04:00,27822.21454,33291.53876,51.5,51.3,0.003898635,57.3,56,0.023214286
9/5/2024,SPY,Services,0.166675725,0.16305234,2024-09-05 10:08:00-04:00,2024-09-05 10:04:00-04:00,18334.32976,17935.75738,51.5,51.3,0.003898635,57.3,56,0.023214286
9/5/2024,IWM,Services,0.603147677,0.650268589,2024-09-05 10:08:00-04:00,2024-09-05 10:06:00-04:00,66346.24446,71529.54481,51.5,51.3,0.003898635,57.3,56,0.023214286
9/5/2024,TNA,Services,1.771703366,1.923563655,2024-09-05 10:08:00-04:00,2024-09-05 10:06:00-04:00,91000,98800,51.5,51.3,0.003898635,57.3,56,0.023214286
9/5/2024,SPXL,Services,0.38945067,0.478272752,2024-09-05 10:08:00-04:00,2024-09-05 10:04:00-04:00,42839.57365,52610.00273,51.5,51.3,0.003898635,57.3,56,0.023214286
9/5/2024,TQQQ,Services,0.446001911,0.589359669,2024-09-05 10:08:00-04:00,2024-09-05 10:04:00-04:00,49060.21026,64829.56356,51.5,51.3,0.003898635,57.3,56,0.023214286
9/5/2024,SOXL,Services,0.676902757,1.568433218,2024-09-05 10:10:00-04:00,2024-09-05 10:04:00-04:00,26650,61750,51.5,51.3,0.003898635,57.3,56,0.023214286
9/3/2024,QQQ,Manufacturing,0.322991925,0.1359966,2024-09-03 10:18:00-04:00,2024-09-03 10:08:00-04:00,35529.11177,14959.62601,47.2,47.5,-0.006315789,54,52,0.038461538
9/3/2024,SPY,Manufacturing,0.280798397,0.279009873,2024-09-03 10:08:00-04:00,2024-09-03 10:08:00-04:00,30887.82372,30691.08599,47.2,47.5,-0.006315789,54,52,0.038461538
9/3/2024,IWM,Manufacturing,0.642054575,0.678743407,2024-09-03 10:06:00-04:00,2024-09-03 10:06:00-04:00,70626.00321,74661.77482,47.2,47.5,-0.006315789,54,52,0.038461538
9/3/2024,TNA,Manufacturing,1.955307263,2.025139665,2024-09-03 10:06:00-04:00,2024-09-03 10:06:00-04:00,109200,113100,47.2,47.5,-0.006315789,54,52,0.038461538
9/3/2024,SPXL,Manufacturing,0.826771654,0.859580052,2024-09-03 10:08:00-04:00,2024-09-03 10:08:00-04:00,90944.88189,94553.80577,47.2,47.5,-0.006315789,54,52,0.038461538
9/3/2024,TQQQ,Manufacturing,0.967644391,-0.1,2024-09-03 10:18:00-04:00,2024-09-03 10:02:00-04:00,106440.883,-28273.35954,47.2,47.5,-0.006315789,54,52,0.038461538
9/3/2024,SOXL,Manufacturing,4.951937081,-0.1,2024-09-03 11:02:00-04:00,2024-09-03 10:02:00-04:00,221000,-22100,47.2,47.5,-0.006315789,54,52,0.038461538
8/5/2024,QQQ,Services,0.862347991,0.927081888,2024-08-05 10:04:00-04:00,2024-08-05 10:04:00-04:00,94858.279,101979.0077,51.4,51,0.007843137,57,55.1,0.034482759
8/5/2024,SPY,Services,0.685104318,0.774381368,2024-08-05 10:04:00-04:00,2024-08-05 10:04:00-04:00,75361.47501,85181.95051,51.4,51,0.007843137,57,55.1,0.034482759
8/5/2024,IWM,Services,0.901899531,1.466216557,2024-08-05 10:06:00-04:00,2024-08-05 10:06:00-04:00,99208.94846,161283.8212,51.4,51,0.007843137,57,55.1,0.034482759
8/5/2024,TNA,Services,2.786190188,4.603270745,2024-08-05 10:06:00-04:00,2024-08-05 10:06:00-04:00,119600,197600,51.4,51,0.007843137,57,55.1,0.034482759
8/5/2024,SPXL,Services,2.197076072,2.486165028,2024-08-05 10:04:00-04:00,2024-08-05 10:04:00-04:00,241678.3679,273478.1531,51.4,51,0.007843137,57,55.1,0.034482759
8/5/2024,TQQQ,Services,2.806950544,2.959709757,2024-08-05 10:04:00-04:00,2024-08-05 10:04:00-04:00,191100,201500,51.4,51,0.007843137,57,55.1,0.034482759
8/5/2024,SOXL,Services,0.673904905,4.342942718,2024-08-05 10:06:00-04:00,2024-08-05 10:04:00-04:00,23400,150800,51.4,51,0.007843137,57,55.1,0.034482759
8/1/2024,QQQ,Manufacturing,0.185411487,-0.1,2024-08-01 10:12:00-04:00,2024-08-01 10:02:00-04:00,20395.26358,-4171.758459,46.8,48.8,-0.040983607,52.9,51.8,0.021235521
8/1/2024,SPY,Manufacturing,0.227440929,-0.1,2024-08-01 10:12:00-04:00,2024-08-01 10:02:00-04:00,25018.50214,-1389.916786,46.8,48.8,-0.040983607,52.9,51.8,0.021235521
8/1/2024,IWM,Manufacturing,0.301258993,-0.1,2024-08-01 10:12:00-04:00,2024-08-01 10:02:00-04:00,33138.48921,-11870.5036,46.8,48.8,-0.040983607,52.9,51.8,0.021235521
8/1/2024,TNA,Manufacturing,0.827147402,-0.1,2024-08-01 10:12:00-04:00,2024-08-01 10:02:00-04:00,50700,-24700,46.8,48.8,-0.040983607,52.9,51.8,0.021235521
8/1/2024,SPXL,Manufacturing,0.647078244,-0.1,2024-08-01 10:12:00-04:00,2024-08-01 10:02:00-04:00,71178.6068,-1452.624629,46.8,48.8,-0.040983607,52.9,51.8,0.021235521
8/1/2024,TQQQ,Manufacturing,0.572737686,-0.1,2024-08-01 10:12:00-04:00,2024-08-01 10:02:00-04:00,63001.14548,-11025.20046,46.8,48.8,-0.040983607,52.9,51.8,0.021235521
8/1/2024,SOXL,Manufacturing,1.269095182,-0.1,2024-08-01 10:12:00-04:00,2024-08-01 10:02:00-04:00,70200,-15600,46.8,48.8,-0.040983607,52.9,51.8,0.021235521
7/3/2024,QQQ,Services,-0.1,0.012302897,2024-07-03 10:14:00-04:00,2024-07-03 10:06:00-04:00,-2706.637413,1353.318707,48.8,52.7,-0.074003795,56.3,56.7,-0.007054674
7/3/2024,SPY,Services,0.045489283,-0.1,2024-07-03 10:30:00-04:00,2024-07-03 10:04:00-04:00,5003.8211,-3002.29266,48.8,52.7,-0.074003795,56.3,56.7,-0.007054674
7/3/2024,IWM,Services,0.405619311,0.029679462,2024-07-03 10:18:00-04:00,2024-07-03 10:02:00-04:00,44618.12426,3264.740799,48.8,52.7,-0.074003795,56.3,56.7,-0.007054674
7/3/2024,TNA,Services,1.185552798,0.055141991,2024-07-03 10:18:00-04:00,2024-07-03 10:02:00-04:00,55900,2600,48.8,52.7,-0.074003795,56.3,56.7,-0.007054674
7/3/2024,SPXL,Services,0.159765677,-0.1,2024-07-03 10:30:00-04:00,2024-07-03 10:06:00-04:00,17574.22447,-6590.334177,48.8,52.7,-0.074003795,56.3,56.7,-0.007054674
7/3/2024,TQQQ,Services,-0.1,0.025759918,2024-07-03 10:14:00-04:00,2024-07-03 10:04:00-04:00,-8500.772798,2833.590933,48.8,52.7,-0.074003795,56.3,56.7,-0.007054674
7/3/2024,SOXL,Services,-0.1,-0.1,2024-07-03 10:04:00-04:00,2024-07-03 10:04:00-04:00,-22622.10797,-24507.28363,48.8,52.7,-0.074003795,56.3,56.7,-0.007054674
7/1/2024,QQQ,Manufacturing,-0.1,0.123399983,2024-07-01 10:10:00-04:00,2024-07-01 10:10:00-04:00,-19555.76006,13573.99816,48.5,49.1,-0.012219959,52.1,55.9,-0.067978533
7/1/2024,SPY,Manufacturing,0.018356371,0.034877104,2024-07-01 10:02:00-04:00,2024-07-01 10:02:00-04:00,2019.200764,3836.481451,48.5,49.1,-0.012219959,52.1,55.9,-0.067978533
7/1/2024,IWM,Manufacturing,-0.1,0.024622052,2024-07-01 10:02:00-04:00,2024-07-01 10:02:00-04:00,-28709.31206,2708.425666,48.5,49.1,-0.012219959,52.1,55.9,-0.067978533
7/1/2024,TNA,Manufacturing,-0.1,0.054347826,2024-07-01 10:02:00-04:00,2024-07-01 10:02:00-04:00,-36400,2600,48.5,49.1,-0.012219959,52.1,55.9,-0.067978533
7/1/2024,SPXL,Manufacturing,0.034129693,0.075085324,2024-07-01 10:02:00-04:00,2024-07-01 10:02:00-04:00,3754.266212,8259.385666,48.5,49.1,-0.012219959,52.1,55.9,-0.067978533
7/1/2024,TQQQ,Manufacturing,-0.1,0.395850396,2024-07-01 10:10:00-04:00,2024-07-01 10:10:00-04:00,-55555.55556,43543.54354,48.5,49.1,-0.012219959,52.1,55.9,-0.067978533
7/1/2024,SOXL,Manufacturing,1.225952471,0.905318748,2024-07-01 10:08:00-04:00,2024-07-01 10:02:00-04:00,84500,62400,48.5,49.1,-0.012219959,52.1,55.9,-0.067978533
6/5/2024,QQQ,Services,0.113485083,-0.1,2024-06-05 10:12:00-04:00,2024-06-05 10:02:00-04:00,12483.35916,-240.0645992,53.8,51,0.054901961,58.1,59,-0.015254237
6/5/2024,SPY,Services,0.137712464,0.135825992,2024-06-05 10:12:00-04:00,2024-06-05 10:12:00-04:00,15148.37103,14940.8591,53.8,51,0.054901961,58.1,59,-0.015254237
6/5/2024,IWM,Services,0.019754062,-0.1,2024-06-05 10:16:00-04:00,2024-06-05 10:02:00-04:00,2172.946812,-8148.550546,53.8,51,0.054901961,58.1,59,-0.015254237
6/5/2024,TNA,Services,0.081477458,-0.1,2024-06-05 10:16:00-04:00,2024-06-05 10:02:00-04:00,3900,-10400,53.8,51,0.054901961,58.1,59,-0.015254237
6/5/2024,SPXL,Services,0.325588279,0.332988012,2024-06-05 10:12:00-04:00,2024-06-05 10:12:00-04:00,35814.71067,36628.68137,53.8,51,0.054901961,58.1,59,-0.015254237
6/5/2024,TQQQ,Services,0.291455745,-0.1,2024-06-05 10:12:00-04:00,2024-06-05 10:02:00-04:00,32060.13192,-6749.501457,53.8,51,0.054901961,58.1,59,-0.015254237
6/5/2024,SOXL,Services,-0.1,-0.1,2024-06-05 10:12:00-04:00,2024-06-05 10:02:00-04:00,-1300,-2600,53.8,51,0.054901961,58.1,59,-0.015254237
6/3/2024,QQQ,Manufacturing,-0.1,-0.1,2024-06-03 10:02:00-04:00,2024-06-03 10:02:00-04:00,-6060.205386,-2424.082154,48.7,49.5,-0.016161616,57,59,-0.033898305
6/3/2024,SPY,Manufacturing,-0.1,-0.1,2024-06-03 10:08:00-04:00,2024-06-03 10:02:00-04:00,-7292.771632,-2292.013942,48.7,49.5,-0.016161616,57,59,-0.033898305
6/3/2024,IWM,Manufacturing,0.009718645,0.102045775,2024-06-03 10:08:00-04:00,2024-06-03 10:06:00-04:00,1069.050974,11225.03523,48.7,49.5,-0.016161616,57,59,-0.033898305
6/3/2024,TNA,Manufacturing,0.025846472,0.284311192,2024-06-03 10:08:00-04:00,2024-06-03 10:06:00-04:00,1300,14300,48.7,49.5,-0.016161616,57,59,-0.033898305
6/3/2024,SPXL,Manufacturing,-0.1,-0.1,2024-06-03 10:02:00-04:00,2024-06-03 10:02:00-04:00,-4935.686509,-1645.228836,48.7,49.5,-0.016161616,57,59,-0.033898305
6/3/2024,TQQQ,Manufacturing,-0.1,-0.1,2024-06-03 10:02:00-04:00,2024-06-03 10:02:00-04:00,-13882.31582,-8676.447389,48.7,49.5,-0.016161616,57,59,-0.033898305
6/3/2024,SOXL,Manufacturing,-0.1,-0.1,2024-06-03 10:08:00-04:00,2024-06-03 10:02:00-04:00,-39000,-1300,48.7,49.5,-0.016161616,57,59,-0.033898305
5/3/2024,QQQ,Services,0.314624288,0.192908323,2024-05-03 10:16:00-04:00,2024-05-03 10:06:00-04:00,34608.67169,21219.91549,49.4,52,-0.05,59.2,55,0.076363636
5/3/2024,SPY,Services,0.301022303,0.203287789,2024-05-03 10:16:00-04:00,2024-05-03 10:06:00-04:00,33112.45333,22361.6568,49.4,52,-0.05,59.2,55,0.076363636
5/3/2024,IWM,Services,0.554900805,0.427224514,2024-05-03 10:16:00-04:00,2024-05-03 10:06:00-04:00,61039.08859,46994.69652,49.4,52,-0.05,59.2,55,0.076363636
5/3/2024,TNA,Services,1.737299289,1.184522243,2024-05-03 10:14:00-04:00,2024-05-03 10:06:00-04:00,85800,58500,49.4,52,-0.05,59.2,55,0.076363636
5/3/2024,SPXL,Services,1.054510058,0.786826736,2024-05-03 10:16:00-04:00,2024-05-03 10:06:00-04:00,115996.1064,86550.94095,49.4,52,-0.05,59.2,55,0.076363636
5/3/2024,TQQQ,Services,0.951877314,0.581702803,2024-05-03 10:16:00-04:00,2024-05-03 10:06:00-04:00,104706.5045,63987.3083,49.4,52,-0.05,59.2,55,0.076363636
5/3/2024,SOXL,Services,1.220752798,0.712105799,2024-05-03 10:16:00-04:00,2024-05-03 10:06:00-04:00,62400,36400,49.4,52,-0.05,59.2,55,0.076363636
5/1/2024,QQQ,Manufacturing,0.023668079,0.056803389,2024-05-01 10:06:00-04:00,2024-05-01 10:06:00-04:00,2603.488675,6248.37282,49.2,50,-0.016,60.9,55.4,0.099277978
5/1/2024,SPY,Manufacturing,-0.1,0.001996686,2024-05-01 10:06:00-04:00,2024-05-01 10:06:00-04:00,-2635.624863,219.6354052,49.2,50,-0.016,60.9,55.4,0.099277978
5/1/2024,IWM,Manufacturing,-0.1,0.02040504,2024-05-01 10:04:00-04:00,2024-05-01 10:04:00-04:00,-561.1386012,2244.554405,49.2,50,-0.016,60.9,55.4,0.099277978
5/1/2024,TNA,Manufacturing,0.088105727,0.146842878,2024-05-01 10:04:00-04:00,2024-05-01 10:04:00-04:00,3900,6500,49.2,50,-0.016,60.9,55.4,0.099277978
5/1/2024,SPXL,Manufacturing,-0.1,0.043200276,2024-05-01 10:06:00-04:00,2024-05-01 10:06:00-04:00,-4752.030413,4752.030413,49.2,50,-0.016,60.9,55.4,0.099277978
5/1/2024,TQQQ,Manufacturing,0.115429011,0.211619854,2024-05-01 10:06:00-04:00,2024-05-01 10:06:00-04:00,7800,14300,49.2,50,-0.016,60.9,55.4,0.099277978
5/1/2024,SOXL,Manufacturing,1.175482788,0.419815281,2024-05-01 10:26:00-04:00,2024-05-01 10:06:00-04:00,54600,19500,49.2,50,-0.016,60.9,55.4,0.099277978
4/3/2024,QQQ,Services,0.322910745,0.463899943,2024-04-03 10:08:00-04:00,2024-04-03 10:08:00-04:00,35520.18192,51028.99375,51.4,52.8,-0.026515152,53.4,58.4,-0.085616438
4/3/2024,SPY,Services,0.378049957,0.260391552,2024-04-03 10:36:00-04:00,2024-04-03 10:06:00-04:00,41585.49523,28643.07069,51.4,52.8,-0.026515152,53.4,58.4,-0.085616438
4/3/2024,IWM,Services,0.622671112,0.622671112,2024-04-03 10:04:00-04:00,2024-04-03 10:04:00-04:00,68493.82232,68493.82232,51.4,52.8,-0.026515152,53.4,58.4,-0.085616438
4/3/2024,TNA,Services,1.843317972,1.817716334,2024-04-03 10:04:00-04:00,2024-04-03 10:04:00-04:00,93600,92300,51.4,52.8,-0.026515152,53.4,58.4,-0.085616438
4/3/2024,SPXL,Services,0.629316961,0.928626247,2024-04-03 10:08:00-04:00,2024-04-03 10:08:00-04:00,69224.86569,102148.8872,51.4,52.8,-0.026515152,53.4,58.4,-0.085616438
4/3/2024,TQQQ,Services,0.971361581,1.390051918,2024-04-03 10:08:00-04:00,2024-04-03 10:08:00-04:00,106849.7739,152905.7109,51.4,52.8,-0.026515152,53.4,58.4,-0.085616438
4/3/2024,SOXL,Services,1.944134078,2.793296089,2024-04-03 10:08:00-04:00,2024-04-03 10:08:00-04:00,113100,162500,51.4,52.8,-0.026515152,53.4,58.4,-0.085616438
4/1/2024,QQQ,Manufacturing,-0.1,-0.1,2024-04-01 10:04:00-04:00,2024-04-01 10:02:00-04:00,-14764.10979,-8612.397378,50.3,48.3,0.041407867,55.8,53,0.052830189
4/1/2024,SPY,Manufacturing,0.066782423,0.076322769,2024-04-01 10:08:00-04:00,2024-04-01 10:08:00-04:00,7346.066515,8395.504589,50.3,48.3,0.041407867,55.8,53,0.052830189
4/1/2024,IWM,Manufacturing,0.571428571,0.414285714,2024-04-01 10:20:00-04:00,2024-04-01 10:12:00-04:00,62857.14286,45571.42857,50.3,48.3,0.041407867,55.8,53,0.052830189
4/1/2024,TNA,Manufacturing,1.663932505,1.171783454,2024-04-01 10:22:00-04:00,2024-04-01 10:12:00-04:00,92300,65000,50.3,48.3,0.041407867,55.8,53,0.052830189
4/1/2024,SPXL,Manufacturing,0.170737139,0.23012397,2024-04-01 10:08:00-04:00,2024-04-01 10:08:00-04:00,18781.08529,25313.6367,50.3,48.3,0.041407867,55.8,53,0.052830189
4/1/2024,TQQQ,Manufacturing,-0.1,-0.1,2024-04-01 10:04:00-04:00,2024-04-01 10:02:00-04:00,-40305.8786,-26286.44257,50.3,48.3,0.041407867,55.8,53,0.052830189
4/1/2024,SOXL,Manufacturing,-0.1,-0.1,2024-04-01 10:04:00-04:00,2024-04-01 10:02:00-04:00,-61100,-31200,50.3,48.3,0.041407867,55.8,53,0.052830189
3/5/2024,QQQ,Services,0.100314623,0.129953035,2024-03-05 10:04:00-05:00,2024-03-05 10:04:00-05:00,11034.60854,14294.8338,52.6,53,-0.00754717,58.6,62,-0.05483871
3/5/2024,SPY,Services,0.10986855,0.107906612,2024-03-05 10:04:00-05:00,2024-03-05 10:04:00-05:00,12085.54051,11869.72729,52.6,53,-0.00754717,58.6,62,-0.05483871
3/5/2024,IWM,Services,0.185411076,0.239082703,2024-03-05 10:06:00-05:00,2024-03-05 10:04:00-05:00,20395.21835,26299.09734,52.6,53,-0.00754717,58.6,62,-0.05483871
3/5/2024,TNA,Services,0.524868783,0.674831292,2024-03-05 10:06:00-05:00,2024-03-05 10:04:00-05:00,27300,35100,52.6,53,-0.00754717,58.6,62,-0.05483871
3/5/2024,SPXL,Services,0.064195153,0.28887819,2024-03-05 10:06:00-05:00,2024-03-05 10:04:00-05:00,7061.466859,31776.60087,52.6,53,-0.00754717,58.6,62,-0.05483871
3/5/2024,TQQQ,Services,0.232712766,0.315824468,2024-03-05 10:04:00-05:00,2024-03-05 10:04:00-05:00,25598.40426,34740.69149,52.6,53,-0.00754717,58.6,62,-0.05483871
3/5/2024,SOXL,Services,0.724487684,0.76588698,2024-03-05 10:04:00-05:00,2024-03-05 10:04:00-05:00,45500,48100,52.6,53,-0.00754717,58.6,62,-0.05483871
3/1/2024,QQQ,Manufacturing,0.213234127,-0.1,2024-03-01 10:18:00-05:00,2024-03-01 10:02:00-05:00,23455.75392,-499.058594,47.8,49.5,-0.034343434,52.5,53,-0.009433962
3/1/2024,SPY,Manufacturing,0.144376676,-0.1,2024-03-01 10:18:00-05:00,2024-03-01 10:04:00-05:00,15881.43434,-108.0369683,47.8,49.5,-0.034343434,52.5,53,-0.009433962
3/1/2024,IWM,Manufacturing,0.888082037,0.888082037,2024-03-01 10:28:00-05:00,2024-03-01 10:28:00-05:00,97689.02409,97689.02409,47.8,49.5,-0.034343434,52.5,53,-0.009433962
3/1/2024,TNA,Manufacturing,2.614876872,2.640264026,2024-03-01 10:28:00-05:00,2024-03-01 10:28:00-05:00,133900,135200,47.8,49.5,-0.034343434,52.5,53,-0.009433962
3/1/2024,SPXL,Manufacturing,0.394302728,-0.1,2024-03-01 10:18:00-05:00,2024-03-01 10:02:00-05:00,43373.30007,-2655.508168,47.8,49.5,-0.034343434,52.5,53,-0.009433962
3/1/2024,TQQQ,Manufacturing,0.62152437,-0.1,2024-03-01 10:18:00-05:00,2024-03-01 10:02:00-05:00,68367.68073,-1799.149493,47.8,49.5,-0.034343434,52.5,53,-0.009433962
3/1/2024,SOXL,Manufacturing,1.305021013,-0.1,2024-03-01 10:30:00-05:00,2024-03-01 10:02:00-05:00,76700,-10400,47.8,49.5,-0.034343434,52.5,53,-0.009433962
2/5/2024,QQQ,Services,0.461915316,0.167969206,2024-02-05 10:22:00-05:00,2024-02-05 10:06:00-05:00,50810.68471,18476.61262,53.4,52,0.026923077,64,56.7,0.128747795
2/5/2024,SPY,Services,0.437787551,0.145929184,2024-02-05 10:22:00-05:00,2024-02-05 10:06:00-05:00,48156.63066,16052.21022,53.4,52,0.026923077,64,56.7,0.128747795
2/5/2024,IWM,Services,0.683466374,0.64172797,2024-02-05 10:22:00-05:00,2024-02-05 10:18:00-05:00,75181.30119,70590.07669,53.4,52,0.026923077,64,56.7,0.128747795
2/5/2024,TNA,Services,2.058472554,1.939140811,2024-02-05 10:22:00-05:00,2024-02-05 10:18:00-05:00,89700,84500,53.4,52,0.026923077,64,56.7,0.128747795
2/5/2024,SPXL,Services,1.354066568,0.480475234,2024-02-05 10:22:00-05:00,2024-02-05 10:06:00-05:00,148947.3224,52852.27571,53.4,52,0.026923077,64,56.7,0.128747795
2/5/2024,TQQQ,Services,1.350640239,0.438519558,2024-02-05 10:22:00-05:00,2024-02-05 10:06:00-05:00,148570.4262,48237.15138,53.4,52,0.026923077,64,56.7,0.128747795
2/5/2024,SOXL,Services,3.197259492,1.027690551,2024-02-05 10:22:00-05:00,2024-02-05 10:06:00-05:00,145600,46800,53.4,52,0.026923077,64,56.7,0.128747795
2/1/2024,QQQ,Manufacturing,-0.1,-0.1,2024-02-01 10:04:00-05:00,2024-02-01 10:04:00-05:00,-7880.97342,-1838.893798,49.1,47.2,0.040254237,52.9,46.9,0.12793177
2/1/2024,SPY,Manufacturing,-0.1,0.016494505,2024-02-01 10:04:00-05:00,2024-02-01 10:04:00-05:00,-3855.590606,1814.395579,49.1,47.2,0.040254237,52.9,46.9,0.12793177
2/1/2024,IWM,Manufacturing,-0.1,0,2024-02-01 10:04:00-05:00,2024-02-01 10:04:00-05:00,-16490.04911,0,49.1,47.2,0.040254237,52.9,46.9,0.12793177
2/1/2024,TNA,Manufacturing,-0.1,-0.1,2024-02-01 10:04:00-05:00,2024-02-01 10:04:00-05:00,-26000,-7800,49.1,47.2,0.040254237,52.9,46.9,0.12793177
2/1/2024,SPXL,Manufacturing,-0.1,0.082667401,2024-02-01 10:04:00-05:00,2024-02-01 10:04:00-05:00,-8083.034812,9093.414164,49.1,47.2,0.040254237,52.9,46.9,0.12793177
2/1/2024,TQQQ,Manufacturing,-0.1,-0.1,2024-02-01 10:04:00-05:00,2024-02-01 10:04:00-05:00,-14300,-2600,49.1,47.2,0.040254237,52.9,46.9,0.12793177
2/1/2024,SOXL,Manufacturing,0,0.411522634,2024-02-01 10:04:00-05:00,2024-02-01 10:04:00-05:00,0,16900,49.1,47.2,0.040254237,52.9,46.9,0.12793177
1/5/2024,QQQ,Services,0.317364365,0.387889779,2024-01-05 10:14:00-05:00,2024-01-05 10:08:00-05:00,34910.0801,42667.87567,50.6,52.5,-0.036190476,57.4,57.3,0.001745201
1/5/2024,SPY,Services,0.337498665,0.363131475,2024-01-05 10:12:00-05:00,2024-01-05 10:10:00-05:00,37124.85315,39944.46225,50.6,52.5,-0.036190476,57.4,57.3,0.001745201
1/5/2024,IWM,Services,0.484835981,0.562203425,2024-01-05 10:12:00-05:00,2024-01-05 10:12:00-05:00,53331.95791,61842.37673,50.6,52.5,-0.036190476,57.4,57.3,0.001745201
1/5/2024,TNA,Services,1.4427157,1.669024045,2024-01-05 10:12:00-05:00,2024-01-05 10:12:00-05:00,66300,76700,50.6,52.5,-0.036190476,57.4,57.3,0.001745201
1/5/2024,SPXL,Services,0.88691796,0.967546866,2024-01-05 10:12:00-05:00,2024-01-05 10:10:00-05:00,97560.97561,106430.1552,50.6,52.5,-0.036190476,57.4,57.3,0.001745201
1/5/2024,TQQQ,Services,0.955068374,1.12871717,2024-01-05 10:14:00-05:00,2024-01-05 10:08:00-05:00,57200,67600,50.6,52.5,-0.036190476,57.4,57.3,0.001745201
1/5/2024,SOXL,Services,1.981351981,2.214452214,2024-01-05 10:14:00-05:00,2024-01-05 10:08:00-05:00,66300,74100,50.6,52.5,-0.036190476,57.4,57.3,0.001745201
1/3/2024,QQQ,Manufacturing,0.04999625,0.122490813,2024-01-03 10:06:00-05:00,2024-01-03 10:06:00-05:00,5499.587531,13473.98945,47.4,47.1,0.006369427,,,#DIV/0!
1/3/2024,SPY,Manufacturing,0.08937121,0.110650069,2024-01-03 10:06:00-05:00,2024-01-03 10:06:00-05:00,9830.833067,12171.50761,47.4,47.1,0.006369427,,,#DIV/0!
1/3/2024,IWM,Manufacturing,0.264995159,0.326147888,2024-01-03 10:08:00-05:00,2024-01-03 10:08:00-05:00,29149.46746,35876.26765,47.4,47.1,0.006369427,,,#DIV/0!
1/3/2024,TNA,Manufacturing,0.788471996,0.978792822,2024-01-03 10:08:00-05:00,2024-01-03 10:08:00-05:00,37700,46800,47.4,47.1,0.006369427,,,#DIV/0!
1/3/2024,SPXL,Manufacturing,0.338847917,0.398644608,2024-01-03 10:06:00-05:00,2024-01-03 10:06:00-05:00,37273.27088,43850.90692,47.4,47.1,0.006369427,,,#DIV/0!
1/3/2024,TQQQ,Manufacturing,0.169491525,0.338983051,2024-01-03 10:06:00-05:00,2024-01-03 10:06:00-05:00,10400,20800,47.4,47.1,0.006369427,,,#DIV/0!
1/3/2024,SOXL,Manufacturing,0.450619602,0.525722869,2024-01-03 10:06:00-05:00,2024-01-03 10:06:00-05:00,15600,18200,47.4,47.1,0.006369427,,,#DIV/0!
12/5/2023,QQQ,Services,0.269506854,0.329109332,2023-12-05 10:10:00-05:00,2023-12-05 10:06:00-05:00,29645.75397,36202.02648,52.7,52.3,0.007648184,,,#DIV/0!
12/5/2023,SPY,Services,0.188820094,0.193211259,2023-12-05 10:08:00-05:00,2023-12-05 10:06:00-05:00,20770.21034,21253.23848,52.7,52.3,0.007648184,,,#DIV/0!
12/5/2023,IWM,Services,0.183763917,0.286455518,2023-12-05 10:04:00-05:00,2023-12-05 10:04:00-05:00,20214.03092,31510.10702,52.7,52.3,0.007648184,,,#DIV/0!
12/5/2023,TNA,Services,0.607222755,0.862895494,2023-12-05 10:04:00-05:00,2023-12-05 10:04:00-05:00,24700,35100,52.7,52.3,0.007648184,,,#DIV/0!
12/5/2023,SPXL,Services,0.62193126,0.62193126,2023-12-05 10:08:00-05:00,2023-12-05 10:06:00-05:00,68412.43863,68412.43863,52.7,52.3,0.007648184,,,#DIV/0!
12/5/2023,TQQQ,Services,0.793650794,0.933706816,2023-12-05 10:10:00-05:00,2023-12-05 10:06:00-05:00,44200,52000,52.7,52.3,0.007648184,,,#DIV/0!
12/5/2023,SOXL,Services,0.873965041,0.873965041,2023-12-05 10:04:00-05:00,2023-12-05 10:04:00-05:00,24700,24700,52.7,52.3,0.007648184,,,#DIV/0!
12/1/2023,QQQ,Manufacturing,0.074883156,0.077465334,2023-12-01 10:04:00-05:00,2023-12-01 10:04:00-05:00,8237.14721,8521.186769,46.7,47.8,-0.023012552,,,#DIV/0!
12/1/2023,SPY,Manufacturing,-0.1,-0.1,2023-12-01 10:02:00-05:00,2023-12-01 10:02:00-05:00,-17123.06242,-15676.04306,46.7,47.8,-0.023012552,,,#DIV/0!
12/1/2023,IWM,Manufacturing,0.283176013,0.199888951,2023-12-01 10:10:00-05:00,2023-12-01 10:06:00-05:00,31149.36147,21987.78456,46.7,47.8,-0.023012552,,,#DIV/0!
12/1/2023,TNA,Manufacturing,0.82815735,0.586611456,2023-12-01 10:10:00-05:00,2023-12-01 10:06:00-05:00,31200,22100,46.7,47.8,-0.023012552,,,#DIV/0!
12/1/2023,SPXL,Manufacturing,-0.1,-0.1,2023-12-01 10:02:00-05:00,2023-12-01 10:02:00-05:00,-51323.78472,-46549.47917,46.7,47.8,-0.023012552,,,#DIV/0!
12/1/2023,TQQQ,Manufacturing,0.092272203,-0.1,2023-12-01 10:18:00-05:00,2023-12-01 10:02:00-05:00,5200,-32500,46.7,47.8,-0.023012552,,,#DIV/0!
12/1/2023,SOXL,Manufacturing,0.04494382,0.08988764,2023-12-01 10:08:00-05:00,2023-12-01 10:04:00-05:00,1300,2600,46.7,47.8,-0.023012552,,,#DIV/0!
11/3/2023,QQQ,Services,0.095484927,0.081844223,2023-11-03 10:16:00-04:00,2023-11-03 10:08:00-04:00,10503.34197,9002.864548,51.8,53,-0.022641509,,,#DIV/0!
11/3/2023,SPY,Services,-0.1,0.029907746,2023-11-03 10:16:00-04:00,2023-11-03 10:08:00-04:00,-253.065544,3289.852072,51.8,53,-0.022641509,,,#DIV/0!
11/3/2023,IWM,Services,-0.1,-0.1,2023-11-03 10:08:00-04:00,2023-11-03 10:02:00-04:00,-27022.39488,-12568.55576,51.8,53,-0.022641509,,,#DIV/0!
11/3/2023,TNA,Services,0.14803849,0.222057735,2023-11-03 10:06:00-04:00,2023-11-03 10:02:00-04:00,5200,7800,51.8,53,-0.022641509,,,#DIV/0!
11/3/2023,SPXL,Services,0.024786219,0.111537985,2023-11-03 10:16:00-04:00,2023-11-03 10:08:00-04:00,2726.484075,12269.17834,51.8,53,-0.022641509,,,#DIV/0!
11/3/2023,TQQQ,Services,0.281992749,0.201423392,2023-11-03 10:16:00-04:00,2023-11-03 10:08:00-04:00,13650,9750,51.8,53,-0.022641509,,,#DIV/0!
11/3/2023,SOXL,Services,-0.1,-0.1,2023-11-03 10:04:00-04:00,2023-11-03 10:02:00-04:00,-7800,-5200,51.8,53,-0.022641509,,,#DIV/0!
11/1/2023,QQQ,Manufacturing,-0.1,0.056752079,2023-11-01 10:04:00-04:00,2023-11-01 10:04:00-04:00,-5618.455776,6242.72864,46.7,49,-0.046938776,,,#DIV/0!
11/1/2023,SPY,Manufacturing,-0.1,0.066747717,2023-11-01 10:04:00-04:00,2023-11-01 10:04:00-04:00,-2884.454933,7342.248921,46.7,49,-0.046938776,,,#DIV/0!
11/1/2023,IWM,Manufacturing,-0.1,-0.1,2023-11-01 10:02:00-04:00,2023-11-01 10:02:00-04:00,-4696.267382,-4025.372042,46.7,49,-0.046938776,,,#DIV/0!
11/1/2023,TNA,Manufacturing,-0.1,-0.1,2023-11-01 10:02:00-04:00,2023-11-01 10:02:00-04:00,-5200,-3900,46.7,49,-0.046938776,,,#DIV/0!
11/1/2023,SPXL,Manufacturing,-0.1,0.164993813,2023-11-01 10:04:00-04:00,2023-11-01 10:04:00-04:00,-13611.98955,18149.3194,46.7,49,-0.046938776,,,#DIV/0!
11/1/2023,TQQQ,Manufacturing,-0.1,0.180777343,2023-11-01 10:04:00-04:00,2023-11-01 10:04:00-04:00,-5200,7800,46.7,49,-0.046938776,,,#DIV/0!
11/1/2023,SOXL,Manufacturing,-0.1,-0.1,2023-11-01 10:02:00-04:00,2023-11-01 10:02:00-04:00,-2600,-1300,46.7,49,-0.046938776,,,#DIV/0!
10/4/2023,QQQ,Services,0.218530244,0.179306867,2023-10-04 10:10:00-04:00,2023-10-04 10:06:00-04:00,24038.32684,19723.75536,53.6,53.5,0.001869159,,,#DIV/0!
10/4/2023,SPY,Services,0.149105368,0.179873142,2023-10-04 10:12:00-04:00,2023-10-04 10:06:00-04:00,16401.59046,19786.04563,53.6,53.5,0.001869159,,,#DIV/0!
10/4/2023,IWM,Services,0.275886358,0.16435783,2023-10-04 10:12:00-04:00,2023-10-04 10:06:00-04:00,30347.49941,18079.36135,53.6,53.5,0.001869159,,,#DIV/0!
10/4/2023,TNA,Services,0.778816199,0.42834891,2023-10-04 10:12:00-04:00,2023-10-04 10:06:00-04:00,26000,14300,53.6,53.5,0.001869159,,,#DIV/0!
10/4/2023,SPXL,Services,0.424403183,0.517241379,2023-10-04 10:12:00-04:00,2023-10-04 10:06:00-04:00,46684.35013,56896.55172,53.6,53.5,0.001869159,,,#DIV/0!
10/4/2023,TQQQ,Services,0.654897494,0.512528474,2023-10-04 10:10:00-04:00,2023-10-04 10:06:00-04:00,29900,23400,53.6,53.5,0.001869159,,,#DIV/0!
10/4/2023,SOXL,Services,0.819672131,0.710382514,2023-10-04 10:10:00-04:00,2023-10-04 10:06:00-04:00,19500,16900,53.6,53.5,0.001869159,,,#DIV/0!
10/2/2023,QQQ,Manufacturing,0.341999166,0.378145419,2023-10-02 10:06:00-04:00,2023-10-02 10:06:00-04:00,37619.90824,41595.99611,49,48,0.020833333,,,#DIV/0!
10/2/2023,SPY,Manufacturing,0.224992969,0.241398706,2023-10-02 10:06:00-04:00,2023-10-02 10:06:00-04:00,24749.22659,26553.85769,49,48,0.020833333,,,#DIV/0!
10/2/2023,IWM,Manufacturing,-0.1,0.074069854,2023-10-02 10:04:00-04:00,2023-10-02 10:04:00-04:00,-1253.48983,8147.683893,49,48,0.020833333,,,#DIV/0!
10/2/2023,TNA,Manufacturing,0.035523979,0.284191829,2023-10-02 10:04:00-04:00,2023-10-02 10:04:00-04:00,1300,10400,49,48,0.020833333,,,#DIV/0!
10/2/2023,SPXL,Manufacturing,0.668638292,0.720072007,2023-10-02 10:06:00-04:00,2023-10-02 10:06:00-04:00,73550.21216,79207.92079,49,48,0.020833333,,,#DIV/0!
10/2/2023,TQQQ,Manufacturing,1.055555556,1.111111111,2023-10-02 10:06:00-04:00,2023-10-02 10:06:00-04:00,49400,52000,49,48,0.020833333,,,#DIV/0!
10/2/2023,SOXL,Manufacturing,0.830306175,0.985988583,2023-10-02 10:06:00-04:00,2023-10-02 10:06:00-04:00,20800,24700,49,48,0.020833333,,,#DIV/0!
9/5/2023,QQQ,Services,0.034514802,0.069029603,2023-09-05 10:06:00-04:00,2023-09-05 10:02:00-04:00,3796.628169,7593.256339,54.5,52.5,0.038095238,,,#DIV/0!
9/5/2023,SPY,Services,-0.1,-0.1,2023-09-05 10:06:00-04:00,2023-09-05 10:02:00-04:00,-2691.341,-2691.341,54.5,52.5,0.038095238,,,#DIV/0!
9/5/2023,IWM,Services,0.186706497,0.288061453,2023-09-05 10:14:00-04:00,2023-09-05 10:14:00-04:00,20537.71471,31686.75984,54.5,52.5,0.038095238,,,#DIV/0!
9/5/2023,TNA,Services,0.611888112,0.874125874,2023-09-05 10:14:00-04:00,2023-09-05 10:14:00-04:00,27300,39000,54.5,52.5,0.038095238,,,#DIV/0!
9/5/2023,SPXL,Services,-0.1,-0.1,2023-09-05 10:06:00-04:00,2023-09-05 10:02:00-04:00,-9634.33326,-9634.33326,54.5,52.5,0.038095238,,,#DIV/0!
9/5/2023,TQQQ,Services,-0.1,-0.1,2023-09-05 10:06:00-04:00,2023-09-05 10:02:00-04:00,-8450,-4550,54.5,52.5,0.038095238,,,#DIV/0!
9/5/2023,SOXL,Services,-0.1,0.191042242,2023-09-05 10:06:00-04:00,2023-09-05 10:06:00-04:00,-1950,5850,54.5,52.5,0.038095238,,,#DIV/0!
9/1/2023,QQQ,Manufacturing,-0.1,-0.1,2023-09-01 10:08:00-04:00,2023-09-01 10:02:00-04:00,-7554.945055,-290.5748098,47.6,46.9,0.014925373,,,#DIV/0!
9/1/2023,SPY,Manufacturing,-0.1,0,2023-09-01 10:08:00-04:00,2023-09-01 10:04:00-04:00,-4620.826885,0,47.6,46.9,0.014925373,,,#DIV/0!
9/1/2023,IWM,Manufacturing,-0.1,-0.1,2023-09-01 10:02:00-04:00,2023-09-01 10:02:00-04:00,-8661.872014,-4619.665074,47.6,46.9,0.014925373,,,#DIV/0!
9/1/2023,TNA,Manufacturing,-0.1,-0.1,2023-09-01 10:02:00-04:00,2023-09-01 10:02:00-04:00,-10400,-6500,47.6,46.9,0.014925373,,,#DIV/0!
9/1/2023,SPXL,Manufacturing,-0.1,-0.1,2023-09-01 10:08:00-04:00,2023-09-01 10:02:00-04:00,-18920.66222,-2365.082778,47.6,46.9,0.014925373,,,#DIV/0!
9/1/2023,TQQQ,Manufacturing,-0.1,-0.1,2023-09-01 10:08:00-04:00,2023-09-01 10:02:00-04:00,-9100,-1300,47.6,46.9,0.014925373,,,#DIV/0!
9/1/2023,SOXL,Manufacturing,-0.1,0.083402836,2023-09-01 10:08:00-04:00,2023-09-01 10:04:00-04:00,-6500,2600,47.6,46.9,0.014925373,,,#DIV/0!
8/3/2023,QQQ,Services,-0.1,-0.1,2023-08-03 10:06:00-04:00,2023-08-03 10:06:00-04:00,-10887.88422,-2059.869987,52.7,53.1,-0.007532957,,,#DIV/0!
8/3/2023,SPY,Services,0.022294059,0.033441088,2023-08-03 10:06:00-04:00,2023-08-03 10:06:00-04:00,2452.34645,3678.519675,52.7,53.1,-0.007532957,,,#DIV/0!
8/3/2023,IWM,Services,-0.1,0.072224515,2023-08-03 10:08:00-04:00,2023-08-03 10:06:00-04:00,-2837.391663,7944.696657,52.7,53.1,-0.007532957,,,#DIV/0!
8/3/2023,TNA,Services,0,0.23340249,2023-08-03 10:08:00-04:00,2023-08-03 10:06:00-04:00,0,11700,52.7,53.1,-0.007532957,,,#DIV/0!
8/3/2023,SPXL,Services,0.065203217,0.097804825,2023-08-03 10:06:00-04:00,2023-08-03 10:06:00-04:00,7172.353836,10758.53075,52.7,53.1,-0.007532957,,,#DIV/0!
8/3/2023,TQQQ,Services,-0.1,-0.1,2023-08-03 10:06:00-04:00,2023-08-03 10:02:00-04:00,-18200,-5200,52.7,53.1,-0.007532957,,,#DIV/0!
8/3/2023,SOXL,Services,-0.1,-0.1,2023-08-03 10:06:00-04:00,2023-08-03 10:02:00-04:00,-9100,-5200,52.7,53.1,-0.007532957,,,#DIV/0!
8/1/2023,QQQ,Manufacturing,0.073306105,0.049743429,2023-08-01 10:10:00-04:00,2023-08-01 10:06:00-04:00,8063.671589,5471.777149,46.4,46.8,-0.008547009,,,#DIV/0!
8/1/2023,SPY,Manufacturing,0,0.039404553,2023-08-01 10:06:00-04:00,2023-08-01 10:06:00-04:00,0,4334.500876,46.4,46.8,-0.008547009,,,#DIV/0!
8/1/2023,IWM,Manufacturing,-0.1,-0.1,2023-08-01 10:02:00-04:00,2023-08-01 10:02:00-04:00,-18955.90471,-18955.90471,46.4,46.8,-0.008547009,,,#DIV/0!
8/1/2023,TNA,Manufacturing,-0.1,-0.1,2023-08-01 10:02:00-04:00,2023-08-01 10:02:00-04:00,-12896,-11596,46.4,46.8,-0.008547009,,,#DIV/0!
8/1/2023,SPXL,Manufacturing,-0.1,0.092411952,2023-08-01 10:06:00-04:00,2023-08-01 10:06:00-04:00,-1129.479413,10165.31471,46.4,46.8,-0.008547009,,,#DIV/0!
8/1/2023,TQQQ,Manufacturing,0.246305419,0.13434841,2023-08-01 10:10:00-04:00,2023-08-01 10:06:00-04:00,14300,7800,46.4,46.8,-0.008547009,,,#DIV/0!
8/1/2023,SOXL,Manufacturing,0.649584987,1.1187297,2023-08-01 10:12:00-04:00,2023-08-01 10:12:00-04:00,23400,40300,46.4,46.8,-0.008547009,,,#DIV/0!
7/5/2023,QQQ,Services,0.026981814,0.035076359,2023-07-05 10:04:00-04:00,2023-07-05 10:04:00-04:00,2967.999568,3858.399439,53.9,51.2,0.052734375,,,#DIV/0!
7/5/2023,SPY,Services,-0.1,-0.1,2023-07-05 10:14:00-04:00,2023-07-05 10:02:00-04:00,-3722.672202,-1240.890734,53.9,51.2,0.052734375,,,#DIV/0!
7/5/2023,IWM,Services,0.037600043,0.145028737,2023-07-05 10:12:00-04:00,2023-07-05 10:10:00-04:00,4136.004727,15953.16109,53.9,51.2,0.052734375,,,#DIV/0!
7/5/2023,TNA,Services,0.144175317,0.432525952,2023-07-05 10:12:00-04:00,2023-07-05 10:10:00-04:00,6500,19500,53.9,51.2,0.052734375,,,#DIV/0!
7/5/2023,SPXL,Services,-0.1,-0.1,2023-07-05 10:02:00-04:00,2023-07-05 10:02:00-04:00,-1223.037581,-1223.037581,53.9,51.2,0.052734375,,,#DIV/0!
7/5/2023,TQQQ,Services,-0.1,-0.1,2023-07-05 10:14:00-04:00,2023-07-05 10:02:00-04:00,-19500,-9100,53.9,51.2,0.052734375,,,#DIV/0!
7/5/2023,SOXL,Services,-0.1,-0.1,2023-07-05 10:02:00-04:00,2023-07-05 10:02:00-04:00,-6500,-6500,53.9,51.2,0.052734375,,,#DIV/0!
7/3/2023,QQQ,Manufacturing,-0.1,0.013495277,2023-07-03 10:04:00-04:00,2023-07-03 10:04:00-04:00,-5937.921727,1484.480432,46,47.3,-0.027484144,,,#DIV/0!
7/3/2023,SPY,Manufacturing,0.020299989,0.020299989,2023-07-03 10:04:00-04:00,2023-07-03 10:04:00-04:00,2232.998759,2232.998759,46,47.3,-0.027484144,,,#DIV/0!
7/3/2023,IWM,Manufacturing,-0.1,-0.1,2023-07-03 10:02:00-04:00,2023-07-03 10:02:00-04:00,-6433.090542,-4678.611303,46,47.3,-0.027484144,,,#DIV/0!
7/3/2023,TNA,Manufacturing,-0.1,-0.1,2023-07-03 10:14:00-04:00,2023-07-03 10:02:00-04:00,-2600,-1300,46,47.3,-0.027484144,,,#DIV/0!
7/3/2023,SPXL,Manufacturing,-0.1,-0.1,2023-07-03 10:04:00-04:00,2023-07-03 10:04:00-04:00,-7325.194229,-6104.328524,46,47.3,-0.027484144,,,#DIV/0!
7/3/2023,TQQQ,Manufacturing,-0.1,0,2023-07-03 10:04:00-04:00,2023-07-03 10:04:00-04:00,-7800,0,46,47.3,-0.027484144,,,#DIV/0!
7/3/2023,SOXL,Manufacturing,-0.1,-0.1,2023-07-03 10:04:00-04:00,2023-07-03 10:04:00-04:00,-19500,-5200,46,47.3,-0.027484144,,,#DIV/0!
6/5/2023,QQQ,Services,-0.1,-0.1,2023-06-05 10:04:00-04:00,2023-06-05 10:04:00-04:00,-23845.04941,-19199.90991,50.3,52.4,-0.040076336,,,#DIV/0!
6/5/2023,SPY,Services,0.039695512,0.065380843,2023-06-05 10:06:00-04:00,2023-06-05 10:04:00-04:00,4366.506328,7191.892775,50.3,52.4,-0.040076336,,,#DIV/0!
6/5/2023,IWM,Services,-0.1,-0.1,2023-06-05 10:04:00-04:00,2023-06-05 10:04:00-04:00,-23195.1612,-3051.994895,50.3,52.4,-0.040076336,,,#DIV/0!
6/5/2023,TNA,Services,-0.1,-0.1,2023-06-05 10:04:00-04:00,2023-06-05 10:02:00-04:00,-37700,-14300,50.3,52.4,-0.040076336,,,#DIV/0!
6/5/2023,SPXL,Services,0.012271444,0.08590011,2023-06-05 10:06:00-04:00,2023-06-05 10:04:00-04:00,1349.858878,9449.012149,50.3,52.4,-0.040076336,,,#DIV/0!
6/5/2023,TQQQ,Services,-0.1,-0.1,2023-06-05 10:04:00-04:00,2023-06-05 10:04:00-04:00,-33800,-27300,50.3,52.4,-0.040076336,,,#DIV/0!
6/5/2023,SOXL,Services,0.238208671,0.428775607,2023-06-05 10:08:00-04:00,2023-06-05 10:06:00-04:00,6500,11700,50.3,52.4,-0.040076336,,,#DIV/0!
6/1/2023,QQQ,Manufacturing,0.066078662,0.109173442,2023-06-01 10:08:00-04:00,2023-06-01 10:08:00-04:00,7268.652857,12009.07863,46.9,47,-0.00212766,,,#DIV/0!
6/1/2023,SPY,Manufacturing,0.225273804,0.182136267,2023-06-01 10:16:00-04:00,2023-06-01 10:10:00-04:00,24780.11839,20034.98934,46.9,47,-0.00212766,,,#DIV/0!
6/1/2023,IWM,Manufacturing,0.210538459,0.181697574,2023-06-01 10:16:00-04:00,2023-06-01 10:08:00-04:00,23159.23053,19986.73319,46.9,47,-0.00212766,,,#DIV/0!
6/1/2023,TNA,Manufacturing,1.019690577,0.914205345,2023-06-01 10:16:00-04:00,2023-06-01 10:08:00-04:00,37700,33800,46.9,47,-0.00212766,,,#DIV/0!
6/1/2023,SPXL,Manufacturing,0.636098595,0.516830109,2023-06-01 10:16:00-04:00,2023-06-01 10:10:00-04:00,69970.84548,56851.31195,46.9,47,-0.00212766,,,#DIV/0!
6/1/2023,TQQQ,Manufacturing,0.200918485,0.315729047,2023-06-01 10:08:00-04:00,2023-06-01 10:08:00-04:00,9100,14300,46.9,47,-0.00212766,,,#DIV/0!
6/1/2023,SOXL,Manufacturing,0.278810409,-0.1,2023-06-01 10:06:00-04:00,2023-06-01 10:02:00-04:00,7800,-1300,46.9,47,-0.00212766,,,#DIV/0!
5/3/2023,QQQ,Services,0.015611828,0.049957848,2023-05-03 10:02:00-04:00,2023-05-03 10:02:00-04:00,1717.301027,5495.363287,51.9,51.8,0.001930502,,,#DIV/0!
5/3/2023,SPY,Services,-0.1,-0.1,2023-05-03 10:02:00-04:00,2023-05-03 10:02:00-04:00,-9070.404773,-6135.862052,51.9,51.8,0.001930502,,,#DIV/0!
5/3/2023,IWM,Services,-0.1,-0.1,2023-05-03 10:02:00-04:00,2023-05-03 10:02:00-04:00,-16473.70543,-10137.66488,51.9,51.8,0.001930502,,,#DIV/0!
5/3/2023,TNA,Services,-0.1,-0.1,2023-05-03 10:02:00-04:00,2023-05-03 10:02:00-04:00,-18200,-11700,51.9,51.8,0.001930502,,,#DIV/0!
5/3/2023,SPXL,Services,-0.1,-0.1,2023-05-03 10:02:00-04:00,2023-05-03 10:02:00-04:00,-20881.35593,-10440.67797,51.9,51.8,0.001930502,,,#DIV/0!
5/3/2023,TQQQ,Services,0,0.10853835,2023-05-03 10:02:00-04:00,2023-05-03 10:02:00-04:00,0,3900,51.9,51.8,0.001930502,,,#DIV/0!
5/3/2023,SOXL,Services,-0.1,-0.1,2023-05-03 10:02:00-04:00,2023-05-03 10:02:00-04:00,-8039.46,-9379.37,51.9,51.8,0.001930502,,,#DIV/0!
5/1/2023,QQQ,Manufacturing,0.037227772,0.034125458,2023-05-01 10:08:00-04:00,2023-05-01 10:04:00-04:00,4095.054911,3753.800335,47.1,46.8,0.006410256,,,#DIV/0!
5/1/2023,SPY,Manufacturing,0.060006721,0.115212904,2023-05-01 10:08:00-04:00,2023-05-01 10:08:00-04:00,6600.739283,12673.41942,47.1,46.8,0.006410256,,,#DIV/0!
5/1/2023,IWM,Manufacturing,0.085072595,0.130444646,2023-05-01 10:04:00-04:00,2023-05-01 10:04:00-04:00,9357.985481,14348.91107,47.1,46.8,0.006410256,,,#DIV/0!
5/1/2023,TNA,Manufacturing,0.163612565,0.294502618,2023-05-01 10:04:00-04:00,2023-05-01 10:04:00-04:00,6500,11700,47.1,46.8,0.006410256,,,#DIV/0!
5/1/2023,SPXL,Manufacturing,-0.1,0.092093146,2023-05-01 10:08:00-04:00,2023-05-01 10:08:00-04:00,-7235.890014,10130.24602,47.1,46.8,0.006410256,,,#DIV/0!
5/1/2023,TQQQ,Manufacturing,0.141843972,0.070921986,2023-05-01 10:08:00-04:00,2023-05-01 10:04:00-04:00,5200,2600,47.1,46.8,0.006410256,,,#DIV/0!
5/1/2023,SOXL,Manufacturing,-0.1,-0.1,2023-05-01 10:02:00-04:00,2023-05-01 10:02:00-04:00,-9153.41,-1307.63,47.1,46.8,0.006410256,,,#DIV/0!
4/5/2023,QQQ,Services,-0.1,-0.1,2023-04-05 10:04:00-04:00,2023-04-05 10:04:00-04:00,-20455.76323,-3813.786365,51.2,54.4,-0.058823529,,,#DIV/0!
4/5/2023,SPY,Services,-0.1,-0.1,2023-04-05 10:04:00-04:00,2023-04-05 10:04:00-04:00,-18855.44971,-11582.6334,51.2,54.4,-0.058823529,,,#DIV/0!
4/5/2023,IWM,Services,0.613391424,0.670717725,2023-04-05 10:20:00-04:00,2023-04-05 10:16:00-04:00,67473.05664,73778.94978,51.2,54.4,-0.058823529,,,#DIV/0!
4/5/2023,TNA,Services,1.963394343,2.129783694,2023-04-05 10:20:00-04:00,2023-04-05 10:16:00-04:00,76700,83200,51.2,54.4,-0.058823529,,,#DIV/0!
4/5/2023,SPXL,Services,-0.1,-0.1,2023-04-05 10:04:00-04:00,2023-04-05 10:04:00-04:00,-59131.63336,-37904.89318,51.2,54.4,-0.058823529,,,#DIV/0!
4/5/2023,TQQQ,Services,-0.1,-0.1,2023-04-05 10:04:00-04:00,2023-04-05 10:04:00-04:00,-20800,-5200,51.2,54.4,-0.058823529,,,#DIV/0!
4/5/2023,SOXL,Services,-0.1,-0.1,2023-04-05 10:04:00-04:00,2023-04-05 10:04:00-04:00,-28600,-9100,51.2,54.4,-0.058823529,,,#DIV/0!
4/3/2023,QQQ,Manufacturing,0.05326482,0.062664494,2023-04-03 10:04:00-04:00,2023-04-03 10:04:00-04:00,5859.130217,6893.094373,46.3,47.5,-0.025263158,,,#DIV/0!
4/3/2023,SPY,Manufacturing,0.219431915,0.053638913,2023-04-03 10:26:00-04:00,2023-04-03 10:06:00-04:00,24137.51067,5900.280385,46.3,47.5,-0.025263158,,,#DIV/0!
4/3/2023,IWM,Manufacturing,0.150686461,-0.1,2023-04-03 10:30:00-04:00,2023-04-03 10:06:00-04:00,16575.51066,-3069.539011,46.3,47.5,-0.025263158,,,#DIV/0!
4/3/2023,TNA,Manufacturing,0.460405157,-0.1,2023-04-03 10:30:00-04:00,2023-04-03 10:06:00-04:00,19500,-2600,46.3,47.5,-0.025263158,,,#DIV/0!
4/3/2023,SPXL,Manufacturing,0.638847356,0.135924969,2023-04-03 10:26:00-04:00,2023-04-03 10:04:00-04:00,70273.20919,14951.74664,46.3,47.5,-0.025263158,,,#DIV/0!
4/3/2023,TQQQ,Manufacturing,0.179920835,0.143936668,2023-04-03 10:04:00-04:00,2023-04-03 10:04:00-04:00,6500,5200,46.3,47.5,-0.025263158,,,#DIV/0!
4/3/2023,SOXL,Manufacturing,-0.1,-0.1,2023-04-03 10:04:00-04:00,2023-04-03 10:04:00-04:00,-5850,-1950,46.3,47.5,-0.025263158,,,#DIV/0!
3/3/2023,QQQ,Services,-0.1,0.074294205,2023-03-03 10:10:00-05:00,2023-03-03 10:08:00-05:00,-1485.884101,8172.362556,55.1,54.5,0.011009174,,,#DIV/0!
3/3/2023,SPY,Services,0.187256566,0.232198142,2023-03-03 10:10:00-05:00,2023-03-03 10:08:00-05:00,20598.22231,25541.79567,55.1,54.5,0.011009174,,,#DIV/0!
3/3/2023,IWM,Services,0.248125858,0.322035688,2023-03-03 10:12:00-05:00,2023-03-03 10:10:00-05:00,27293.84437,35423.92567,55.1,54.5,0.011009174,,,#DIV/0!
3/3/2023,TNA,Services,0.739795918,0.943877551,2023-03-03 10:12:00-05:00,2023-03-03 10:10:00-05:00,37700,48100,55.1,54.5,0.011009174,,,#DIV/0!
3/3/2023,SPXL,Services,0.53491398,0.665028191,2023-03-03 10:10:00-05:00,2023-03-03 10:08:00-05:00,58840.53781,73153.10106,55.1,54.5,0.011009174,,,#DIV/0!
3/3/2023,TQQQ,Services,0.504275378,0.767375576,2023-03-03 10:10:00-05:00,2023-03-03 10:08:00-05:00,14950,22750,55.1,54.5,0.011009174,,,#DIV/0!
3/3/2023,SOXL,Services,1.26413839,1.530272788,2023-03-03 10:12:00-05:00,2023-03-03 10:12:00-05:00,24700,29900,55.1,54.5,0.011009174,,,#DIV/0!
3/1/2023,QQQ,Manufacturing,0.651232568,0.709195677,2023-03-01 10:16:00-05:00,2023-03-01 10:16:00-05:00,71635.58253,78011.52443,47.7,48,-0.00625,,,#DIV/0!
3/1/2023,SPY,Manufacturing,0.391305445,0.275176087,2023-03-01 10:16:00-05:00,2023-03-01 10:08:00-05:00,43043.599,30269.36962,47.7,48,-0.00625,,,#DIV/0!
3/1/2023,IWM,Manufacturing,-0.1,-0.1,2023-03-01 10:04:00-05:00,2023-03-01 10:04:00-05:00,-20957.92538,-8732.468907,47.7,48,-0.00625,,,#DIV/0!
3/1/2023,TNA,Manufacturing,1.437371663,0.487679671,2023-03-01 10:16:00-05:00,2023-03-01 10:08:00-05:00,72800,24700,47.7,48,-0.00625,,,#DIV/0!
3/1/2023,SPXL,Manufacturing,1.237144135,0.894321061,2023-03-01 10:16:00-05:00,2023-03-01 10:08:00-05:00,136085.8548,98375.31674,47.7,48,-0.00625,,,#DIV/0!
3/1/2023,TQQQ,Manufacturing,1.947901894,2.083833638,2023-03-01 10:16:00-05:00,2023-03-01 10:16:00-05:00,55887,59787,47.7,48,-0.00625,,,#DIV/0!
3/1/2023,SOXL,Manufacturing,2.774108322,2.972258917,2023-03-01 10:16:00-05:00,2023-03-01 10:16:00-05:00,54600,58500,47.7,48,-0.00625,,,#DIV/0!
2/3/2023,QQQ,Services,-0.1,0.016199579,2023-02-03 10:12:00-05:00,2023-02-03 10:04:00-05:00,-12473.67568,1781.953669,55.2,50.5,0.093069307,,,#DIV/0!
2/3/2023,SPY,Services,-0.1,-0.1,2023-02-03 10:12:00-05:00,2023-02-03 10:02:00-05:00,-21283.80013,-4522.807527,55.2,50.5,0.093069307,,,#DIV/0!
2/3/2023,IWM,Services,0.086097746,-0.1,2023-02-03 10:08:00-05:00,2023-02-03 10:02:00-05:00,9470.752089,-557.1030641,55.2,50.5,0.093069307,,,#DIV/0!
2/3/2023,TNA,Services,0.244173141,-0.1,2023-02-03 10:08:00-05:00,2023-02-03 10:02:00-05:00,14300,-1300,55.2,50.5,0.093069307,,,#DIV/0!
2/3/2023,SPXL,Services,-0.1,-0.1,2023-02-03 10:02:00-05:00,2023-02-03 10:02:00-05:00,-25690.93032,-12845.46516,55.2,50.5,0.093069307,,,#DIV/0!
2/3/2023,TQQQ,Services,-0.1,0,2023-02-03 10:12:00-05:00,2023-02-03 10:04:00-05:00,-11700,0,55.2,50.5,0.093069307,,,#DIV/0!
2/3/2023,SOXL,Services,0,-0.1,2023-02-03 10:02:00-05:00,2023-02-03 10:02:00-05:00,0,-1300,55.2,50.5,0.093069307,,,#DIV/0!
2/1/2023,QQQ,Manufacturing,0.128984081,0.179898849,2023-02-01 10:10:00-05:00,2023-02-01 10:06:00-05:00,14188.24887,19788.87343,47.4,48,-0.0125,,,#DIV/0!
2/1/2023,SPY,Manufacturing,0.221560277,0.204327811,2023-02-01 10:10:00-05:00,2023-02-01 10:06:00-05:00,24371.63044,22476.05918,47.4,48,-0.0125,,,#DIV/0!
2/1/2023,IWM,Manufacturing,0.151041667,0.286458333,2023-02-01 10:24:00-05:00,2023-02-01 10:06:00-05:00,16614.58333,31510.41667,47.4,48,-0.0125,,,#DIV/0!
2/1/2023,TNA,Manufacturing,0.385078219,0.818291215,2023-02-01 10:24:00-05:00,2023-02-01 10:06:00-05:00,20800,44200,47.4,48,-0.0125,,,#DIV/0!
2/1/2023,SPXL,Manufacturing,0.688526825,0.647624242,2023-02-01 10:10:00-05:00,2023-02-01 10:06:00-05:00,75737.95078,71238.66658,47.4,48,-0.0125,,,#DIV/0!
2/1/2023,TQQQ,Manufacturing,0.414937759,0.502293077,2023-02-01 10:10:00-05:00,2023-02-01 10:06:00-05:00,12350,14950,47.4,48,-0.0125,,,#DIV/0!
2/1/2023,SOXL,Manufacturing,0.194931774,0.194931774,2023-02-01 10:10:00-05:00,2023-02-01 10:06:00-05:00,3900,3900,47.4,48,-0.0125,,,#DIV/0!
1/5/2023,QQQ,Services,-0.1,-0.1,2023-01-05 10:02:00-05:00,2023-01-05 10:02:00-05:00,-15905.02644,-15486.47312,49.6,55,-0.098181818,,,#DIV/0!
1/5/2023,SPY,Services,-0.1,-0.1,2023-01-05 10:02:00-05:00,2023-01-05 10:02:00-05:00,-7813.116565,-6076.86844,49.6,55,-0.098181818,,,#DIV/0!
1/5/2023,IWM,Services,-0.1,-0.1,2023-01-05 10:02:00-05:00,2023-01-05 10:02:00-05:00,-24766.19328,-12700.61194,49.6,55,-0.098181818,,,#DIV/0!
1/5/2023,TNA,Services,-0.1,-0.1,2023-01-05 10:02:00-05:00,2023-01-05 10:02:00-05:00,-27859,-18759,49.6,55,-0.098181818,,,#DIV/0!
1/5/2023,SPXL,Services,-0.1,-0.1,2023-01-05 10:02:00-05:00,2023-01-05 10:02:00-05:00,-21671.31834,-19865.37514,49.6,55,-0.098181818,,,#DIV/0!
1/5/2023,TQQQ,Services,-0.1,-0.1,2023-01-05 10:02:00-05:00,2023-01-05 10:02:00-05:00,-11700,-10400,49.6,55,-0.098181818,,,#DIV/0!
1/5/2023,SOXL,Services,-0.1,-0.1,2023-01-05 10:02:00-05:00,2023-01-05 10:02:00-05:00,-5200,-6500,49.6,55,-0.098181818,,,#DIV/0!
1/3/2023,QQQ,Manufacturing,-0.1,-0.1,2023-01-03 10:12:00-05:00,2023-01-03 10:02:00-05:00,-40164.11955,-4140.630882,48.4,48.5,-0.002061856,,,#DIV/0!
1/3/2023,SPY,Manufacturing,-0.1,0.062865076,2023-01-03 10:10:00-05:00,2023-01-03 10:06:00-05:00,-288.1315976,6915.158341,48.4,48.5,-0.002061856,,,#DIV/0!
1/3/2023,IWM,Manufacturing,0.022901637,0.103057369,2023-01-03 10:06:00-05:00,2023-01-03 10:04:00-05:00,2519.180121,11336.31055,48.4,48.5,-0.002061856,,,#DIV/0!
1/3/2023,TNA,Manufacturing,0.341695665,0.310289813,2023-01-03 10:04:00-05:00,2023-01-03 10:04:00-05:00,14144,12844,48.4,48.5,-0.002061856,,,#DIV/0!
1/3/2023,SPXL,Manufacturing,-0.1,-0.1,2023-01-03 10:10:00-05:00,2023-01-03 10:04:00-05:00,-52998.51319,-33507.25123,48.4,48.5,-0.002061856,,,#DIV/0!
1/3/2023,TQQQ,Manufacturing,-0.1,-0.1,2023-01-03 10:12:00-05:00,2023-01-03 10:02:00-05:00,-26000,-3900,48.4,48.5,-0.002061856,,,#DIV/0!
1/3/2023,SOXL,Manufacturing,0,0.104931794,2023-01-03 10:10:00-05:00,2023-01-03 10:04:00-05:00,0,1900,48.4,48.5,-0.002061856,,,#DIV/0!
