ticker,date,node,px,short_pnl_pct,below_hod_pct,vs_vwap_pct,vwap_slope15,below_open,made_new_hod,mae_pct,dist_to_pm_high_pct,fwd_to_low_pct,fwd_30min_pct,eod_close_pct,setup,grade,cap
MRNA,2020-02-27,09:30,34.67,3.37,-3.69,-1.23,,True,False,0.33,-9.55,33.52,6.69,24.59,3DGapFade,A,Medium
MRNA,2020-02-27,09:45,34.72,3.23,-3.56,1.14,-2.21,True,False,0.33,-9.42,33.61,2.72,24.7,3DGapFade,A,Medium
MRNA,2020-02-27,10:00,32.35,9.84,-10.14,-5.56,-0.21,True,False,0.33,-15.6,28.75,-0.87,19.18,3DGapFade,A,Medium
MRNA,2020-02-27,10:30,32.63,9.06,-9.36,-3.89,-0.28,True,False,0.33,-14.87,29.36,7.88,19.87,3DGapFade,A,Medium
MRNA,2020-02-27,11:00,30.06,16.22,-16.5,-10.48,-0.79,True,False,0.33,-21.58,23.32,15.83,13.02,3DGapFade,A,Medium
MRNA,2020-02-27,11:30,25.3,29.49,-29.72,-21.31,-3.28,True,False,0.33,-33.99,1.19,-1.3,-3.34,3DGapFade,A,Medium
MRNA,2020-02-27,12:00,25.63,28.57,-28.81,-18.45,-0.84,True,False,0.33,-33.13,2.46,-5.77,-2.01,3DGapFade,A,Medium
MRNA,2020-02-27,13:00,25.57,28.73,-28.97,-16.96,-0.36,True,False,0.33,-33.29,2.23,0.85,-2.25,3DGapFade,A,Medium
MRNA,2020-02-27,14:00,25.38,29.27,-29.5,-16.33,-0.31,True,False,0.33,-33.79,0.2,-3.04,-3.02,3DGapFade,A,Medium
MRNA,2020-02-27,15:00,26.22,26.94,-27.18,-12.88,-0.15,True,False,0.33,-31.61,0.4,-2.35,0.27,3DGapFade,A,Medium
MRNA,2020-02-27,15:45,27.22,24.15,-24.4,-8.91,-0.17,True,False,0.33,-29.0,4.06,3.93,3.93,3DGapFade,A,Medium
ZM,2020-02-28,09:30,117.29,3.13,-3.13,-1.03,,True,False,0.0,-5.22,16.98,-2.87,10.55,2DGapFade,B,Medium
ZM,2020-02-28,09:45,119.68,1.15,-1.85,0.32,0.68,True,True,0.71,-3.29,18.64,1.74,12.34,2DGapFade,B,Medium
ZM,2020-02-28,10:00,120.65,0.35,-1.05,0.78,0.34,True,True,0.71,-2.51,19.3,4.27,13.05,2DGapFade,B,Medium
ZM,2020-02-28,10:30,115.5,4.6,-5.27,-2.72,-0.52,True,True,0.71,-6.67,15.7,1.45,9.17,2DGapFade,B,Medium
ZM,2020-02-28,11:00,113.82,5.98,-6.65,-3.54,-0.38,True,True,0.71,-8.02,14.46,2.05,7.83,2DGapFade,B,Medium
ZM,2020-02-28,11:30,111.5,7.91,-8.56,-3.75,-0.3,True,True,0.71,-9.9,12.67,8.09,5.91,2DGapFade,B,Medium
ZM,2020-02-28,12:00,102.47,15.36,-15.96,-9.0,-1.79,True,True,0.71,-17.2,4.36,-2.53,-2.38,2DGapFade,B,Medium
ZM,2020-02-28,13:00,103.88,14.2,-14.81,-6.58,-0.38,True,True,0.71,-16.06,5.66,0.36,-1.0,2DGapFade,B,Medium
ZM,2020-02-28,14:00,102.62,15.24,-15.84,-7.3,-0.12,True,True,0.71,-17.08,4.5,0.61,-2.23,2DGapFade,B,Medium
ZM,2020-02-28,15:00,100.26,17.19,-17.77,-8.8,-0.23,True,True,0.71,-18.98,2.25,-0.7,-4.64,2DGapFade,B,Medium
ZM,2020-02-28,15:45,103.25,14.72,-15.32,-5.3,-0.23,True,True,0.71,-16.57,0.48,-1.61,-1.61,2DGapFade,B,Medium
VIR,2020-02-28,09:30,68.51,3.71,-4.79,0.03,,True,False,1.14,-18.44,44.1,37.11,33.29,GapDownTrendBreak,C,Small
VIR,2020-02-28,09:45,47.43,33.34,-34.09,-21.46,-11.82,True,False,1.14,-43.54,19.25,5.8,3.65,GapDownTrendBreak,C,Small
VIR,2020-02-28,10:00,43.08,39.45,-40.13,-17.22,-13.82,True,False,1.14,-48.71,11.1,4.76,-6.07,GapDownTrendBreak,C,Small
VIR,2020-02-28,10:30,41.03,42.33,-42.98,-15.16,-3.95,True,False,1.14,-51.15,4.96,-24.3,-11.37,GapDownTrendBreak,C,Small
VIR,2020-02-28,11:00,51.0,28.31,-29.12,6.04,0.55,True,False,1.14,-39.28,23.54,15.44,10.4,GapDownTrendBreak,C,Small
VIR,2020-02-28,11:30,43.13,39.38,-40.06,-10.22,-0.11,True,False,1.14,-48.65,9.58,-2.27,-5.96,GapDownTrendBreak,C,Small
VIR,2020-02-28,12:00,44.11,38.0,-38.7,-7.25,-0.5,True,False,1.14,-47.49,11.59,-1.39,-3.6,GapDownTrendBreak,C,Small
VIR,2020-02-28,13:00,40.28,43.39,-44.03,-14.6,-0.36,True,False,1.14,-52.05,3.17,-1.69,-13.47,GapDownTrendBreak,C,Small
VIR,2020-02-28,14:00,40.0,43.78,-44.41,-14.28,-0.1,True,False,1.14,-52.38,-0.03,-6.2,-14.25,GapDownTrendBreak,C,Small
VIR,2020-02-28,15:00,41.63,41.5,-42.15,-10.29,-0.18,True,False,1.14,-50.45,1.29,-1.33,-9.79,GapDownTrendBreak,C,Small
VIR,2020-02-28,15:45,42.99,39.58,-40.26,-6.97,-0.14,True,False,1.14,-48.82,3.47,-6.3,-6.3,GapDownTrendBreak,C,Small
CODX,2020-02-28,09:30,578.13,11.07,-11.4,-3.49,,True,False,0.37,-25.88,42.92,7.06,31.5,3DGapFade,A,Micro
CODX,2020-02-28,09:45,583.8,10.2,-10.53,1.73,-4.2,True,False,0.37,-25.15,43.47,5.65,32.17,3DGapFade,A,Micro
CODX,2020-02-28,10:00,537.3,17.35,-17.66,-4.5,-1.96,True,False,0.37,-31.12,38.58,-4.97,26.3,3DGapFade,A,Micro
CODX,2020-02-28,10:30,564.0,13.24,-13.56,1.23,-0.27,True,False,0.37,-27.69,41.49,2.18,29.79,3DGapFade,A,Micro
CODX,2020-02-28,11:00,551.7,15.14,-15.45,-0.87,-0.15,True,False,0.37,-29.27,40.18,10.7,28.22,3DGapFade,A,Micro
CODX,2020-02-28,11:30,492.68,24.22,-24.49,-10.73,-0.68,True,False,0.37,-36.84,33.02,29.43,19.62,3DGapFade,A,Micro
CODX,2020-02-28,12:00,347.7,46.52,-46.71,-33.92,-1.75,True,False,0.37,-55.42,5.09,-14.41,-13.89,3DGapFade,A,Micro
CODX,2020-02-28,13:00,372.75,42.66,-42.87,-25.47,-0.61,True,False,0.37,-52.21,9.86,-2.78,-6.24,3DGapFade,A,Micro
CODX,2020-02-28,14:00,393.9,39.41,-39.63,-19.29,-0.37,True,False,0.37,-49.5,6.7,-8.23,-0.53,3DGapFade,A,Micro
CODX,2020-02-28,15:00,404.1,37.84,-38.07,-16.05,-0.2,True,False,0.37,-48.19,9.06,7.38,2.0,3DGapFade,A,Micro
CODX,2020-02-28,15:45,384.6,40.84,-41.06,-19.39,-0.33,True,False,0.37,-50.69,0.16,-2.96,-2.96,3DGapFade,A,Micro
AHPI,2020-02-28,09:30,37.3,9.99,-10.12,-3.62,,True,False,0.14,-44.49,57.51,-1.82,33.86,2DGapFade,C,Micro
AHPI,2020-02-28,09:45,31.63,23.67,-23.78,-14.42,-4.5,True,False,0.14,-52.93,49.89,-42.08,22.0,2DGapFade,C,Micro
AHPI,2020-02-28,10:00,37.98,8.35,-8.48,8.08,-4.92,True,False,0.14,-43.48,58.27,1.4,35.04,2DGapFade,C,Micro
AHPI,2020-02-28,10:30,37.45,9.63,-16.78,0.1,1.42,True,True,8.59,-44.27,57.68,14.02,34.13,2DGapFade,C,Micro
AHPI,2020-02-28,11:00,32.2,22.3,-28.44,-11.39,-0.78,True,True,8.59,-52.08,50.78,5.28,23.39,2DGapFade,C,Micro
AHPI,2020-02-28,11:30,30.5,26.4,-32.22,-15.52,-0.41,True,True,8.59,-54.61,48.03,22.2,19.11,2DGapFade,C,Micro
AHPI,2020-02-28,12:00,23.73,42.74,-47.27,-32.18,-1.25,True,True,8.59,-64.69,33.21,18.96,-3.96,2DGapFade,C,Micro
AHPI,2020-02-28,13:00,19.2,53.67,-57.33,-38.4,-2.64,True,True,8.59,-71.43,1.51,-30.73,-28.49,2DGapFade,C,Micro
AHPI,2020-02-28,14:00,24.14,41.74,-46.35,-20.01,-0.62,True,True,8.59,-64.08,10.69,-12.05,-2.19,2DGapFade,C,Micro
AHPI,2020-02-28,15:00,24.85,40.04,-44.78,-16.54,-0.32,True,True,8.59,-63.02,13.23,0.28,0.72,2DGapFade,C,Micro
AHPI,2020-02-28,15:45,24.0,42.08,-46.67,-18.49,-0.65,True,True,8.59,-64.29,2.04,-2.79,-2.79,2DGapFade,C,Micro
APT,2020-02-28,09:30,32.29,13.27,-13.27,-4.85,,True,False,0.0,-34.1,48.56,-13.7,38.12,3DGapFade,B,Micro
APT,2020-02-28,09:45,35.48,4.71,-6.64,1.68,2.82,True,True,2.07,-27.6,53.18,-12.32,43.68,3DGapFade,B,Micro
APT,2020-02-28,10:00,36.72,1.38,-7.03,3.63,1.54,True,True,6.07,-25.07,54.76,-0.26,45.58,3DGapFade,B,Micro
APT,2020-02-28,10:30,36.81,1.13,-11.49,0.25,0.55,True,True,11.71,-24.88,54.88,5.0,45.72,3DGapFade,B,Micro
APT,2020-02-28,11:00,34.97,6.07,-15.92,-3.48,-0.63,True,True,11.71,-28.63,52.5,19.85,42.87,3DGapFade,B,Micro
APT,2020-02-28,11:30,28.03,24.71,-32.6,-21.61,-1.11,True,True,11.71,-42.8,40.74,22.26,28.72,3DGapFade,B,Micro
APT,2020-02-28,12:00,21.79,41.47,-47.61,-37.12,-1.13,True,True,11.71,-55.53,23.77,10.74,8.31,3DGapFade,B,Micro
APT,2020-02-28,13:00,20.02,46.23,-51.86,-33.7,-1.13,True,True,11.71,-59.14,7.54,-6.99,0.2,3DGapFade,B,Micro
APT,2020-02-28,14:00,22.21,40.34,-46.6,-24.63,-0.68,True,True,11.71,-54.67,10.04,-10.22,10.04,3DGapFade,B,Micro
APT,2020-02-28,15:00,24.79,33.41,-40.39,-14.46,-0.24,True,True,11.71,-49.41,19.4,13.47,19.4,3DGapFade,B,Micro
APT,2020-02-28,15:45,20.05,46.15,-51.79,-30.05,-0.4,True,True,11.71,-59.08,0.35,0.35,0.35,3DGapFade,B,Micro
NKLA,2020-06-09,09:30,2593.2,7.18,-8.03,-2.67,,True,False,0.92,-11.26,34.06,27.99,8.1,2DGapFade,A,Medium
NKLA,2020-06-09,09:45,2204.09,21.11,-21.83,-4.84,-13.06,True,False,0.92,-24.58,22.42,14.18,-8.13,2DGapFade,A,Medium
NKLA,2020-06-09,10:00,1867.33,33.16,-33.78,-14.78,-5.4,True,False,0.92,-36.1,8.43,-12.94,-27.63,2DGapFade,A,Medium
NKLA,2020-06-09,10:30,2109.0,24.51,-25.2,0.97,-0.52,True,False,0.92,-27.83,2.56,-13.51,-13.0,2DGapFade,A,Medium
NKLA,2020-06-09,11:00,2394.0,14.31,-15.1,11.19,2.4,True,False,0.92,-18.08,10.89,4.57,0.45,2DGapFade,A,Medium
NKLA,2020-06-09,11:30,2284.5,18.23,-18.98,4.93,0.46,True,False,0.92,-21.83,0.53,-4.07,-4.32,2DGapFade,A,Medium
NKLA,2020-06-09,12:00,2377.5,14.9,-15.68,8.65,0.29,True,False,0.92,-18.64,2.84,-2.37,-0.24,2DGapFade,A,Medium
NKLA,2020-06-09,13:00,2393.59,14.33,-15.11,8.06,0.2,True,False,0.92,-18.09,3.49,-9.3,0.43,2DGapFade,A,Medium
NKLA,2020-06-09,14:00,2490.0,10.88,-11.69,9.75,0.4,True,False,0.92,-14.79,7.23,0.29,4.29,2DGapFade,A,Medium
NKLA,2020-06-09,15:00,2457.0,12.06,-12.86,7.51,0.13,True,False,0.92,-15.92,4.46,-1.44,3.0,2DGapFade,A,Medium
NKLA,2020-06-09,15:45,2434.64,12.86,-13.66,5.98,0.19,True,False,0.92,-16.69,3.58,2.11,2.11,2DGapFade,A,Medium
WKHS,2020-07-06,09:30,64305.0,-1.2,-0.16,0.72,,False,False,1.37,-2.79,19.2,8.83,17.66,GapDownTrendBreak,B,Small
WKHS,2020-07-06,09:45,58950.3,7.22,-8.48,-2.8,-5.01,True,False,1.37,-10.88,11.86,1.88,10.18,GapDownTrendBreak,B,Small
WKHS,2020-07-06,10:00,58629.9,7.73,-8.97,-2.42,-0.93,True,False,1.37,-11.37,11.38,0.73,9.69,GapDownTrendBreak,B,Small
WKHS,2020-07-06,10:30,58200.0,8.4,-9.64,-2.1,-0.24,True,False,1.37,-12.02,10.72,-0.62,9.02,GapDownTrendBreak,B,Small
WKHS,2020-07-06,11:00,58560.0,7.84,-9.08,-1.5,-0.06,True,False,1.37,-11.47,11.27,7.43,9.58,GapDownTrendBreak,B,Small
WKHS,2020-07-06,11:30,54210.0,14.68,-15.84,-7.96,-0.85,True,False,1.37,-18.05,4.15,-4.72,2.32,GapDownTrendBreak,B,Small
WKHS,2020-07-06,12:00,56768.1,10.66,-11.86,-3.07,-0.11,True,False,1.37,-14.18,8.47,-3.0,6.73,GapDownTrendBreak,B,Small
WKHS,2020-07-06,13:00,57086.4,10.16,-11.37,-2.36,-0.03,True,False,1.37,-13.7,8.98,1.04,7.25,GapDownTrendBreak,B,Small
WKHS,2020-07-06,14:00,55710.0,12.32,-13.51,-4.28,-0.18,True,False,1.37,-15.78,6.73,2.69,4.95,GapDownTrendBreak,B,Small
WKHS,2020-07-06,15:00,52935.0,16.69,-17.82,-7.51,-0.26,True,False,1.37,-19.98,1.11,-2.76,-0.03,GapDownTrendBreak,B,Small
WKHS,2020-07-06,15:45,53760.0,15.39,-16.53,-5.68,-0.12,True,False,1.37,-18.73,2.62,1.51,1.51,GapDownTrendBreak,B,Small
LI,2020-11-13,09:30,38.42,0.88,-1.23,0.03,,True,False,0.36,-7.87,21.63,-1.3,18.93,2DGapFade,B,Medium
LI,2020-11-13,09:45,38.82,-0.16,-4.86,-1.26,2.36,False,True,5.28,-6.9,22.44,2.46,19.78,2DGapFade,B,Medium
LI,2020-11-13,10:00,38.92,-0.41,-4.62,-0.92,-0.09,False,True,5.28,-6.67,22.64,7.73,19.98,2DGapFade,B,Medium
LI,2020-11-13,10:30,35.91,7.35,-12.0,-7.1,-0.89,True,True,5.28,-13.88,16.15,11.19,13.27,2DGapFade,B,Medium
LI,2020-11-13,11:00,31.89,17.72,-21.85,-13.78,-2.3,True,True,5.28,-23.53,5.58,-2.92,2.33,2DGapFade,B,Medium
LI,2020-11-13,11:30,32.82,15.32,-19.57,-9.95,-0.4,True,True,5.28,-21.29,8.26,-1.46,5.1,2DGapFade,B,Medium
LI,2020-11-13,12:00,33.3,14.09,-18.39,-8.16,-0.22,True,True,5.28,-20.14,9.58,2.6,6.47,2DGapFade,B,Medium
LI,2020-11-13,13:00,33.56,13.42,-17.76,-6.51,-0.14,True,True,5.28,-19.52,10.28,0.89,7.19,2DGapFade,B,Medium
LI,2020-11-13,14:00,32.38,16.46,-20.65,-9.4,-0.15,True,True,5.28,-22.35,7.01,3.24,3.81,2DGapFade,B,Medium
LI,2020-11-13,15:00,30.74,20.69,-24.67,-12.95,-0.4,True,True,5.28,-26.28,1.66,-0.59,-1.32,2DGapFade,B,Medium
LI,2020-11-13,15:45,30.98,20.08,-24.08,-11.71,-0.15,True,True,5.28,-25.71,0.03,-0.54,-0.54,2DGapFade,B,Medium
XPEV,2020-11-24,09:30,71.75,0.58,-0.62,-0.12,,True,False,0.04,-8.01,12.52,7.06,1.52,2DGapFade,B,Medium
XPEV,2020-11-24,09:45,66.53,7.81,-7.85,0.0,-7.39,True,False,0.04,-14.71,4.25,0.06,-6.21,2DGapFade,B,Medium
XPEV,2020-11-24,10:00,66.69,7.6,-7.64,0.56,-0.32,True,False,0.04,-14.5,2.45,1.18,-5.96,2DGapFade,B,Medium
XPEV,2020-11-24,10:30,65.9,8.69,-8.73,-0.9,-0.04,True,False,0.04,-15.51,0.15,-5.24,-7.22,2DGapFade,B,Medium
XPEV,2020-11-24,11:00,69.35,3.91,-3.95,4.0,0.28,True,False,0.04,-11.09,4.83,-6.01,-1.89,2DGapFade,B,Medium
XPEV,2020-11-24,11:30,73.52,-1.86,-1.31,8.21,1.27,False,True,3.21,-5.75,10.22,5.91,3.88,2DGapFade,B,Medium
XPEV,2020-11-24,12:00,69.17,4.16,-7.14,1.2,0.08,True,True,3.21,-11.32,4.58,1.16,-2.15,2DGapFade,B,Medium
XPEV,2020-11-24,13:00,67.35,6.68,-9.59,-1.39,-0.06,True,True,3.21,-13.65,0.74,-1.21,-4.91,2DGapFade,B,Medium
XPEV,2020-11-24,14:00,68.21,5.49,-8.43,-0.16,-0.0,True,True,3.21,-12.55,1.99,1.04,-3.59,2DGapFade,B,Medium
XPEV,2020-11-24,15:00,69.69,3.44,-6.44,2.02,0.04,True,True,3.21,-10.65,1.59,-0.8,-1.39,2DGapFade,B,Medium
XPEV,2020-11-24,15:45,69.79,3.3,-6.31,2.04,0.03,True,True,3.21,-10.53,0.92,-1.25,-1.25,2DGapFade,B,Medium
LI,2020-11-24,09:30,46.7,1.84,-2.09,-0.7,,True,False,0.25,-5.19,11.14,5.25,5.9,3DGapFade,B,Medium
LI,2020-11-24,09:45,42.75,10.15,-10.38,-2.61,-6.68,True,False,0.25,-13.22,2.22,-4.51,-2.81,3DGapFade,B,Medium
LI,2020-11-24,10:00,44.25,7.0,-7.23,1.21,-0.39,True,False,0.25,-10.17,4.56,-0.14,0.68,3DGapFade,B,Medium
LI,2020-11-24,10:30,44.31,6.87,-7.11,0.3,0.11,True,False,0.25,-10.05,4.69,-2.74,0.81,3DGapFade,B,Medium
LI,2020-11-24,11:00,45.52,4.32,-4.56,2.82,0.19,True,False,0.25,-7.58,7.24,-1.02,3.46,3DGapFade,B,Medium
LI,2020-11-24,11:30,45.99,3.34,-3.58,3.38,0.32,True,False,0.25,-6.64,8.18,1.99,4.44,3DGapFade,B,Medium
LI,2020-11-24,12:00,45.08,5.26,-5.5,1.18,0.04,True,False,0.25,-8.5,6.31,1.66,2.5,3DGapFade,B,Medium
LI,2020-11-24,13:00,43.09,9.44,-9.66,-3.1,-0.08,True,False,0.25,-12.53,2.0,-0.05,-2.0,3DGapFade,B,Medium
LI,2020-11-24,14:00,42.7,10.26,-10.48,-3.75,-0.08,True,False,0.25,-13.32,1.1,0.33,-2.93,3DGapFade,B,Medium
LI,2020-11-24,15:00,43.93,7.67,-7.9,-0.73,-0.04,True,False,0.25,-10.82,1.39,0.39,-0.05,3DGapFade,B,Medium
LI,2020-11-24,15:45,43.87,7.8,-8.03,-0.82,-0.02,True,False,0.25,-10.94,0.46,-0.18,-0.18,3DGapFade,B,Medium
BLNK,2020-11-24,09:30,29.79,4.0,-4.47,-1.23,,True,False,0.48,-19.47,16.04,-0.44,5.6,GapDownTrendBreak,C,Small
BLNK,2020-11-24,09:45,26.33,15.15,-15.55,-5.79,-7.33,True,False,0.48,-28.82,2.54,-11.93,-6.8,GapDownTrendBreak,C,Small
BLNK,2020-11-24,10:00,29.92,3.58,-4.04,7.09,-0.03,True,False,0.48,-19.11,14.24,5.58,6.02,GapDownTrendBreak,C,Small
BLNK,2020-11-24,10:30,28.25,8.96,-11.72,-1.58,0.03,True,True,3.13,-23.63,9.17,-4.58,0.46,GapDownTrendBreak,C,Small
BLNK,2020-11-24,11:00,29.54,4.79,-7.67,2.61,0.1,True,True,3.13,-20.13,13.15,-1.49,4.82,GapDownTrendBreak,C,Small
BLNK,2020-11-24,11:30,29.98,3.37,-6.3,3.38,0.21,True,True,3.13,-18.94,14.42,3.99,6.22,GapDownTrendBreak,C,Small
BLNK,2020-11-24,12:00,28.79,7.22,-10.03,-0.71,-0.07,True,True,3.13,-22.17,10.87,0.14,2.33,GapDownTrendBreak,C,Small
BLNK,2020-11-24,13:00,27.4,11.7,-14.38,-5.22,-0.15,True,True,3.13,-25.93,6.35,3.07,-2.63,GapDownTrendBreak,C,Small
BLNK,2020-11-24,14:00,26.56,14.41,-17.01,-7.52,-0.15,True,True,3.13,-28.2,3.38,1.57,-5.88,GapDownTrendBreak,C,Small
BLNK,2020-11-24,15:00,27.8,10.43,-13.14,-2.41,-0.07,True,True,3.13,-24.86,0.49,-2.8,-1.17,GapDownTrendBreak,C,Small
BLNK,2020-11-24,15:45,28.14,9.3,-12.05,-1.26,-0.0,True,True,3.13,-23.92,0.58,0.08,0.08,GapDownTrendBreak,C,Small
PLTR,2020-11-27,09:30,31.84,-2.07,-0.26,0.63,,False,False,2.34,-0.17,17.96,1.72,13.12,3DGapFade,A,Medium
PLTR,2020-11-27,09:45,32.19,-3.19,-3.92,-0.85,2.61,False,True,7.41,0.93,18.85,6.32,14.06,3DGapFade,A,Medium
PLTR,2020-11-27,10:00,31.29,-0.32,-6.6,-2.94,-0.7,False,True,7.41,-1.88,16.52,1.34,11.6,3DGapFade,A,Medium
PLTR,2020-11-27,10:30,30.87,1.03,-7.85,-2.01,-0.57,True,True,7.41,-3.2,15.39,1.23,10.4,3DGapFade,A,Medium
PLTR,2020-11-27,11:00,30.49,2.24,-8.99,-2.58,-0.34,True,True,7.41,-4.39,14.33,6.27,9.28,3DGapFade,A,Medium
PLTR,2020-11-27,11:30,28.58,8.37,-14.69,-7.89,-0.66,True,True,7.41,-10.39,8.6,-0.99,3.21,3DGapFade,A,Medium
PLTR,2020-11-27,12:00,28.86,7.46,-13.85,-4.52,-1.26,True,True,7.41,-9.5,5.27,1.76,4.16,3DGapFade,A,Medium
PLTR,2020-11-27,13:00,27.66,11.32,-17.43,-7.45,-0.31,True,True,7.41,-13.26,-0.0,-0.0,-0.0,3DGapFade,A,Medium
PLTR,2020-11-27,14:00,27.66,11.32,-17.43,-7.45,0.0,True,True,7.41,-13.26,-0.0,-0.0,-0.0,3DGapFade,A,Medium
PLTR,2020-11-27,15:00,27.66,11.32,-17.43,-7.45,0.0,True,True,7.41,-13.26,-0.0,-0.0,-0.0,3DGapFade,A,Medium
PLTR,2020-11-27,15:45,27.66,11.32,-17.43,-7.45,0.0,True,True,7.41,-13.26,-0.0,-0.0,-0.0,3DGapFade,A,Medium
MRNA,2020-12-01,09:30,174.2,1.95,-2.14,-0.24,,True,False,0.19,-2.45,25.18,2.61,19.02,3DGapFade,A,Medium
MRNA,2020-12-01,09:45,169.1,4.82,-5.27,-2.07,-1.11,True,True,0.47,-5.3,22.93,-0.72,16.58,3DGapFade,A,Medium
MRNA,2020-12-01,10:00,169.65,4.51,-4.96,-1.36,-0.4,True,True,0.47,-5.0,23.18,2.19,16.85,3DGapFade,A,Medium
MRNA,2020-12-01,10:30,165.94,6.6,-7.04,-2.89,-0.56,True,True,0.47,-7.08,21.46,4.31,14.99,3DGapFade,A,Medium
MRNA,2020-12-01,11:00,158.79,10.62,-11.04,-5.34,-0.81,True,True,0.47,-11.08,17.92,-2.28,11.17,3DGapFade,A,Medium
MRNA,2020-12-01,11:30,162.41,8.58,-9.01,-2.73,-0.12,True,True,0.47,-9.05,19.75,3.23,13.15,3DGapFade,A,Medium
MRNA,2020-12-01,12:00,157.16,11.54,-11.95,-5.48,-0.21,True,True,0.47,-11.99,17.07,0.81,10.24,3DGapFade,A,Medium
MRNA,2020-12-01,13:00,140.08,21.15,-21.52,-13.55,-1.37,True,True,0.47,-21.55,6.96,-2.76,-0.7,3DGapFade,A,Medium
MRNA,2020-12-01,14:00,142.24,19.94,-20.31,-9.67,-0.31,True,True,0.47,-20.34,8.37,4.44,0.83,3DGapFade,A,Medium
MRNA,2020-12-01,15:00,132.71,25.3,-25.65,-14.06,-0.4,True,True,0.47,-25.68,1.79,-4.4,-6.29,3DGapFade,A,Medium
MRNA,2020-12-01,15:45,141.51,20.35,-20.72,-7.31,-0.28,True,True,0.47,-20.75,1.97,0.32,0.32,3DGapFade,A,Medium
QS,2020-12-23,09:30,119.42,2.13,-2.2,-0.04,,True,False,0.07,-13.46,13.67,8.18,7.13,GapDownTrendBreak,B,Medium
QS,2020-12-23,09:45,110.86,9.15,-10.23,-5.91,-1.39,True,True,1.21,-19.67,7.0,-4.95,-0.04,GapDownTrendBreak,B,Medium
QS,2020-12-23,10:00,109.66,10.13,-11.21,-3.76,-3.29,True,True,1.21,-20.54,2.09,-7.31,-1.13,GapDownTrendBreak,B,Medium
QS,2020-12-23,10:30,117.68,3.56,-4.72,2.68,0.4,True,True,1.21,-14.73,8.76,1.39,5.76,GapDownTrendBreak,B,Medium
QS,2020-12-23,11:00,116.03,4.91,-6.05,0.94,0.1,True,True,1.21,-15.92,7.47,-1.92,4.42,GapDownTrendBreak,B,Medium
QS,2020-12-23,11:30,118.26,3.08,-4.24,2.5,0.24,True,True,1.21,-14.3,9.21,-0.18,6.22,GapDownTrendBreak,B,Medium
QS,2020-12-23,12:00,118.47,2.91,-4.07,2.39,0.1,True,True,1.21,-14.15,9.37,0.58,6.39,GapDownTrendBreak,B,Medium
QS,2020-12-23,13:00,117.09,4.04,-5.19,1.07,0.03,True,True,1.21,-15.15,8.3,3.15,5.29,GapDownTrendBreak,B,Medium
QS,2020-12-23,14:00,115.29,5.52,-6.65,-0.32,-0.01,True,True,1.21,-16.46,6.87,-1.52,3.81,GapDownTrendBreak,B,Medium
QS,2020-12-23,15:00,114.78,5.93,-7.06,-0.78,-0.01,True,True,1.21,-16.82,6.46,4.54,3.38,GapDownTrendBreak,B,Medium
QS,2020-12-23,15:45,111.9,8.29,-9.39,-2.84,-0.14,True,True,1.21,-18.91,1.61,0.89,0.89,GapDownTrendBreak,B,Medium
BBBY,2021-01-25,09:30,32.86,-3.75,-0.26,1.42,,False,False,4.02,1.82,16.14,-8.23,15.12,3DGapFade,A,Medium
BBBY,2021-01-25,09:45,35.34,-11.57,-6.9,-0.26,9.36,False,True,19.83,9.49,22.02,-13.27,21.07,3DGapFade,A,Medium
BBBY,2021-01-25,10:00,35.56,-12.28,-6.3,0.09,0.29,False,True,19.83,10.2,22.52,-10.76,21.57,3DGapFade,A,Medium
BBBY,2021-01-25,10:30,39.39,-24.36,-2.5,7.13,1.05,False,True,27.55,22.05,30.05,5.14,29.19,3DGapFade,A,Medium
BBBY,2021-01-25,11:00,37.36,-17.97,-13.89,-1.46,0.64,False,True,37.0,15.77,26.25,15.62,25.35,3DGapFade,A,Medium
BBBY,2021-01-25,11:30,31.53,0.46,-27.34,-15.1,-0.95,True,True,37.0,-2.31,12.6,0.55,11.53,3DGapFade,A,Medium
BBBY,2021-01-25,12:00,31.35,1.0,-27.74,-14.47,-0.52,True,True,37.0,-2.85,12.12,7.57,11.05,3DGapFade,A,Medium
BBBY,2021-01-25,13:00,29.38,7.24,-32.29,-17.12,-0.42,True,True,37.0,-8.97,5.44,3.74,5.07,3DGapFade,A,Medium
BBBY,2021-01-25,14:00,30.07,5.07,-30.71,-13.83,-0.39,True,True,37.0,-6.84,7.6,1.67,7.23,3DGapFade,A,Medium
BBBY,2021-01-25,15:00,29.21,7.78,-32.68,-15.63,-0.22,True,True,37.0,-9.49,4.89,1.37,4.51,3DGapFade,A,Medium
BBBY,2021-01-25,15:45,28.67,9.49,-33.93,-16.52,-0.3,True,True,37.0,-11.17,3.09,2.71,2.71,3DGapFade,A,Medium
PLTR,2021-01-28,09:30,39.35,0.48,-1.06,-0.14,,True,False,0.58,-10.16,15.88,-1.81,9.2,GapDownTrendBreak,B,Medium
PLTR,2021-01-28,09:45,41.84,-5.82,-0.38,4.44,1.67,False,True,6.22,-4.47,20.89,5.14,14.6,GapDownTrendBreak,B,Medium
PLTR,2021-01-28,10:00,40.06,-1.32,-4.61,-0.39,0.39,False,True,6.22,-8.53,17.38,2.73,10.82,GapDownTrendBreak,B,Medium
PLTR,2021-01-28,10:30,38.97,1.44,-7.21,-2.38,-0.53,True,True,6.22,-11.03,15.06,6.29,8.31,GapDownTrendBreak,B,Medium
PLTR,2021-01-28,11:00,36.52,7.64,-13.05,-5.85,-0.79,True,True,6.22,-16.62,9.36,4.99,2.16,GapDownTrendBreak,B,Medium
PLTR,2021-01-28,11:30,34.7,12.25,-17.39,-7.51,-1.78,True,True,6.22,-20.78,2.53,-1.3,-2.97,GapDownTrendBreak,B,Medium
PLTR,2021-01-28,12:00,35.15,11.1,-16.31,-5.0,-0.54,True,True,6.22,-19.75,2.13,-2.47,-1.65,GapDownTrendBreak,B,Medium
PLTR,2021-01-28,13:00,36.02,8.9,-14.24,-1.93,-0.12,True,True,6.22,-17.76,2.44,-1.19,0.81,GapDownTrendBreak,B,Medium
PLTR,2021-01-28,14:00,36.0,8.95,-14.29,-1.85,-0.02,True,True,6.22,-17.81,2.39,2.08,0.75,GapDownTrendBreak,B,Medium
PLTR,2021-01-28,15:00,36.04,8.85,-14.19,-1.57,-0.02,True,True,6.22,-17.72,2.19,1.42,0.86,GapDownTrendBreak,B,Medium
PLTR,2021-01-28,15:45,35.9,9.21,-14.52,-1.84,-0.04,True,True,6.22,-18.04,0.97,0.47,0.47,GapDownTrendBreak,B,Medium
BBBY,2021-01-28,09:30,36.83,1.87,-3.89,-1.32,,True,False,2.11,-30.16,25.75,-13.68,17.06,GapDownTrendBreak,B,Medium
BBBY,2021-01-28,09:45,39.53,-5.33,-3.89,2.51,3.32,False,True,9.59,-25.03,30.82,-8.33,22.73,GapDownTrendBreak,B,Medium
BBBY,2021-01-28,10:00,41.86,-11.56,-4.06,6.63,1.81,False,True,16.28,-20.6,34.68,0.03,27.04,GapDownTrendBreak,B,Medium
BBBY,2021-01-28,10:30,41.85,-11.52,-6.96,2.38,1.48,False,True,19.86,-20.63,34.66,17.55,27.02,GapDownTrendBreak,B,Medium
BBBY,2021-01-28,11:00,34.5,8.06,-23.29,-12.89,-2.05,True,True,19.86,-34.56,20.75,12.33,11.48,GapDownTrendBreak,B,Medium
BBBY,2021-01-28,11:30,30.25,19.4,-32.75,-18.55,-2.89,True,True,19.86,-42.63,9.6,-3.51,-0.97,GapDownTrendBreak,B,Medium
BBBY,2021-01-28,12:00,31.31,16.57,-30.4,-13.31,-1.58,True,True,19.86,-40.62,9.84,1.9,2.45,GapDownTrendBreak,B,Medium
BBBY,2021-01-28,13:00,29.46,21.49,-34.5,-17.05,-0.36,True,True,19.86,-44.12,4.2,1.08,-3.66,GapDownTrendBreak,B,Medium
BBBY,2021-01-28,14:00,29.83,20.5,-33.68,-14.83,-0.3,True,True,19.86,-43.42,3.52,3.04,-2.38,GapDownTrendBreak,B,Medium
BBBY,2021-01-28,15:00,30.73,18.12,-31.69,-11.2,-0.3,True,True,19.86,-41.72,2.37,0.7,0.6,GapDownTrendBreak,B,Medium
BBBY,2021-01-28,15:45,30.76,18.04,-31.62,-10.44,-0.26,True,True,19.86,-41.66,2.47,0.7,0.7,GapDownTrendBreak,B,Medium
AMC,2021-01-28,09:30,128.8,-7.51,-1.0,3.34,,False,False,8.6,-44.0,49.46,-5.74,32.64,GapDownTrendBreak,A,Medium
AMC,2021-01-28,09:45,145.0,-21.04,-12.12,5.36,10.42,False,True,37.73,-36.96,55.1,7.89,40.17,GapDownTrendBreak,A,Medium
AMC,2021-01-28,10:00,136.19,-13.68,-17.46,-3.17,2.2,False,True,37.73,-40.79,52.2,29.66,36.3,GapDownTrendBreak,A,Medium
AMC,2021-01-28,10:30,95.79,20.04,-41.94,-27.02,-4.89,True,True,37.73,-58.35,32.04,2.71,9.43,GapDownTrendBreak,A,Medium
AMC,2021-01-28,11:00,93.2,22.2,-43.52,-15.87,-5.69,True,True,37.73,-59.48,30.15,14.76,6.91,GapDownTrendBreak,A,Medium
AMC,2021-01-28,11:30,79.44,33.69,-51.85,-25.09,-3.34,True,True,37.73,-65.46,4.34,-12.91,-9.2,GapDownTrendBreak,A,Medium
AMC,2021-01-28,12:00,89.7,25.12,-45.64,-12.68,-1.37,True,True,37.73,-61.0,6.91,-17.5,3.28,GapDownTrendBreak,A,Medium
AMC,2021-01-28,13:00,102.69,14.28,-37.76,0.61,0.03,True,True,37.73,-55.35,18.69,3.41,15.51,GapDownTrendBreak,A,Medium
AMC,2021-01-28,14:00,97.5,18.61,-40.91,-4.12,-0.08,True,True,37.73,-57.61,14.36,8.51,11.02,GapDownTrendBreak,A,Medium
AMC,2021-01-28,15:00,99.0,17.36,-40.0,-2.0,0.09,True,True,37.73,-56.96,13.03,2.92,12.37,GapDownTrendBreak,A,Medium
AMC,2021-01-28,15:45,90.8,24.21,-44.97,-10.0,-0.02,True,True,37.73,-60.52,5.18,4.45,4.45,GapDownTrendBreak,A,Medium
CCIV,2021-02-19,09:30,60.3,-0.35,-0.17,0.38,,False,False,0.52,-3.45,16.55,-0.28,12.25,GapDownTrendBreak,C,Medium
CCIV,2021-02-19,09:45,60.06,0.05,-3.08,-0.36,0.34,True,True,3.13,-3.83,16.22,1.05,11.9,GapDownTrendBreak,C,Medium
CCIV,2021-02-19,10:00,60.47,-0.63,-2.42,0.56,-0.24,False,True,3.13,-3.17,16.78,-0.38,12.5,GapDownTrendBreak,C,Medium
CCIV,2021-02-19,10:30,60.7,-1.02,-2.05,1.23,-0.02,False,True,3.13,-2.8,17.1,1.45,12.83,GapDownTrendBreak,C,Medium
CCIV,2021-02-19,11:00,59.82,0.45,-3.47,-0.24,-0.01,True,True,3.13,-4.21,15.88,-0.4,11.55,GapDownTrendBreak,C,Medium
CCIV,2021-02-19,11:30,60.06,0.05,-3.08,0.15,0.01,True,True,3.13,-3.83,16.22,0.35,11.9,GapDownTrendBreak,C,Medium
CCIV,2021-02-19,12:00,59.85,0.4,-3.42,-0.15,-0.03,True,True,3.13,-4.16,15.92,1.14,11.6,GapDownTrendBreak,C,Medium
CCIV,2021-02-19,13:00,58.48,2.68,-5.63,-1.63,-0.34,True,True,3.13,-6.36,13.95,-1.92,9.52,GapDownTrendBreak,C,Medium
CCIV,2021-02-19,14:00,58.97,1.86,-4.84,-0.74,0.0,True,True,3.13,-5.57,14.67,1.41,10.28,GapDownTrendBreak,C,Medium
CCIV,2021-02-19,15:00,57.85,3.73,-6.65,-2.38,-0.12,True,True,3.13,-7.37,13.02,4.07,8.54,GapDownTrendBreak,C,Medium
CCIV,2021-02-19,15:45,52.24,13.06,-15.7,-8.7,-0.51,True,True,3.13,-16.35,0.46,-1.28,-1.28,GapDownTrendBreak,C,Medium
GME,2021-03-10,09:30,66.05,1.94,-1.94,-0.61,,True,False,0.0,-10.72,34.9,-7.82,0.44,3DGapFade,A,Medium
GME,2021-03-10,09:45,71.48,-6.12,-1.4,3.3,4.13,False,True,7.63,-3.38,39.85,-1.15,8.0,3DGapFade,A,Medium
GME,2021-03-10,10:00,71.22,-5.73,-3.26,1.35,1.54,False,True,9.29,-3.74,39.62,-1.09,7.66,3DGapFade,A,Medium
GME,2021-03-10,10:30,71.99,-6.88,-5.28,0.61,0.96,False,True,12.83,-2.69,40.27,-1.63,8.65,3DGapFade,A,Medium
GME,2021-03-10,11:00,73.16,-8.61,-3.74,1.86,0.22,False,True,12.83,-1.11,41.22,-4.91,10.11,3DGapFade,A,Medium
GME,2021-03-10,11:30,76.75,-13.94,-0.97,5.87,0.73,False,True,15.06,3.74,43.97,-7.95,14.32,3DGapFade,A,Medium
GME,2021-03-10,12:00,82.85,-23.0,-1.37,10.56,1.38,False,True,24.71,11.99,48.1,24.96,20.62,3DGapFade,A,Medium
GME,2021-03-10,13:00,65.99,2.03,-24.26,-8.97,-2.85,True,True,29.35,-10.8,16.48,-5.46,0.35,3DGapFade,A,Medium
GME,2021-03-10,14:00,67.75,-0.58,-22.24,-4.35,-0.18,False,True,29.35,-8.42,16.61,11.03,2.93,3DGapFade,A,Medium
GME,2021-03-10,15:00,65.05,3.42,-25.33,-6.94,-0.19,True,True,29.35,-12.07,5.45,1.33,-1.09,3DGapFade,A,Medium
GME,2021-03-10,15:45,67.2,0.23,-22.87,-3.54,-0.1,True,True,29.35,-9.16,3.09,2.14,2.14,3DGapFade,A,Medium
BBBY,2021-06-03,09:30,35.09,-0.18,-0.39,0.3,,False,False,0.57,-16.07,17.75,7.68,17.38,GapDownTrendBreak,B,Medium
BBBY,2021-06-03,09:45,32.06,8.46,-9.07,-3.16,-5.36,True,True,0.67,-23.31,9.98,3.46,9.58,GapDownTrendBreak,B,Medium
BBBY,2021-06-03,10:00,32.4,7.51,-8.13,-0.39,-1.77,True,True,0.67,-22.51,10.91,4.4,10.51,GapDownTrendBreak,B,Medium
BBBY,2021-06-03,10:30,30.97,11.58,-12.17,-3.53,-0.43,True,True,0.67,-25.92,6.81,2.7,6.4,GapDownTrendBreak,B,Medium
BBBY,2021-06-03,11:00,30.14,13.96,-14.54,-5.18,-0.33,True,True,0.67,-27.92,4.22,1.0,3.8,GapDownTrendBreak,B,Medium
BBBY,2021-06-03,11:30,29.84,14.82,-15.39,-5.3,-0.41,True,True,0.67,-28.64,3.26,1.98,2.83,GapDownTrendBreak,B,Medium
BBBY,2021-06-03,12:00,29.25,16.5,-17.06,-6.59,-0.43,True,True,0.67,-30.05,1.31,-3.03,0.87,GapDownTrendBreak,B,Medium
BBBY,2021-06-03,13:00,30.41,13.18,-13.77,-2.02,-0.25,True,True,0.67,-27.27,5.08,0.66,4.66,GapDownTrendBreak,B,Medium
BBBY,2021-06-03,14:00,32.93,6.0,-6.63,5.95,0.51,True,True,0.67,-21.24,12.34,2.68,11.95,GapDownTrendBreak,B,Medium
BBBY,2021-06-03,15:00,30.71,12.32,-12.91,-1.56,-0.06,True,True,0.67,-26.54,6.02,3.34,5.6,GapDownTrendBreak,B,Medium
BBBY,2021-06-03,15:45,29.45,15.94,-16.5,-5.31,-0.17,True,True,0.67,-29.57,1.98,1.54,1.54,GapDownTrendBreak,B,Medium
WISH,2021-06-09,09:30,413.7,6.0,-6.76,-2.34,,True,False,0.82,-21.87,25.67,8.96,23.13,2DGapFade,A,Medium
WISH,2021-06-09,09:45,391.8,10.97,-12.93,-5.52,-2.1,True,True,2.25,-26.01,21.52,9.34,18.84,2DGapFade,A,Medium
WISH,2021-06-09,10:00,376.65,14.42,-16.3,-6.9,-2.44,True,True,2.25,-28.87,18.36,5.3,15.57,2DGapFade,A,Medium
WISH,2021-06-09,10:30,356.7,18.95,-20.73,-8.02,-3.02,True,True,2.25,-32.63,13.79,-2.44,10.85,2DGapFade,A,Medium
WISH,2021-06-09,11:00,365.4,16.97,-18.8,-4.96,-0.35,True,True,2.25,-30.99,15.85,6.4,12.97,2DGapFade,A,Medium
WISH,2021-06-09,11:30,342.0,22.29,-24.0,-10.3,-0.48,True,True,2.25,-35.41,10.09,3.25,7.02,2DGapFade,A,Medium
WISH,2021-06-09,12:00,330.9,24.81,-26.47,-12.02,-0.94,True,True,2.25,-37.51,7.07,1.09,3.9,2DGapFade,A,Medium
WISH,2021-06-09,13:00,361.8,17.79,-19.6,-2.57,-0.18,True,True,2.25,-31.67,15.01,5.89,12.11,2DGapFade,A,Medium
WISH,2021-06-09,14:00,339.0,22.97,-24.67,-8.19,-0.15,True,True,2.25,-35.98,9.29,-1.02,6.19,2DGapFade,A,Medium
WISH,2021-06-09,15:00,333.95,24.12,-25.79,-9.19,-0.12,True,True,2.25,-36.93,7.92,3.09,4.78,2DGapFade,A,Medium
WISH,2021-06-09,15:45,315.24,28.37,-29.95,-13.71,-0.26,True,True,2.25,-40.46,2.46,-0.87,-0.87,2DGapFade,A,Medium
CLOV,2021-06-09,09:30,26.87,4.04,-6.86,-2.21,,True,False,3.04,-5.09,37.48,14.51,36.84,3DGapFade,A,Medium
CLOV,2021-06-09,09:45,24.75,11.59,-14.2,-4.01,-6.15,True,False,3.04,-12.56,32.13,16.34,31.44,3DGapFade,A,Medium
CLOV,2021-06-09,10:00,22.97,17.96,-20.38,-9.12,-1.99,True,False,3.04,-18.86,26.86,7.84,26.12,3DGapFade,A,Medium
CLOV,2021-06-09,10:30,21.17,24.39,-26.62,-10.3,-3.76,True,False,3.04,-25.22,20.64,-0.57,19.84,3DGapFade,A,Medium
CLOV,2021-06-09,11:00,21.29,23.96,-26.2,-8.31,-0.64,True,False,3.04,-24.8,21.09,11.08,20.29,3DGapFade,A,Medium
CLOV,2021-06-09,11:30,18.93,32.39,-34.38,-17.17,-1.19,True,False,3.04,-33.13,11.26,3.87,10.36,3DGapFade,A,Medium
CLOV,2021-06-09,12:00,18.2,35.0,-36.92,-18.42,-1.5,True,False,3.04,-35.71,7.69,-5.16,6.76,3DGapFade,A,Medium
CLOV,2021-06-09,13:00,20.47,26.89,-29.04,-6.12,-0.36,True,False,3.04,-27.69,17.93,6.04,17.1,3DGapFade,A,Medium
CLOV,2021-06-09,14:00,19.18,31.5,-33.51,-11.25,-0.18,True,False,3.04,-32.25,12.41,1.0,11.53,3DGapFade,A,Medium
CLOV,2021-06-09,15:00,18.89,32.54,-34.52,-12.0,-0.2,True,False,3.04,-33.27,11.06,8.21,10.16,3DGapFade,A,Medium
CLOV,2021-06-09,15:45,16.96,39.43,-41.21,-19.89,-0.46,True,False,3.04,-40.09,0.94,-0.06,-0.06,3DGapFade,A,Medium
CEI,2022-03-08,09:30,81.0,2.99,-4.14,-1.02,,True,False,1.2,-8.47,38.27,2.78,23.49,3DGapFade,B,Micro
CEI,2022-03-08,09:45,91.5,-9.58,-7.58,3.33,8.21,False,True,18.56,3.39,45.36,13.11,32.27,3DGapFade,B,Micro
CEI,2022-03-08,10:00,78.75,5.69,-20.45,-10.72,-0.4,True,True,18.56,-11.02,36.51,-6.66,21.31,3DGapFade,B,Micro
CEI,2022-03-08,10:30,84.0,-0.59,-15.16,-2.16,-0.73,False,True,18.56,-5.09,40.47,-0.05,26.22,3DGapFade,B,Micro
CEI,2022-03-08,11:00,84.04,-0.64,-15.12,-2.17,-0.16,False,True,18.56,-5.05,40.5,-0.98,26.26,3DGapFade,B,Micro
CEI,2022-03-08,11:30,84.86,-1.62,-14.29,-1.35,0.12,False,True,18.56,-4.12,41.08,5.74,26.97,3DGapFade,B,Micro
CEI,2022-03-08,12:00,79.98,4.21,-19.21,-6.6,-0.35,True,True,18.56,-9.62,37.49,33.43,22.52,3DGapFade,B,Micro
CEI,2022-03-08,13:00,63.98,23.37,-35.37,-16.6,-1.48,True,True,18.56,-27.7,11.7,0.82,3.15,3DGapFade,B,Micro
CEI,2022-03-08,14:00,67.5,19.16,-31.82,-10.66,-0.3,True,True,18.56,-23.73,16.3,7.37,8.19,3DGapFade,B,Micro
CEI,2022-03-08,15:00,60.25,27.84,-39.14,-19.53,-0.42,True,True,18.56,-31.92,5.39,4.56,-2.85,3DGapFade,B,Micro
CEI,2022-03-08,15:45,60.96,26.99,-38.42,-18.01,-0.29,True,True,18.56,-31.11,1.58,-1.65,-1.65,3DGapFade,B,Micro
USEG,2022-03-08,09:30,10.07,-0.45,-2.18,1.61,,False,False,2.69,-6.19,37.17,-16.03,27.15,3DGapFade,C,Micro
USEG,2022-03-08,09:45,12.01,-19.74,-1.88,14.78,5.53,False,True,22.03,11.82,47.29,13.15,38.88,3DGapFade,C,Micro
USEG,2022-03-08,10:00,11.69,-16.55,-16.02,0.94,10.68,False,True,38.78,8.85,45.85,16.42,37.21,3DGapFade,C,Micro
USEG,2022-03-08,10:30,9.77,2.59,-29.81,-14.84,-1.1,True,True,38.78,-9.03,35.21,-5.32,24.87,3DGapFade,C,Micro
USEG,2022-03-08,11:00,10.29,-2.59,-26.08,-8.95,-0.57,False,True,38.78,-4.19,38.48,-7.09,28.67,3DGapFade,C,Micro
USEG,2022-03-08,11:30,11.02,-9.87,-20.83,-3.2,0.66,False,True,38.78,2.61,42.56,3.9,33.39,3DGapFade,C,Micro
USEG,2022-03-08,12:00,10.59,-5.58,-23.92,-6.9,-0.09,False,True,38.78,-1.4,40.23,26.16,30.69,3DGapFade,C,Micro
USEG,2022-03-08,13:00,7.71,23.15,-44.62,-29.02,-0.75,True,True,38.78,-28.23,14.25,-6.9,4.78,3DGapFade,C,Micro
USEG,2022-03-08,14:00,7.8,22.23,-43.96,-26.65,-0.41,True,True,38.78,-27.37,15.26,5.13,5.9,3DGapFade,C,Micro
USEG,2022-03-08,15:00,7.64,23.88,-45.15,-27.62,-0.12,True,True,38.78,-28.91,13.43,7.27,3.86,3DGapFade,C,Micro
USEG,2022-03-08,15:45,7.28,27.47,-47.74,-30.56,-0.18,True,True,38.78,-32.26,1.58,-0.89,-0.89,3DGapFade,C,Micro
USWS,2022-03-08,09:30,19.2,-0.0,-3.9,-0.83,,False,False,4.06,-18.58,55.0,9.06,44.69,3DGapFade,A,Micro
USWS,2022-03-08,09:45,16.91,11.92,-15.36,-7.71,-5.35,True,False,4.06,-28.28,48.91,16.62,37.2,3DGapFade,A,Micro
USWS,2022-03-08,10:00,17.46,9.06,-12.61,-2.58,-2.19,True,False,4.06,-25.95,50.52,9.33,39.18,3DGapFade,A,Micro
USWS,2022-03-08,10:30,15.83,17.54,-20.76,-7.9,-1.26,True,False,4.06,-32.86,45.43,1.88,32.92,3DGapFade,A,Micro
USWS,2022-03-08,11:00,15.53,19.09,-22.25,-8.83,-0.38,True,False,4.06,-34.12,44.38,0.53,31.63,3DGapFade,A,Micro
USWS,2022-03-08,11:30,15.45,19.52,-22.67,-8.4,-0.54,True,False,4.06,-34.47,44.08,16.04,31.27,3DGapFade,A,Micro
USWS,2022-03-08,12:00,12.97,32.43,-35.07,-21.38,-1.56,True,False,4.06,-44.98,33.4,24.17,18.14,3DGapFade,A,Micro
USWS,2022-03-08,13:00,11.28,41.25,-43.55,-25.75,-0.94,True,False,4.06,-52.17,11.7,1.86,5.85,3DGapFade,A,Micro
USWS,2022-03-08,14:00,10.98,42.81,-45.05,-26.38,-0.33,True,False,4.06,-53.44,4.37,-0.55,3.28,3DGapFade,A,Micro
USWS,2022-03-08,15:00,12.09,37.03,-39.49,-17.8,-0.67,True,False,4.06,-48.73,13.15,8.44,12.16,3DGapFade,A,Micro
USWS,2022-03-08,15:45,10.91,43.19,-45.41,-25.05,-0.38,True,False,4.06,-53.75,3.73,2.63,2.63,3DGapFade,A,Micro
IMPP,2022-03-08,09:30,129.75,5.26,-10.82,-3.85,,True,False,6.24,-11.28,57.11,21.71,50.87,3DGapFade,B,Micro
IMPP,2022-03-08,09:45,119.25,12.92,-18.04,-8.38,-3.55,True,False,6.24,-18.46,53.33,25.16,46.54,3DGapFade,B,Micro
IMPP,2022-03-08,10:00,101.58,25.83,-30.19,-16.43,-6.62,True,False,6.24,-30.55,45.21,8.66,37.24,3DGapFade,B,Micro
IMPP,2022-03-08,10:30,92.78,32.26,-36.24,-17.31,-3.7,True,False,6.24,-36.56,40.02,1.85,31.29,3DGapFade,B,Micro
IMPP,2022-03-08,11:00,91.06,33.51,-37.41,-16.79,-0.9,True,False,6.24,-37.74,38.89,-7.07,29.99,3DGapFade,B,Micro
IMPP,2022-03-08,11:30,97.5,28.81,-32.99,-8.7,-0.52,True,False,6.24,-33.33,42.92,5.84,34.62,3DGapFade,B,Micro
IMPP,2022-03-08,12:00,91.8,32.97,-36.91,-13.34,-0.32,True,False,6.24,-37.23,39.38,33.33,30.56,3DGapFade,B,Micro
IMPP,2022-03-08,13:00,67.5,50.71,-53.61,-28.45,-1.26,True,False,6.24,-53.85,6.22,-8.44,5.56,3DGapFade,B,Micro
IMPP,2022-03-08,14:00,76.35,44.25,-47.53,-16.45,-0.46,True,False,6.24,-47.79,17.09,4.41,16.5,3DGapFade,B,Micro
IMPP,2022-03-08,15:00,70.95,48.19,-51.24,-21.26,-0.37,True,False,6.24,-51.49,10.78,4.59,10.15,3DGapFade,B,Micro
IMPP,2022-03-08,15:45,65.07,52.49,-55.28,-26.86,-0.42,True,False,6.24,-55.51,2.71,2.02,2.02,3DGapFade,B,Micro
HUSA,2022-03-08,09:30,155.1,2.51,-6.62,-1.67,,True,False,4.4,-10.35,61.9,33.91,54.93,2DGapFade,A,Micro
HUSA,2022-03-08,09:45,131.7,17.22,-20.71,-9.79,-7.44,True,False,4.4,-23.87,55.13,30.6,46.92,2DGapFade,A,Micro
HUSA,2022-03-08,10:00,102.5,35.58,-38.29,-26.27,-4.77,True,False,4.4,-40.75,42.34,11.51,31.8,2DGapFade,A,Micro
HUSA,2022-03-08,10:30,90.7,42.99,-45.39,-21.46,-6.96,True,False,4.4,-47.57,34.84,-5.55,22.93,2DGapFade,A,Micro
HUSA,2022-03-08,11:00,95.74,39.83,-42.36,-14.46,-0.55,True,False,4.4,-44.66,38.27,-5.29,26.99,2DGapFade,A,Micro
HUSA,2022-03-08,11:30,100.8,36.64,-39.31,-8.63,-0.56,True,False,4.4,-41.73,41.37,9.07,30.65,2DGapFade,A,Micro
HUSA,2022-03-08,12:00,91.66,42.39,-44.82,-16.12,-0.48,True,False,4.4,-47.02,35.52,33.01,23.74,2DGapFade,A,Micro
HUSA,2022-03-08,13:00,69.05,56.6,-58.43,-32.16,-1.22,True,False,4.4,-60.09,5.58,-11.37,-1.23,2DGapFade,A,Micro
HUSA,2022-03-08,14:00,77.88,51.05,-53.11,-21.08,-0.55,True,False,4.4,-54.98,14.48,11.4,10.24,2DGapFade,A,Micro
HUSA,2022-03-08,15:00,68.55,56.91,-58.73,-29.15,-0.34,True,False,4.4,-60.38,0.8,-5.76,-1.97,2DGapFade,A,Micro
HUSA,2022-03-08,15:45,71.02,55.36,-57.24,-25.9,-0.28,True,False,4.4,-58.95,4.26,1.58,1.58,2DGapFade,A,Micro
INDO,2022-03-08,09:30,72.9,1.37,-2.0,1.17,,True,False,0.65,-10.08,57.72,22.59,57.72,GapDownTrendBreak,A,Micro
INDO,2022-03-08,09:45,62.05,16.05,-16.59,-9.78,-4.56,True,False,0.65,-23.46,50.33,16.84,50.33,GapDownTrendBreak,A,Micro
INDO,2022-03-08,10:00,56.43,23.65,-24.14,-16.19,-2.1,True,False,0.65,-30.39,45.38,17.51,45.38,GapDownTrendBreak,A,Micro
INDO,2022-03-08,10:30,46.55,37.02,-37.42,-22.48,-4.8,True,False,0.65,-42.58,33.79,-2.53,33.79,GapDownTrendBreak,A,Micro
INDO,2022-03-08,11:00,47.73,35.42,-35.84,-17.53,-0.91,True,False,0.65,-41.12,35.43,-1.11,35.43,GapDownTrendBreak,A,Micro
INDO,2022-03-08,11:30,48.26,34.7,-35.12,-14.96,-1.01,True,False,0.65,-40.47,36.14,6.76,36.14,GapDownTrendBreak,A,Micro
INDO,2022-03-08,12:00,45.0,39.12,-39.51,-19.38,-0.75,True,False,0.65,-44.49,31.51,22.22,31.51,GapDownTrendBreak,A,Micro
INDO,2022-03-08,13:00,36.53,50.58,-50.89,-27.78,-1.67,True,False,0.65,-54.94,15.63,-11.09,15.63,GapDownTrendBreak,A,Micro
INDO,2022-03-08,14:00,42.91,41.94,-42.31,-12.29,-0.47,True,False,0.65,-47.07,28.18,0.42,28.18,GapDownTrendBreak,A,Micro
INDO,2022-03-08,15:00,41.18,44.28,-44.64,-14.93,-0.24,True,False,0.65,-49.21,25.16,-0.29,25.16,GapDownTrendBreak,A,Micro
INDO,2022-03-08,15:45,41.14,44.33,-44.69,-14.58,-0.1,True,False,0.65,-49.25,25.09,25.09,25.09,GapDownTrendBreak,A,Micro
GME,2022-03-29,09:30,45.88,2.51,-3.1,-0.91,,True,False,0.61,-4.97,11.18,5.91,1.98,3DGapFade,A,Medium
GME,2022-03-29,09:45,45.52,3.27,-8.69,-3.2,1.57,True,True,5.93,-5.71,10.48,5.26,1.2,3DGapFade,A,Medium
GME,2022-03-29,10:00,43.17,8.27,-13.41,-6.52,-1.8,True,True,5.93,-10.59,5.6,-1.5,-4.18,3DGapFade,A,Medium
GME,2022-03-29,10:30,43.82,6.89,-12.11,-1.77,-0.35,True,True,5.93,-9.24,2.86,-3.11,-2.64,3DGapFade,A,Medium
GME,2022-03-29,11:00,45.18,3.99,-9.37,1.57,-0.03,True,True,5.93,-6.42,3.17,0.54,0.46,3DGapFade,A,Medium
GME,2022-03-29,11:30,44.93,4.52,-9.87,0.83,0.02,True,True,5.93,-6.93,2.63,-0.58,-0.09,3DGapFade,A,Medium
GME,2022-03-29,12:00,45.2,3.96,-9.34,1.39,0.04,True,True,5.93,-6.38,3.2,1.22,0.49,3DGapFade,A,Medium
GME,2022-03-29,13:00,44.62,5.19,-10.5,0.06,0.0,True,True,5.93,-7.58,1.94,-0.59,-0.8,3DGapFade,A,Medium
GME,2022-03-29,14:00,46.5,1.19,-6.72,4.06,0.19,True,True,5.93,-3.68,5.91,-2.08,3.28,3DGapFade,A,Medium
GME,2022-03-29,15:00,47.66,-1.28,-4.4,5.61,0.17,False,True,5.93,-1.28,8.21,2.52,5.64,3DGapFade,A,Medium
GME,2022-03-29,15:45,46.26,1.7,-7.2,2.19,0.13,True,True,5.93,-4.18,5.43,2.79,2.79,3DGapFade,A,Medium
COIN,2022-08-04,09:30,109.25,-2.97,-0.01,1.55,,False,False,2.98,-2.46,20.56,10.88,18.59,3DGapFade,A,Medium
COIN,2022-08-04,09:45,100.98,4.83,-13.17,-6.29,0.16,True,True,9.61,-9.84,14.06,1.34,11.92,3DGapFade,A,Medium
COIN,2022-08-04,10:00,97.36,8.24,-16.29,-7.28,-2.56,True,True,9.61,-13.07,10.86,4.66,8.65,3DGapFade,A,Medium
COIN,2022-08-04,10:30,92.82,12.51,-20.18,-9.85,-1.06,True,True,9.61,-17.12,6.51,-3.28,4.19,3DGapFade,A,Medium
COIN,2022-08-04,11:00,95.87,9.65,-17.57,-5.33,-0.59,True,True,9.61,-14.41,9.47,1.3,7.22,3DGapFade,A,Medium
COIN,2022-08-04,11:30,94.62,10.82,-18.64,-5.95,-0.27,True,True,9.61,-15.52,8.28,-1.73,6.0,3DGapFade,A,Medium
COIN,2022-08-04,12:00,96.26,9.28,-17.24,-3.93,-0.19,True,True,9.61,-14.06,9.84,1.04,7.6,3DGapFade,A,Medium
COIN,2022-08-04,13:00,93.71,11.68,-19.42,-5.95,-0.18,True,True,9.61,-16.33,7.39,0.96,5.09,3DGapFade,A,Medium
COIN,2022-08-04,14:00,90.62,14.59,-22.08,-8.51,-0.25,True,True,9.61,-19.09,4.23,1.51,1.85,3DGapFade,A,Medium
COIN,2022-08-04,15:00,88.85,16.26,-23.6,-9.59,-0.15,True,True,9.61,-20.67,2.32,0.81,-0.1,3DGapFade,A,Medium
COIN,2022-08-04,15:45,88.04,17.02,-24.29,-9.9,-0.23,True,True,9.61,-21.39,1.43,-1.02,-1.02,3DGapFade,A,Medium
SMH,2023-05-30,09:30,151.18,-0.35,-0.07,0.09,,False,False,0.42,-0.03,2.43,1.26,2.02,3DGapFade,A,ETF
SMH,2023-05-30,09:45,151.28,-0.42,-0.03,0.37,-0.21,False,True,0.44,0.03,2.5,1.53,2.08,3DGapFade,A,ETF
SMH,2023-05-30,10:00,149.28,0.91,-1.6,-0.95,0.0,True,True,0.7,-1.29,1.19,0.51,0.77,3DGapFade,A,ETF
SMH,2023-05-30,10:30,148.52,1.41,-2.1,-1.14,-0.11,True,True,0.7,-1.79,0.69,-0.85,0.26,3DGapFade,A,ETF
SMH,2023-05-30,11:00,149.78,0.58,-1.27,-0.19,-0.04,True,True,0.7,-0.96,1.52,-0.05,1.1,3DGapFade,A,ETF
SMH,2023-05-30,11:30,149.85,0.53,-1.23,-0.11,-0.03,True,True,0.7,-0.91,1.57,-0.01,1.15,3DGapFade,A,ETF
SMH,2023-05-30,12:00,149.86,0.52,-1.22,-0.1,-0.0,True,True,0.7,-0.91,1.57,0.81,1.15,3DGapFade,A,ETF
SMH,2023-05-30,13:00,148.96,1.12,-1.81,-0.56,-0.04,True,True,0.7,-1.5,0.98,0.54,0.56,3DGapFade,A,ETF
SMH,2023-05-30,14:00,147.77,1.91,-2.6,-1.21,-0.06,True,True,0.7,-2.29,0.18,-0.36,-0.24,3DGapFade,A,ETF
SMH,2023-05-30,15:00,148.68,1.3,-1.99,-0.48,-0.02,True,True,0.7,-1.68,0.53,0.03,0.37,3DGapFade,A,ETF
SMH,2023-05-30,15:45,148.41,1.49,-2.18,-0.61,-0.02,True,True,0.7,-1.86,0.34,0.19,0.19,3DGapFade,A,ETF
AVGO,2023-05-30,09:30,84.3,-0.94,-0.13,0.87,,False,False,1.06,0.59,5.24,-3.74,4.86,3DGapFade,A,Large
AVGO,2023-05-30,09:45,89.48,-7.14,-0.03,4.36,2.6,False,True,7.17,6.77,10.72,2.88,10.37,3DGapFade,A,Large
AVGO,2023-05-30,10:00,87.45,-4.72,-5.13,-0.22,2.22,False,True,10.38,4.36,8.66,1.09,8.29,3DGapFade,A,Large
AVGO,2023-05-30,10:30,86.5,-3.58,-6.16,-1.17,-0.08,False,True,10.38,3.22,7.65,0.35,7.28,3DGapFade,A,Large
AVGO,2023-05-30,11:00,86.19,-3.21,-6.49,-1.28,-0.1,False,True,10.38,2.86,7.32,-0.21,6.95,3DGapFade,A,Large
AVGO,2023-05-30,11:30,86.38,-3.43,-6.29,-0.96,-0.07,False,True,10.38,3.07,7.52,1.41,7.15,3DGapFade,A,Large
AVGO,2023-05-30,12:00,85.15,-1.97,-7.62,-2.21,-0.11,False,True,10.38,1.62,6.19,2.11,5.82,3DGapFade,A,Large
AVGO,2023-05-30,13:00,83.33,0.22,-9.6,-3.82,-0.09,True,True,10.38,-0.56,4.14,0.97,3.76,3DGapFade,A,Large
AVGO,2023-05-30,14:00,81.84,2.0,-11.22,-5.03,-0.21,True,True,10.38,-2.34,2.39,0.09,2.0,3DGapFade,A,Large
AVGO,2023-05-30,15:00,80.67,3.4,-12.48,-5.86,-0.23,True,True,10.38,-3.73,0.98,-0.54,0.59,3DGapFade,A,Large
AVGO,2023-05-30,15:45,80.71,3.35,-12.44,-5.4,-0.17,True,True,10.38,-3.69,1.03,0.63,0.63,3DGapFade,A,Large
TSLA,2023-06-21,09:30,273.79,0.49,-0.78,-0.24,,True,False,0.3,-2.06,5.85,2.51,5.23,2DGapFade,A,Large
TSLA,2023-06-21,09:45,274.87,0.09,-0.77,-0.18,0.34,True,True,0.68,-1.67,6.22,1.48,5.61,2DGapFade,A,Large
TSLA,2023-06-21,10:00,266.92,2.98,-3.64,-2.38,-0.71,True,True,0.68,-4.51,3.42,-0.66,2.79,2DGapFade,A,Large
TSLA,2023-06-21,10:30,268.68,2.34,-3.0,-0.93,-0.21,True,True,0.68,-3.88,4.06,1.17,3.43,2DGapFade,A,Large
TSLA,2023-06-21,11:00,265.54,3.49,-4.14,-1.81,-0.16,True,True,0.68,-5.01,2.92,0.64,2.29,2DGapFade,A,Large
TSLA,2023-06-21,11:30,263.85,4.1,-4.74,-1.79,-0.27,True,True,0.68,-5.61,2.3,0.59,1.66,2DGapFade,A,Large
TSLA,2023-06-21,12:00,262.29,4.67,-5.31,-2.18,-0.1,True,True,0.68,-6.17,1.72,0.05,1.08,2DGapFade,A,Large
TSLA,2023-06-21,13:00,259.42,5.71,-6.34,-2.83,-0.16,True,True,0.68,-7.2,0.25,-0.01,-0.02,2DGapFade,A,Large
TSLA,2023-06-21,14:00,261.68,4.89,-5.53,-1.66,-0.05,True,True,0.68,-6.39,0.92,-0.77,0.85,2DGapFade,A,Large
TSLA,2023-06-21,15:00,263.58,4.2,-4.84,-0.82,-0.02,True,True,0.68,-5.71,1.64,0.18,1.56,2DGapFade,A,Large
TSLA,2023-06-21,15:45,261.19,5.07,-5.7,-1.62,-0.05,True,True,0.68,-6.56,0.74,0.66,0.66,2DGapFade,A,Large
JOBY,2023-06-29,09:30,10.83,-0.74,-0.09,0.34,,False,False,0.84,-2.17,11.63,-7.57,7.85,2DGapFade,A,Medium
JOBY,2023-06-29,09:45,11.27,-4.84,-2.34,4.08,0.32,False,True,7.35,1.81,15.08,-0.1,11.45,2DGapFade,A,Medium
JOBY,2023-06-29,10:00,11.65,-8.37,-2.75,4.38,3.08,False,True,11.44,5.24,17.85,5.76,14.33,2DGapFade,A,Medium
JOBY,2023-06-29,10:30,10.98,-2.13,-8.36,-1.89,-0.09,False,True,11.44,-0.83,12.83,5.91,9.1,2DGapFade,A,Medium
JOBY,2023-06-29,11:00,10.33,3.91,-13.77,-6.71,-0.54,True,True,11.44,-6.68,7.36,2.37,3.39,2DGapFade,A,Medium
JOBY,2023-06-29,11:30,10.09,6.19,-15.82,-8.18,-0.32,True,True,11.44,-8.9,5.11,0.49,1.04,2DGapFade,A,Medium
JOBY,2023-06-29,12:00,10.04,6.65,-16.23,-7.94,-0.28,True,True,11.44,-9.34,4.64,-0.94,0.55,2DGapFade,A,Medium
JOBY,2023-06-29,13:00,10.07,6.33,-15.94,-7.17,-0.1,True,True,11.44,-9.03,4.97,1.24,0.89,2DGapFade,A,Medium
JOBY,2023-06-29,14:00,9.75,9.3,-18.61,-9.64,-0.17,True,True,11.44,-11.92,1.85,1.54,-2.36,2DGapFade,A,Medium
JOBY,2023-06-29,15:00,9.87,8.19,-17.61,-8.03,-0.12,True,True,11.44,-10.84,0.71,-1.21,-1.11,2DGapFade,A,Medium
JOBY,2023-06-29,15:45,9.89,8.0,-17.44,-7.56,-0.13,True,True,11.44,-10.66,0.0,-0.91,-0.91,2DGapFade,A,Medium
MULN,2023-07-06,09:30,14445000000.0,5.48,-7.12,-2.38,,True,False,1.77,-10.83,24.07,0.3,17.46,2DGapFade,B,Micro
MULN,2023-07-06,09:45,16259400000.0,-6.4,-6.26,1.54,8.21,False,True,13.5,0.37,32.55,12.22,26.67,2DGapFade,B,Micro
MULN,2023-07-06,10:00,14401800000.0,5.76,-16.97,-9.65,-0.46,True,True,13.5,-11.1,23.85,6.97,17.21,2DGapFade,B,Micro
MULN,2023-07-06,10:30,13397400000.0,12.33,-22.76,-11.83,-2.67,True,True,13.5,-17.3,18.14,0.64,11.0,2DGapFade,B,Micro
MULN,2023-07-06,11:00,13311000000.0,12.9,-23.26,-9.64,-0.81,True,True,13.5,-17.83,17.61,8.19,10.43,2DGapFade,B,Micro
MULN,2023-07-06,11:30,12220200000.0,20.04,-29.55,-15.1,-0.81,True,True,13.5,-24.57,10.25,4.86,2.43,2DGapFade,B,Micro
MULN,2023-07-06,12:00,11626200000.0,23.92,-32.97,-17.29,-1.22,True,True,13.5,-28.23,2.46,-11.15,-2.55,2DGapFade,B,Micro
MULN,2023-07-06,13:00,12490200000.0,18.27,-27.99,-9.6,-0.2,True,True,13.5,-22.9,9.21,-4.19,4.54,2DGapFade,B,Micro
MULN,2023-07-06,14:00,13473000000.0,11.84,-22.32,-1.94,-0.07,True,True,13.5,-16.83,15.83,4.77,11.5,2DGapFade,B,Micro
MULN,2023-07-06,15:00,12814200000.0,16.15,-26.12,-6.43,-0.07,True,True,13.5,-20.9,11.5,4.3,6.95,2DGapFade,B,Micro
MULN,2023-07-06,15:45,11464200000.0,24.98,-33.9,-15.74,-0.45,True,True,13.5,-29.23,0.09,-4.0,-4.0,2DGapFade,B,Micro
RIVN,2023-07-10,09:30,24.66,3.37,-3.45,-1.16,,True,False,0.08,-5.08,4.38,2.53,-3.35,2DGapFade,B,Medium
RIVN,2023-07-10,09:45,24.55,3.8,-3.87,-0.02,-1.58,True,False,0.08,-5.5,3.95,-0.92,-3.8,2DGapFade,B,Medium
RIVN,2023-07-10,10:00,24.04,5.82,-5.89,-1.35,-0.78,True,False,0.08,-7.49,0.35,-4.22,-6.03,2DGapFade,B,Medium
RIVN,2023-07-10,10:30,25.05,1.85,-1.92,2.2,0.58,True,False,0.08,-3.58,1.79,-4.54,-1.74,2DGapFade,B,Medium
RIVN,2023-07-10,11:00,26.18,-2.61,-0.21,5.56,0.83,False,True,2.82,0.79,4.87,0.17,2.67,2DGapFade,B,Medium
RIVN,2023-07-10,11:30,26.14,-2.43,-1.17,4.51,0.34,False,True,3.64,0.62,4.71,2.52,2.51,2DGapFade,B,Medium
RIVN,2023-07-10,12:00,25.48,0.16,-4.25,1.24,0.17,True,True,4.27,-1.92,2.24,0.89,-0.02,2DGapFade,B,Medium
RIVN,2023-07-10,13:00,25.39,0.52,-4.6,0.83,0.0,True,True,4.27,-2.28,1.64,-0.73,-0.39,2DGapFade,B,Medium
RIVN,2023-07-10,14:00,25.14,1.47,-5.51,-0.18,0.0,True,True,4.27,-3.21,0.7,-1.45,-1.35,2DGapFade,B,Medium
RIVN,2023-07-10,15:00,25.26,1.0,-5.05,0.24,0.01,True,True,4.27,-2.75,0.22,-0.53,-0.87,2DGapFade,B,Medium
RIVN,2023-07-10,15:45,25.51,0.04,-4.13,1.18,0.02,True,True,4.27,-1.81,0.2,0.1,0.1,2DGapFade,B,Medium
COIN,2023-07-12,09:30,87.81,1.34,-1.34,-0.41,,True,False,0.0,-3.51,3.83,0.81,2.11,2DGapFade,B,Medium
COIN,2023-07-12,09:45,86.52,2.78,-2.78,-1.03,-0.84,True,False,0.0,-4.92,2.4,-1.5,0.65,2DGapFade,B,Medium
COIN,2023-07-12,10:00,87.1,2.13,-2.13,-0.3,-0.07,True,False,0.0,-4.29,3.04,-1.11,1.31,2DGapFade,B,Medium
COIN,2023-07-12,10:30,88.07,1.04,-1.12,0.56,0.18,True,True,0.08,-3.22,4.11,0.01,2.4,2DGapFade,B,Medium
COIN,2023-07-12,11:00,88.06,1.06,-1.13,0.41,0.1,True,True,0.08,-3.23,4.1,2.37,2.38,2DGapFade,B,Medium
COIN,2023-07-12,11:30,85.97,3.4,-3.48,-1.83,-0.17,True,True,0.08,-5.53,1.77,0.57,0.01,2DGapFade,B,Medium
COIN,2023-07-12,12:00,85.48,3.95,-4.03,-1.91,-0.15,True,True,0.08,-6.07,0.85,0.04,-0.56,2DGapFade,B,Medium
COIN,2023-07-12,13:00,86.13,3.22,-3.3,-0.95,-0.02,True,True,0.08,-5.35,1.1,-0.03,0.2,2DGapFade,B,Medium
COIN,2023-07-12,14:00,86.21,3.13,-3.21,-0.79,-0.01,True,True,0.08,-5.26,1.19,0.32,0.29,2DGapFade,B,Medium
COIN,2023-07-12,15:00,86.22,3.12,-3.2,-0.71,-0.01,True,True,0.08,-5.25,1.21,0.77,0.3,2DGapFade,B,Medium
COIN,2023-07-12,15:45,85.86,3.53,-3.6,-1.04,-0.03,True,True,0.08,-5.65,0.29,-0.12,-0.12,2DGapFade,B,Medium
MARA,2023-07-14,09:30,18.99,0.74,-1.25,-0.32,,True,False,0.52,-2.42,5.89,-2.11,4.73,2DGapFade,B,Medium
MARA,2023-07-14,09:45,19.66,-2.75,-1.1,0.63,2.54,False,True,3.89,1.01,9.09,3.04,7.97,2DGapFade,B,Medium
MARA,2023-07-14,10:00,19.39,-1.36,-2.44,-0.66,-0.08,False,True,3.89,-0.36,7.84,2.17,6.7,2DGapFade,B,Medium
MARA,2023-07-14,10:30,18.97,0.84,-4.55,-1.88,-0.22,True,True,3.89,-2.52,5.8,-0.99,4.64,2DGapFade,B,Medium
MARA,2023-07-14,11:00,19.16,-0.15,-3.61,-0.54,-0.2,False,True,3.89,-1.55,6.72,-0.53,5.57,2DGapFade,B,Medium
MARA,2023-07-14,11:30,19.26,-0.68,-3.09,0.08,-0.03,False,True,3.89,-1.03,7.22,1.87,6.07,2DGapFade,B,Medium
MARA,2023-07-14,12:00,18.9,1.2,-4.91,-1.67,-0.07,True,True,3.89,-2.88,5.45,-0.08,4.29,2DGapFade,B,Medium
MARA,2023-07-14,13:00,18.86,1.41,-5.11,-1.69,-0.03,True,True,3.89,-3.08,5.25,1.82,4.08,2DGapFade,B,Medium
MARA,2023-07-14,14:00,18.28,4.44,-8.02,-4.09,-0.13,True,True,3.89,-6.06,2.25,1.37,1.05,2DGapFade,B,Medium
MARA,2023-07-14,15:00,18.01,5.85,-9.38,-4.82,-0.13,True,True,3.89,-7.45,0.78,-0.18,-0.44,2DGapFade,B,Medium
MARA,2023-07-14,15:45,18.1,5.41,-8.96,-3.91,-0.11,True,True,3.89,-7.01,0.41,0.03,0.03,2DGapFade,B,Medium
RIOT,2023-07-14,09:30,19.92,1.63,-1.97,-0.66,,True,False,0.35,-5.23,5.77,-2.18,3.89,2DGapFade,B,Medium
RIOT,2023-07-14,09:45,20.31,-0.28,-1.35,0.17,1.08,False,True,1.65,-3.4,7.56,3.13,5.72,2DGapFade,B,Medium
RIOT,2023-07-14,10:00,20.35,-0.51,-1.43,0.22,0.19,False,True,1.98,-3.17,7.78,3.2,5.94,2DGapFade,B,Medium
RIOT,2023-07-14,10:30,19.7,2.71,-4.59,-1.65,-0.29,True,True,1.98,-6.27,4.73,-1.35,2.83,2DGapFade,B,Medium
RIOT,2023-07-14,11:00,19.97,1.4,-3.31,-0.06,-0.12,True,True,1.98,-5.01,6.0,-0.06,4.12,2DGapFade,B,Medium
RIOT,2023-07-14,11:30,19.98,1.33,-3.24,0.06,-0.02,True,True,1.98,-4.95,6.06,1.8,4.18,2DGapFade,B,Medium
RIOT,2023-07-14,12:00,19.62,3.11,-4.99,-1.65,-0.07,True,True,1.98,-6.66,4.33,-0.25,2.42,2DGapFade,B,Medium
RIOT,2023-07-14,13:00,19.67,2.86,-4.75,-1.28,-0.02,True,True,1.98,-6.42,4.58,1.83,2.67,2DGapFade,B,Medium
RIOT,2023-07-14,14:00,19.18,5.26,-7.09,-3.27,-0.09,True,True,1.98,-8.73,2.16,1.9,0.21,2DGapFade,B,Medium
RIOT,2023-07-14,15:00,18.9,6.67,-8.47,-4.09,-0.1,True,True,1.98,-10.09,0.63,-0.32,-1.3,2DGapFade,B,Medium
RIOT,2023-07-14,15:45,19.05,5.93,-7.75,-3.07,-0.07,True,True,1.98,-9.37,0.21,-0.5,-0.5,2DGapFade,B,Medium
NKLA,2023-07-14,09:30,79.41,3.22,-3.75,-0.33,,True,False,0.55,-6.47,24.82,2.55,15.37,2DGapFade,A,Small
NKLA,2023-07-14,09:45,86.1,-4.94,-2.71,3.91,4.01,False,True,7.86,1.41,30.66,9.06,21.95,2DGapFade,A,Small
NKLA,2023-07-14,10:00,77.38,5.69,-12.56,-5.28,-1.41,True,True,7.86,-8.86,22.85,4.44,13.16,2DGapFade,A,Small
NKLA,2023-07-14,10:30,73.95,9.87,-16.44,-7.24,-0.55,True,True,7.86,-12.9,19.27,3.45,9.13,2DGapFade,A,Small
NKLA,2023-07-14,11:00,71.4,12.98,-19.32,-6.33,-2.44,True,True,7.86,-15.9,16.39,4.62,5.88,2DGapFade,A,Small
NKLA,2023-07-14,11:30,68.1,17.0,-23.05,-9.99,-0.32,True,True,7.86,-19.79,12.33,1.1,1.32,2DGapFade,A,Small
NKLA,2023-07-14,12:00,67.35,17.92,-23.9,-10.36,-0.2,True,True,7.86,-20.67,11.36,-3.78,0.22,2DGapFade,A,Small
NKLA,2023-07-14,13:00,67.52,17.71,-23.71,-9.62,-0.14,True,True,7.86,-20.47,11.58,4.01,0.48,2DGapFade,A,Small
NKLA,2023-07-14,14:00,63.6,22.49,-28.14,-13.51,-0.42,True,True,7.86,-25.09,2.83,1.18,-5.66,2DGapFade,A,Small
NKLA,2023-07-14,15:00,63.15,23.03,-28.64,-13.62,-0.12,True,True,7.86,-25.62,2.14,-2.61,-6.41,2DGapFade,A,Small
NKLA,2023-07-14,15:45,68.08,17.02,-23.07,-6.41,-0.19,True,True,7.86,-19.81,2.18,1.3,1.3,2DGapFade,A,Small
NVDA,2024-02-06,09:30,69.52,0.15,-0.33,-0.05,,True,False,0.18,-2.38,4.64,1.9,1.88,3DGapFade,B,Large
NVDA,2024-02-06,09:45,68.54,1.57,-1.74,-0.63,-0.85,True,False,0.18,-3.76,3.27,0.85,0.47,3DGapFade,B,Large
NVDA,2024-02-06,10:00,68.2,2.05,-2.23,-0.83,-0.29,True,False,0.18,-4.23,2.79,0.24,-0.03,3DGapFade,B,Large
NVDA,2024-02-06,10:30,68.04,2.28,-2.46,-0.56,-0.19,True,False,0.18,-4.46,2.56,0.25,-0.26,3DGapFade,B,Large
NVDA,2024-02-06,11:00,67.87,2.53,-2.7,-0.71,-0.04,True,False,0.18,-4.7,2.31,-0.16,-0.51,3DGapFade,B,Large
NVDA,2024-02-06,11:30,67.98,2.38,-2.55,-0.43,-0.07,True,False,0.18,-4.55,2.47,1.11,-0.36,3DGapFade,B,Large
NVDA,2024-02-06,12:00,67.22,3.46,-3.63,-1.37,-0.13,True,False,0.18,-5.61,1.37,0.56,-1.49,3DGapFade,B,Large
NVDA,2024-02-06,13:00,66.63,4.31,-4.48,-1.71,-0.07,True,False,0.18,-6.44,0.06,-0.5,-2.38,3DGapFade,B,Large
NVDA,2024-02-06,14:00,67.58,2.95,-3.12,-0.18,-0.02,True,False,0.18,-5.11,0.75,-0.11,-0.95,3DGapFade,B,Large
NVDA,2024-02-06,15:00,68.09,2.21,-2.39,0.59,0.01,True,False,0.18,-4.39,0.41,-0.2,-0.19,3DGapFade,B,Large
NVDA,2024-02-06,15:45,68.02,2.31,-2.48,0.42,0.01,True,False,0.18,-4.48,-0.0,-0.29,-0.29,3DGapFade,B,Large
SMCI,2024-02-16,09:30,104.11,0.42,-0.42,0.25,,True,False,0.0,-3.6,23.05,12.01,22.86,3DGapFade,A,Large
SMCI,2024-02-16,09:45,105.52,-0.93,-2.1,-0.03,1.65,False,True,3.1,-2.29,24.08,14.88,23.9,3DGapFade,A,Large
SMCI,2024-02-16,10:00,91.61,12.38,-15.01,-8.48,-5.17,True,True,3.1,-15.18,12.55,3.62,12.34,3DGapFade,A,Large
SMCI,2024-02-16,10:30,88.29,15.55,-18.09,-7.39,-0.98,True,True,3.1,-18.25,9.26,-0.8,9.04,3DGapFade,A,Large
SMCI,2024-02-16,11:00,89.0,14.87,-17.43,-5.61,-0.3,True,True,3.1,-17.59,9.98,-0.79,9.77,3DGapFade,A,Large
SMCI,2024-02-16,11:30,89.7,14.2,-16.78,-4.45,-0.18,True,True,3.1,-16.94,10.69,1.34,10.47,3DGapFade,A,Large
SMCI,2024-02-16,12:00,88.5,15.35,-17.89,-5.41,-0.2,True,True,3.1,-18.05,9.48,-0.96,9.26,3DGapFade,A,Large
SMCI,2024-02-16,13:00,88.3,15.54,-18.08,-5.25,-0.09,True,True,3.1,-18.24,9.27,7.02,9.05,3DGapFade,A,Large
SMCI,2024-02-16,14:00,83.26,20.36,-22.75,-8.66,-0.24,True,True,3.1,-22.9,3.78,0.36,3.55,3DGapFade,A,Large
SMCI,2024-02-16,15:00,81.75,21.8,-24.15,-9.3,-0.28,True,True,3.1,-24.3,2.0,-0.65,1.77,3DGapFade,A,Large
SMCI,2024-02-16,15:45,81.28,22.26,-24.6,-9.08,-0.33,True,True,3.1,-24.75,1.43,1.19,1.19,3DGapFade,A,Large
NVDA,2024-03-08,09:30,94.84,0.32,-0.56,-0.13,,True,False,0.25,-1.11,8.78,-0.74,7.73,3DGapFade,A,Large
NVDA,2024-03-08,09:45,95.36,-0.23,-0.56,-0.0,0.42,False,True,0.79,-0.57,9.28,-1.36,8.24,3DGapFade,A,Large
NVDA,2024-03-08,10:00,95.54,-0.43,-0.36,0.12,0.08,False,True,0.79,-0.37,9.46,-1.9,8.42,3DGapFade,A,Large
NVDA,2024-03-08,10:30,97.36,-2.33,-0.05,1.55,0.19,False,True,2.38,1.52,11.14,2.42,10.12,3DGapFade,A,Large
NVDA,2024-03-08,11:00,95.0,0.14,-2.46,-0.95,-0.07,True,True,2.38,-0.94,8.94,5.4,7.89,3DGapFade,A,Large
NVDA,2024-03-08,11:30,89.87,5.53,-7.73,-4.95,-0.8,True,True,2.38,-6.28,3.75,0.68,2.64,3DGapFade,A,Large
NVDA,2024-03-08,12:00,89.26,6.18,-8.36,-4.51,-0.36,True,True,2.38,-6.93,3.08,-0.45,1.97,3DGapFade,A,Large
NVDA,2024-03-08,13:00,87.53,7.99,-10.13,-5.46,-0.29,True,True,2.38,-8.73,1.17,-0.38,0.03,3DGapFade,A,Large
NVDA,2024-03-08,14:00,87.62,7.9,-10.04,-4.62,-0.15,True,True,2.38,-8.63,0.24,-0.66,0.14,3DGapFade,A,Large
NVDA,2024-03-08,15:00,88.83,6.63,-8.8,-2.89,-0.1,True,True,2.38,-7.37,1.59,0.69,1.49,3DGapFade,A,Large
NVDA,2024-03-08,15:45,88.38,7.1,-9.26,-3.15,-0.06,True,True,2.38,-7.84,1.09,0.99,0.99,3DGapFade,A,Large
NVDA,2024-06-06,09:30,123.65,0.32,-0.41,-0.11,,True,False,0.08,-1.24,4.31,3.41,2.19,2DGapFade,B,Large
NVDA,2024-06-06,09:45,123.76,0.23,-1.45,-0.65,0.64,True,True,1.24,-1.15,4.4,2.75,2.28,2DGapFade,B,Large
NVDA,2024-06-06,10:00,119.44,3.72,-4.9,-2.57,-1.59,True,True,1.24,-4.61,0.93,-1.58,-1.26,2DGapFade,B,Large
NVDA,2024-06-06,10:30,121.33,2.19,-3.39,-0.49,-0.18,True,True,1.24,-3.09,2.48,0.39,0.32,2DGapFade,B,Large
NVDA,2024-06-06,11:00,120.85,2.58,-3.77,-0.85,-0.02,True,True,1.24,-3.48,2.09,0.65,-0.08,2DGapFade,B,Large
NVDA,2024-06-06,11:30,120.07,3.21,-4.4,-1.4,-0.07,True,True,1.24,-4.1,1.45,-0.22,-0.73,2DGapFade,B,Large
NVDA,2024-06-06,12:00,120.33,3.0,-4.19,-1.1,-0.03,True,True,1.24,-3.89,1.67,0.84,-0.51,2DGapFade,B,Large
NVDA,2024-06-06,13:00,119.03,4.05,-5.22,-1.87,-0.08,True,True,1.24,-4.93,0.02,-0.62,-1.61,2DGapFade,B,Large
NVDA,2024-06-06,14:00,119.91,3.33,-4.52,-1.01,-0.03,True,True,1.24,-4.22,0.63,0.3,-0.86,2DGapFade,B,Large
NVDA,2024-06-06,15:00,120.33,3.0,-4.18,-0.58,-0.01,True,True,1.24,-3.89,0.64,0.23,-0.51,2DGapFade,B,Large
NVDA,2024-06-06,15:45,120.28,3.04,-4.23,-0.58,-0.01,True,True,1.24,-3.94,0.08,-0.55,-0.55,2DGapFade,B,Large
NVDA,2024-06-20,09:30,139.18,0.44,-0.59,-0.14,,True,False,0.15,-1.71,6.94,-0.4,6.08,2DGapFade,A,Large
NVDA,2024-06-20,09:45,140.24,-0.31,-0.37,0.46,0.15,False,True,0.69,-0.96,7.64,1.99,6.79,2DGapFade,A,Large
NVDA,2024-06-20,10:00,139.73,0.05,-0.73,0.02,0.08,True,True,0.69,-1.32,7.31,0.82,6.45,2DGapFade,A,Large
NVDA,2024-06-20,10:30,138.58,0.87,-1.55,-0.28,-0.29,True,True,0.69,-2.13,6.54,-0.49,5.67,2DGapFade,A,Large
NVDA,2024-06-20,11:00,139.26,0.38,-1.06,0.23,-0.01,True,True,0.69,-1.65,7.0,0.33,6.14,2DGapFade,A,Large
NVDA,2024-06-20,11:30,138.8,0.72,-1.39,-0.11,-0.01,True,True,0.69,-1.98,6.69,1.08,5.82,2DGapFade,A,Large
NVDA,2024-06-20,12:00,137.3,1.79,-2.46,-1.12,-0.05,True,True,0.69,-3.04,5.67,3.03,4.79,2DGapFade,A,Large
NVDA,2024-06-20,13:00,133.18,4.74,-5.39,-3.15,-0.15,True,True,0.69,-5.95,2.75,1.29,1.85,2DGapFade,A,Large
NVDA,2024-06-20,14:00,132.23,5.41,-6.06,-2.91,-0.13,True,True,0.69,-6.62,1.82,-0.56,1.14,2DGapFade,A,Large
NVDA,2024-06-20,15:00,131.0,6.29,-6.93,-3.52,-0.09,True,True,0.69,-7.49,0.9,-0.44,0.21,2DGapFade,A,Large
NVDA,2024-06-20,15:45,132.27,5.39,-6.03,-2.29,-0.08,True,True,0.69,-6.59,1.27,1.17,1.17,2DGapFade,A,Large
MU,2024-06-20,09:30,154.72,1.46,-1.71,-0.56,,True,False,0.25,-2.31,7.63,1.69,6.83,3DGapFade,B,Large
MU,2024-06-20,09:45,153.33,2.34,-2.59,0.55,-2.0,True,False,0.25,-3.18,6.8,2.02,5.99,3DGapFade,B,Large
MU,2024-06-20,10:00,152.1,3.13,-3.37,-0.3,0.05,True,False,0.25,-3.96,6.04,1.81,5.23,3DGapFade,B,Large
MU,2024-06-20,10:30,149.35,4.88,-5.12,-1.58,-0.43,True,False,0.25,-5.7,4.31,0.15,3.48,3DGapFade,B,Large
MU,2024-06-20,11:00,149.13,5.02,-5.26,-1.47,-0.12,True,False,0.25,-5.84,4.17,-0.5,3.34,3DGapFade,B,Large
MU,2024-06-20,11:30,149.88,4.54,-4.78,-0.89,-0.03,True,False,0.25,-5.36,4.65,1.17,3.82,3DGapFade,B,Large
MU,2024-06-20,12:00,148.13,5.66,-5.9,-1.94,-0.07,True,False,0.25,-6.47,3.52,1.26,2.69,3DGapFade,B,Large
MU,2024-06-20,13:00,145.23,7.5,-7.74,-3.17,-0.16,True,False,0.25,-8.3,1.6,0.4,0.74,3DGapFade,B,Large
MU,2024-06-20,14:00,145.13,7.57,-7.8,-2.73,-0.1,True,False,0.25,-8.36,0.9,-0.79,0.68,3DGapFade,B,Large
MU,2024-06-20,15:00,145.44,7.37,-7.6,-2.31,-0.04,True,False,0.25,-8.17,1.11,0.45,0.89,3DGapFade,B,Large
MU,2024-06-20,15:45,145.66,7.23,-7.47,-1.99,-0.05,True,False,0.25,-8.03,1.26,1.03,1.03,3DGapFade,B,Large
KWEB,2024-09-30,09:30,35.44,0.41,-0.58,-0.18,,True,False,0.17,-3.6,4.3,-1.16,4.13,3DGapFade,A,ETF
KWEB,2024-09-30,09:45,35.48,0.27,-0.43,0.5,-0.53,True,False,0.17,-3.47,4.44,-0.35,4.27,3DGapFade,A,ETF
KWEB,2024-09-30,10:00,35.84,-0.74,-0.38,1.0,0.51,False,True,1.12,-2.49,5.4,1.07,5.23,3DGapFade,A,ETF
KWEB,2024-09-30,10:30,35.46,0.34,-1.45,-0.23,-0.02,True,True,1.12,-3.54,4.37,1.34,4.2,3DGapFade,A,ETF
KWEB,2024-09-30,11:00,34.98,1.67,-2.77,-1.5,-0.07,True,True,1.12,-4.83,3.07,0.64,2.9,3DGapFade,A,ETF
KWEB,2024-09-30,11:30,34.76,2.3,-3.39,-1.94,-0.12,True,True,1.12,-5.44,2.45,1.93,2.27,3DGapFade,A,ETF
KWEB,2024-09-30,12:00,34.09,4.19,-5.25,-3.17,-0.38,True,True,1.12,-7.26,0.53,-0.25,0.35,3DGapFade,A,ETF
KWEB,2024-09-30,13:00,34.41,3.29,-4.36,-1.89,-0.06,True,True,1.12,-6.39,1.45,0.93,1.28,3DGapFade,A,ETF
KWEB,2024-09-30,14:00,34.27,3.68,-4.75,-2.03,-0.03,True,True,1.12,-6.77,1.05,0.31,0.88,3DGapFade,A,ETF
KWEB,2024-09-30,15:00,34.04,4.31,-5.38,-2.5,-0.03,True,True,1.12,-7.39,0.4,0.04,0.22,3DGapFade,A,ETF
KWEB,2024-09-30,15:45,33.96,4.57,-5.63,-2.63,-0.06,True,True,1.12,-7.63,0.06,-0.04,-0.04,3DGapFade,A,ETF
VXX,2024-08-05,09:30,90.13,-0.06,-0.98,0.02,,False,False,1.04,-4.62,19.7,14.5,1.68,3DGapFade,A,ETF
VXX,2024-08-05,09:45,84.05,6.69,-7.66,-2.57,-4.26,True,False,1.04,-11.06,13.9,6.66,-5.44,3DGapFade,A,ETF
VXX,2024-08-05,10:00,77.06,14.45,-15.34,-9.18,-1.65,True,False,1.04,-18.46,6.09,-9.78,-15.0,3DGapFade,A,ETF
VXX,2024-08-05,10:30,84.6,6.08,-7.05,2.0,-0.81,True,False,1.04,-10.48,14.46,1.15,-4.75,3DGapFade,A,ETF
VXX,2024-08-05,11:00,83.63,7.16,-8.12,0.58,0.04,True,False,1.04,-11.5,13.46,3.43,-5.97,3DGapFade,A,ETF
VXX,2024-08-05,11:30,80.76,10.35,-11.27,-2.62,-0.26,True,False,1.04,-14.54,10.39,7.32,-9.73,3DGapFade,A,ETF
VXX,2024-08-05,12:00,74.85,16.91,-17.77,-9.01,-0.5,True,False,1.04,-20.79,3.31,1.98,-18.4,3DGapFade,A,ETF
VXX,2024-08-05,13:00,77.3,14.19,-15.07,-4.76,-0.21,True,False,1.04,-18.2,1.05,-2.47,-14.64,3DGapFade,A,ETF
VXX,2024-08-05,14:00,80.19,10.98,-11.9,-0.89,-0.03,True,False,1.04,-15.14,2.87,2.24,-10.51,3DGapFade,A,ETF
VXX,2024-08-05,15:00,81.72,9.28,-10.22,1.06,0.04,True,False,1.04,-13.52,1.65,-2.17,-8.44,3DGapFade,A,ETF
VXX,2024-08-05,15:45,86.48,4.0,-4.99,6.44,0.2,True,False,1.04,-8.49,0.06,-2.47,-2.47,3DGapFade,A,ETF
TEM,2024-08-20,09:30,56.94,1.83,-1.83,-0.62,,True,False,0.0,-2.33,-0.1,-23.48,-3.11,3DGapFade,A,Medium
TEM,2024-08-20,09:45,65.11,-12.26,-0.87,5.44,7.78,False,True,13.24,11.68,11.07,-11.0,9.83,3DGapFade,A,Medium
TEM,2024-08-20,10:00,70.31,-21.22,-4.99,5.72,7.7,False,True,27.59,20.6,17.65,8.22,16.5,3DGapFade,A,Medium
TEM,2024-08-20,10:30,64.53,-11.26,-13.76,-5.67,0.76,False,True,29.02,10.69,10.27,6.73,9.02,3DGapFade,A,Medium
TEM,2024-08-20,11:00,60.19,-3.77,-19.57,-10.56,-0.74,False,True,29.02,3.24,3.8,0.06,2.46,3DGapFade,A,Medium
TEM,2024-08-20,11:30,60.16,-3.72,-19.61,-9.87,-0.25,False,True,29.02,3.18,3.75,-0.95,2.4,3DGapFade,A,Medium
TEM,2024-08-20,12:00,60.73,-4.71,-18.84,-8.69,-0.17,False,True,29.02,4.17,4.66,3.23,3.32,3DGapFade,A,Medium
TEM,2024-08-20,13:00,60.0,-3.45,-19.82,-9.1,-0.15,False,True,29.02,2.92,2.85,-1.8,2.15,3DGapFade,A,Medium
TEM,2024-08-20,14:00,61.02,-5.21,-18.46,-7.2,-0.04,False,True,29.02,4.67,4.47,0.69,3.78,3DGapFade,A,Medium
TEM,2024-08-20,15:00,58.99,-1.71,-21.17,-10.06,-0.13,False,True,29.02,1.18,0.95,-1.4,0.47,3DGapFade,A,Medium
TEM,2024-08-20,15:45,60.08,-3.59,-19.71,-8.22,-0.06,False,True,29.02,3.05,2.75,2.28,2.28,3DGapFade,A,Medium
PHUN,2024-10-24,09:30,12.24,2.08,-2.86,-0.7,,True,False,0.8,-16.17,31.54,1.39,31.05,GapDownTrendBreak,B,Small
PHUN,2024-10-24,09:45,12.39,0.88,-1.67,3.07,-2.48,True,False,0.8,-15.14,32.36,2.34,31.88,GapDownTrendBreak,B,Small
PHUN,2024-10-24,10:00,12.07,3.44,-6.43,-1.03,1.45,True,True,3.2,-17.33,30.57,2.33,30.07,GapDownTrendBreak,B,Small
PHUN,2024-10-24,10:30,11.79,5.69,-8.61,-2.95,-0.29,True,True,3.2,-19.25,28.92,-0.18,28.41,GapDownTrendBreak,B,Small
PHUN,2024-10-24,11:00,11.81,5.52,-8.45,-2.19,-0.15,True,True,3.2,-19.11,29.04,1.86,28.54,GapDownTrendBreak,B,Small
PHUN,2024-10-24,11:30,11.59,7.28,-10.16,-3.79,-0.12,True,True,3.2,-20.62,27.7,13.72,27.18,GapDownTrendBreak,B,Small
PHUN,2024-10-24,12:00,10.0,20.0,-22.48,-13.57,-2.27,True,True,3.2,-31.51,16.2,-0.55,15.6,GapDownTrendBreak,B,Small
PHUN,2024-10-24,13:00,10.31,17.53,-20.08,-8.2,-0.31,True,True,3.2,-29.39,18.71,2.85,18.13,GapDownTrendBreak,B,Small
PHUN,2024-10-24,14:00,9.81,21.52,-23.95,-11.6,-0.38,True,True,3.2,-32.81,14.58,9.37,13.97,GapDownTrendBreak,B,Small
PHUN,2024-10-24,15:00,9.05,27.6,-29.84,-16.69,-0.22,True,True,3.2,-38.01,7.4,0.02,6.74,GapDownTrendBreak,B,Small
PHUN,2024-10-24,15:45,8.66,30.68,-32.83,-19.03,-0.73,True,True,3.2,-40.65,3.29,2.6,2.6,GapDownTrendBreak,B,Small
DJT,2024-10-29,09:30,52.92,1.55,-1.62,0.24,,True,False,0.07,-7.97,17.76,6.21,2.55,3DGapFade,A,Medium
DJT,2024-10-29,09:45,51.5,4.19,-5.16,-0.94,-1.52,True,True,1.02,-10.43,15.5,4.02,-0.14,3DGapFade,A,Medium
DJT,2024-10-29,10:00,49.63,7.67,-8.6,-3.13,-1.45,True,True,1.02,-13.69,12.31,4.74,-3.91,3DGapFade,A,Medium
DJT,2024-10-29,10:30,47.28,12.04,-12.93,-4.85,-2.71,True,True,1.02,-17.77,2.05,-6.22,-9.07,3DGapFade,A,Medium
DJT,2024-10-29,11:00,50.22,6.57,-7.51,1.53,-0.06,True,True,1.02,-12.66,0.44,-2.97,-2.69,3DGapFade,A,Medium
DJT,2024-10-29,11:30,51.71,3.8,-4.77,3.78,0.45,True,True,1.02,-10.07,1.9,-2.78,0.27,3DGapFade,A,Medium
DJT,2024-10-29,12:00,53.15,1.12,-2.12,6.17,0.25,True,True,1.02,-7.57,4.55,-0.51,2.97,3DGapFade,A,Medium
DJT,2024-10-29,13:00,52.86,1.66,-3.33,4.45,0.09,True,True,1.73,-8.07,3.87,-0.33,2.44,3DGapFade,A,Medium
DJT,2024-10-29,14:00,53.26,0.91,-2.6,4.95,0.05,True,True,1.73,-7.37,4.6,-1.14,3.17,3DGapFade,A,Medium
DJT,2024-10-29,15:00,54.0,-0.46,-1.25,5.94,0.11,False,True,1.73,-6.09,5.9,3.43,4.49,3DGapFade,A,Medium
DJT,2024-10-29,15:45,52.35,2.61,-4.27,2.47,0.04,True,True,1.73,-8.96,2.93,1.48,1.48,3DGapFade,A,Medium
IONQ,2024-10-29,09:30,17.55,-0.29,-0.2,0.41,,False,False,0.49,-3.57,10.37,6.27,4.62,GapDownTrendBreak,B,Medium
IONQ,2024-10-29,09:45,17.21,1.66,-3.31,-1.1,-0.44,True,True,1.71,-5.44,8.6,4.42,2.73,GapDownTrendBreak,B,Medium
IONQ,2024-10-29,10:00,16.45,6.0,-7.58,-2.95,-2.59,True,True,1.71,-9.62,4.38,3.84,-1.76,GapDownTrendBreak,B,Medium
IONQ,2024-10-29,10:30,15.82,9.61,-11.13,-4.89,-0.91,True,True,1.71,-13.09,0.56,0.05,-5.83,GapDownTrendBreak,B,Medium
IONQ,2024-10-29,11:00,15.81,9.66,-11.18,-4.22,-0.37,True,True,1.71,-13.13,0.04,-3.22,-5.88,GapDownTrendBreak,B,Medium
IONQ,2024-10-29,11:30,16.32,6.75,-8.32,-0.91,-0.07,True,True,1.71,-10.33,0.06,-3.35,-2.58,GapDownTrendBreak,B,Medium
IONQ,2024-10-29,12:00,16.86,3.63,-5.25,2.31,0.08,True,True,1.71,-7.34,1.99,0.66,0.74,GapDownTrendBreak,B,Medium
IONQ,2024-10-29,13:00,17.19,1.77,-3.43,3.99,0.11,True,True,1.71,-5.55,3.66,0.61,2.62,GapDownTrendBreak,B,Medium
IONQ,2024-10-29,14:00,17.21,1.66,-3.31,3.63,0.08,True,True,1.71,-5.44,3.78,0.29,2.73,GapDownTrendBreak,B,Medium
IONQ,2024-10-29,15:00,16.92,3.31,-4.94,1.71,0.03,True,True,1.71,-7.03,2.13,0.18,1.06,GapDownTrendBreak,B,Medium
IONQ,2024-10-29,15:45,16.65,4.86,-6.46,0.03,0.01,True,True,1.71,-8.52,0.54,-0.54,-0.54,GapDownTrendBreak,B,Medium
DXYZ,2024-11-11,09:30,47.55,-0.13,-0.63,1.03,,False,False,0.76,-4.52,22.44,13.35,10.62,3DGapFade,A,Small
DXYZ,2024-11-11,09:45,43.1,9.24,-13.8,-8.34,-0.1,True,True,5.29,-13.45,14.43,1.47,1.39,3DGapFade,A,Small
DXYZ,2024-11-11,10:00,41.2,13.24,-17.6,-9.03,-3.68,True,True,5.29,-17.27,10.49,-9.99,-3.16,3DGapFade,A,Small
DXYZ,2024-11-11,10:30,45.32,4.58,-9.37,3.53,0.14,True,True,5.29,-9.0,18.62,-0.12,6.22,3DGapFade,A,Small
DXYZ,2024-11-11,11:00,45.37,4.46,-9.26,2.57,0.34,True,True,5.29,-8.9,18.71,9.36,6.33,3DGapFade,A,Small
DXYZ,2024-11-11,11:30,41.12,13.4,-17.75,-6.22,-0.48,True,True,5.29,-17.42,10.32,5.25,-3.34,3DGapFade,A,Small
DXYZ,2024-11-11,12:00,38.97,17.95,-22.07,-9.99,-0.84,True,True,5.29,-21.76,5.35,-0.63,-9.07,3DGapFade,A,Small
DXYZ,2024-11-11,13:00,38.7,18.51,-22.6,-9.78,-0.2,True,True,5.29,-22.29,4.7,-7.49,-9.82,3DGapFade,A,Small
DXYZ,2024-11-11,14:00,42.1,11.36,-15.81,-1.17,-0.07,True,True,5.29,-15.47,4.31,2.2,-0.96,3DGapFade,A,Small
DXYZ,2024-11-11,15:00,41.62,12.36,-16.76,-2.2,-0.04,True,True,5.29,-16.43,3.22,2.09,-2.11,3DGapFade,A,Small
DXYZ,2024-11-11,15:45,42.52,10.47,-14.97,-0.01,-0.03,True,True,5.29,-14.63,2.98,0.04,0.04,3DGapFade,A,Small
TSLA,2024-11-12,09:30,339.25,1.02,-1.91,-0.63,,True,False,0.9,-6.49,4.7,-0.79,3.25,GapDownTrendBreak,A,Large
TSLA,2024-11-12,09:45,341.79,0.28,-1.17,0.4,-0.29,True,False,0.9,-5.79,5.41,1.23,3.97,GapDownTrendBreak,A,Large
TSLA,2024-11-12,10:00,341.94,0.23,-1.13,0.37,0.07,True,False,0.9,-5.75,5.45,0.72,4.01,GapDownTrendBreak,A,Large
TSLA,2024-11-12,10:30,339.49,0.95,-1.84,-0.18,-0.11,True,False,0.9,-6.43,4.77,-0.34,3.31,GapDownTrendBreak,A,Large
TSLA,2024-11-12,11:00,340.63,0.62,-1.51,-0.02,0.04,True,False,0.9,-6.11,5.08,0.12,3.64,GapDownTrendBreak,A,Large
TSLA,2024-11-12,11:30,340.22,0.74,-1.63,-0.13,-0.01,True,False,0.9,-6.22,4.97,0.83,3.52,GapDownTrendBreak,A,Large
TSLA,2024-11-12,12:00,337.39,1.56,-2.44,-0.87,-0.06,True,False,0.9,-7.0,4.17,1.19,2.71,GapDownTrendBreak,A,Large
TSLA,2024-11-12,13:00,327.86,4.34,-5.2,-3.05,-0.22,True,False,0.9,-9.63,1.39,0.51,-0.12,GapDownTrendBreak,A,Large
TSLA,2024-11-12,14:00,331.35,3.32,-4.19,-1.41,-0.08,True,False,0.9,-8.67,1.58,0.05,0.94,GapDownTrendBreak,A,Large
TSLA,2024-11-12,15:00,332.56,2.97,-3.84,-0.85,-0.03,True,False,0.9,-8.34,1.94,1.34,1.3,GapDownTrendBreak,A,Large
TSLA,2024-11-12,15:45,328.41,4.18,-5.04,-1.93,-0.07,True,False,0.9,-9.48,0.42,0.05,0.05,GapDownTrendBreak,A,Large
MSTR,2024-11-21,09:30,534.01,0.3,-0.73,-0.01,,True,False,0.43,-2.59,30.37,9.78,25.64,3DGapFade,A,Medium
MSTR,2024-11-21,09:45,526.18,1.76,-3.1,-0.52,-0.97,True,True,1.38,-4.02,29.33,7.16,24.54,3DGapFade,A,Medium
MSTR,2024-11-21,10:00,481.77,10.06,-11.28,-6.93,-2.13,True,True,1.38,-12.12,22.82,5.74,17.58,3DGapFade,A,Medium
MSTR,2024-11-21,10:30,454.12,15.22,-16.37,-8.98,-1.09,True,True,1.38,-17.16,18.12,-4.32,12.56,3DGapFade,A,Medium
MSTR,2024-11-21,11:00,473.73,11.56,-12.76,-1.76,-0.52,True,True,1.38,-13.58,21.51,0.36,16.18,3DGapFade,A,Medium
MSTR,2024-11-21,11:30,472.03,11.87,-13.07,-1.77,-0.09,True,True,1.38,-13.89,21.23,1.07,15.88,3DGapFade,A,Medium
MSTR,2024-11-21,12:00,467.0,12.81,-14.0,-2.76,-0.03,True,True,1.38,-14.81,20.38,-1.17,14.97,3DGapFade,A,Medium
MSTR,2024-11-21,13:00,457.01,14.68,-15.84,-4.62,-0.09,True,True,1.38,-16.63,18.64,-2.22,13.12,3DGapFade,A,Medium
MSTR,2024-11-21,14:00,449.5,16.08,-17.22,-5.8,-0.09,True,True,1.38,-18.0,17.28,1.45,11.66,3DGapFade,A,Medium
MSTR,2024-11-21,15:00,414.72,22.57,-23.62,-11.92,-0.7,True,True,1.38,-24.35,10.34,4.85,4.26,3DGapFade,A,Medium
MSTR,2024-11-21,15:45,390.42,27.11,-28.1,-15.01,-0.94,True,True,1.38,-28.78,4.76,-1.7,-1.7,3DGapFade,A,Medium
CRNC,2025-01-06,09:30,24.65,-4.31,-0.56,1.21,,False,False,4.9,-4.86,22.64,6.05,18.09,2DGapFade,B,Medium
CRNC,2025-01-06,09:45,23.12,2.17,-15.93,-9.01,4.33,True,True,16.37,-10.77,17.52,1.56,12.67,2DGapFade,B,Medium
CRNC,2025-01-06,10:00,23.16,2.0,-15.78,-5.62,-3.42,True,True,16.37,-10.61,17.66,3.28,12.82,2DGapFade,B,Medium
CRNC,2025-01-06,10:30,22.4,5.21,-18.55,-6.7,-1.24,True,True,16.37,-13.55,14.87,5.42,9.87,2DGapFade,B,Medium
CRNC,2025-01-06,11:00,21.18,10.35,-22.96,-9.99,-0.79,True,True,16.37,-18.24,9.98,0.7,4.7,2DGapFade,B,Medium
CRNC,2025-01-06,11:30,21.04,10.98,-23.5,-9.16,-0.73,True,True,16.37,-18.81,9.35,3.27,4.03,2DGapFade,B,Medium
CRNC,2025-01-06,12:00,20.35,13.89,-26.0,-11.14,-0.48,True,True,16.37,-21.46,6.29,0.49,0.79,2DGapFade,B,Medium
CRNC,2025-01-06,13:00,19.72,16.54,-28.28,-12.95,-0.43,True,True,16.37,-23.88,3.31,0.62,-2.37,2DGapFade,B,Medium
CRNC,2025-01-06,14:00,20.19,14.56,-26.58,-9.76,-0.22,True,True,16.37,-22.08,3.37,-0.15,-0.0,2DGapFade,B,Medium
CRNC,2025-01-06,15:00,19.68,16.7,-28.42,-11.45,-0.22,True,True,16.37,-24.03,0.23,-2.4,-2.57,2DGapFade,B,Medium
CRNC,2025-01-06,15:45,20.27,14.21,-26.27,-8.46,-0.11,True,True,16.37,-21.75,1.55,0.42,0.42,2DGapFade,B,Medium
IONQ,2025-01-08,09:30,38.06,1.78,-2.26,0.06,,True,False,0.49,-16.64,31.89,16.62,20.52,GapDownTrendBreak,C,Medium
IONQ,2025-01-08,09:45,31.7,18.18,-18.71,-8.09,-9.31,True,True,0.65,-30.57,18.23,16.17,4.59,GapDownTrendBreak,C,Medium
IONQ,2025-01-08,10:00,31.74,18.1,-18.63,-3.66,-4.51,True,True,0.65,-30.5,18.31,7.91,4.68,GapDownTrendBreak,C,Medium
IONQ,2025-01-08,10:30,29.23,24.58,-25.06,-6.7,-1.78,True,True,0.65,-35.99,11.3,3.48,-3.5,GapDownTrendBreak,C,Medium
IONQ,2025-01-08,11:00,28.21,27.2,-27.67,-8.42,-0.85,True,True,0.65,-38.22,8.1,3.65,-7.23,GapDownTrendBreak,C,Medium
IONQ,2025-01-08,11:30,27.18,29.86,-30.31,-10.38,-0.83,True,True,0.65,-40.47,2.28,-4.05,-11.3,GapDownTrendBreak,C,Medium
IONQ,2025-01-08,12:00,28.28,27.02,-27.49,-6.1,-0.29,True,True,0.65,-38.06,6.08,5.64,-6.97,GapDownTrendBreak,C,Medium
IONQ,2025-01-08,13:00,29.21,24.62,-25.11,-2.34,-0.13,True,True,0.65,-36.03,2.05,1.21,-3.57,GapDownTrendBreak,C,Medium
IONQ,2025-01-08,14:00,29.89,22.86,-23.36,0.07,-0.02,True,True,0.65,-34.54,3.65,-2.96,-1.2,GapDownTrendBreak,C,Medium
IONQ,2025-01-08,15:00,30.86,20.36,-20.87,3.08,0.05,True,True,0.65,-32.41,6.68,4.08,1.98,GapDownTrendBreak,C,Medium
IONQ,2025-01-08,15:45,29.73,23.28,-23.78,-0.61,-0.02,True,True,0.65,-34.89,0.31,-1.76,-1.76,GapDownTrendBreak,C,Medium
CRCL,2025-06-23,09:30,239.0,-0.23,-1.16,0.15,,False,False,1.4,-10.25,2.73,-8.8,-10.2,3DGapFade,A,Medium
CRCL,2025-06-23,09:45,251.24,-5.36,-1.07,2.89,2.31,False,True,6.5,-5.66,3.23,-9.68,-4.83,3DGapFade,A,Medium
CRCL,2025-06-23,10:00,260.02,-9.04,-1.44,4.0,2.4,False,True,10.64,-2.36,6.51,-6.93,-1.29,3DGapFade,A,Medium
CRCL,2025-06-23,10:30,278.05,-16.6,-1.79,7.18,1.45,False,True,18.72,4.41,12.57,0.56,5.28,3DGapFade,A,Medium
CRCL,2025-06-23,11:00,276.49,-15.95,-2.34,5.26,0.6,False,True,18.72,3.83,12.07,-5.84,4.74,3DGapFade,A,Medium
CRCL,2025-06-23,11:30,292.65,-22.72,-2.12,9.13,1.33,False,True,25.38,9.89,16.93,2.28,10.0,3DGapFade,A,Medium
CRCL,2025-06-23,12:00,285.99,-19.93,-4.35,5.35,0.48,False,True,25.38,7.39,14.99,10.67,7.91,3DGapFade,A,Medium
CRCL,2025-06-23,13:00,259.79,-8.94,-13.11,-3.39,-0.22,False,True,25.38,-2.44,4.54,-3.58,-1.38,3DGapFade,A,Medium
CRCL,2025-06-23,14:00,262.57,-10.11,-12.18,-2.26,-0.02,False,True,25.38,-1.4,5.55,2.79,-0.31,3DGapFade,A,Medium
CRCL,2025-06-23,15:00,264.14,-10.77,-11.65,-1.28,-0.08,False,True,25.38,-0.81,1.91,-0.05,0.29,3DGapFade,A,Medium
CRCL,2025-06-23,15:45,262.72,-10.17,-12.13,-1.75,-0.02,False,True,25.38,-1.34,1.37,-0.25,-0.25,3DGapFade,A,Medium
OPEN,2025-07-21,09:30,2.65,1.53,-3.61,-0.42,,True,False,2.16,-15.51,4.48,-16.0,-17.44,3DGapFade,A,Small
OPEN,2025-07-21,09:45,2.66,1.26,-4.69,0.08,-0.23,True,True,3.6,-15.28,0.55,-17.49,-17.12,3DGapFade,A,Small
OPEN,2025-07-21,10:00,3.07,-14.23,-0.14,10.96,4.34,False,True,14.39,-1.99,12.14,1.53,-1.24,3DGapFade,A,Small
OPEN,2025-07-21,10:30,3.03,-12.49,-7.48,3.47,0.86,False,True,21.58,-3.49,10.78,-16.56,-2.81,3DGapFade,A,Small
OPEN,2025-07-21,11:00,3.53,-31.12,-2.8,16.42,2.48,False,True,34.89,12.5,23.46,-11.57,11.8,3DGapFade,A,Small
OPEN,2025-07-21,11:30,3.94,-46.28,-0.33,23.01,2.47,False,True,46.76,25.51,31.39,3.73,20.94,3DGapFade,A,Small
OPEN,2025-07-21,12:00,3.79,-40.83,-11.02,12.39,1.23,False,True,58.28,20.83,28.74,0.77,17.88,3DGapFade,A,Small
OPEN,2025-07-21,13:00,4.2,-56.12,-1.36,21.09,1.02,False,True,58.28,33.95,35.71,1.73,25.92,3DGapFade,A,Small
OPEN,2025-07-21,14:00,4.58,-70.32,-1.15,27.25,1.44,False,True,72.3,46.14,41.08,-0.54,32.1,3DGapFade,A,Small
OPEN,2025-07-21,15:00,4.2,-56.29,-12.58,12.15,1.0,False,True,78.78,34.1,35.79,27.3,26.01,3DGapFade,A,Small
OPEN,2025-07-21,15:45,3.0,-11.51,-37.63,-17.7,-1.07,False,True,78.78,-4.32,0.65,-3.71,-3.71,3DGapFade,A,Small
BYND,2025-10-22,09:30,5.91,4.21,-5.89,-1.94,,True,False,1.78,-33.3,55.67,-2.34,39.42,3DGapFade,B,Small
BYND,2025-10-22,09:45,6.11,0.97,-2.71,4.77,-3.24,True,False,1.78,-31.04,57.12,-10.15,41.41,3DGapFade,B,Small
BYND,2025-10-22,10:00,6.05,1.98,-5.94,2.93,0.76,True,True,4.21,-31.74,56.68,-26.32,40.81,3DGapFade,B,Small
BYND,2025-10-22,10:30,7.64,-23.82,-0.65,22.25,5.59,False,True,24.64,-13.77,65.71,12.3,53.14,3DGapFade,B,Small
BYND,2025-10-22,11:00,6.7,-8.59,-12.87,4.72,0.53,False,True,24.64,-24.38,60.9,30.3,46.57,3DGapFade,B,Small
BYND,2025-10-22,11:30,4.67,24.31,-39.27,-25.45,-1.8,True,True,24.64,-47.29,43.9,4.07,23.34,3DGapFade,B,Small
BYND,2025-10-22,12:00,4.48,27.39,-41.74,-22.98,-3.94,True,True,24.64,-49.44,41.52,19.87,20.09,3DGapFade,B,Small
BYND,2025-10-22,13:00,3.44,44.33,-55.33,-34.73,-2.01,True,True,24.64,-61.23,8.88,-10.3,-4.22,3DGapFade,B,Small
BYND,2025-10-22,14:00,4.13,33.07,-46.3,-18.07,-0.77,True,True,24.64,-53.39,24.21,2.3,13.31,3DGapFade,B,Small
BYND,2025-10-22,15:00,3.92,36.47,-49.03,-20.81,-0.58,True,True,24.64,-55.76,20.15,14.98,8.67,3DGapFade,B,Small
BYND,2025-10-22,15:45,3.37,45.38,-56.18,-30.85,-0.43,True,True,24.64,-61.96,3.26,-6.23,-6.23,3DGapFade,B,Small
GLD,2025-10-17,09:30,396.9,0.06,-0.1,-0.01,,True,False,0.04,-1.49,2.94,1.03,2.03,3DGapFade,A,ETF
GLD,2025-10-17,09:45,394.78,0.59,-0.63,0.16,-0.7,True,False,0.04,-2.01,2.42,1.53,1.5,3DGapFade,A,ETF
GLD,2025-10-17,10:00,392.81,1.09,-1.13,-0.33,-0.01,True,False,0.04,-2.5,1.93,0.61,1.01,3DGapFade,A,ETF
GLD,2025-10-17,10:30,390.4,1.7,-1.73,-0.39,-0.14,True,False,0.04,-3.1,1.33,-0.19,0.4,3DGapFade,A,ETF
GLD,2025-10-17,11:00,391.16,1.51,-1.54,-0.16,-0.01,True,False,0.04,-2.91,1.52,0.1,0.59,3DGapFade,A,ETF
GLD,2025-10-17,11:30,390.78,1.6,-1.64,-0.23,-0.02,True,False,0.04,-3.01,1.42,0.15,0.49,3DGapFade,A,ETF
GLD,2025-10-17,12:00,390.21,1.74,-1.78,-0.36,-0.01,True,False,0.04,-3.15,1.28,0.54,0.35,3DGapFade,A,ETF
GLD,2025-10-17,13:00,386.63,2.65,-2.68,-1.11,-0.05,True,False,0.04,-4.04,0.36,0.05,-0.57,3DGapFade,A,ETF
GLD,2025-10-17,14:00,388.15,2.26,-2.3,-0.57,-0.01,True,False,0.04,-3.66,0.15,-0.54,-0.18,3DGapFade,A,ETF
GLD,2025-10-17,15:00,389.54,1.91,-1.95,-0.2,-0.0,True,False,0.04,-3.31,0.51,0.26,0.18,3DGapFade,A,ETF
GLD,2025-10-17,15:45,388.29,2.23,-2.26,-0.49,-0.01,True,False,0.04,-3.62,0.07,-0.14,-0.14,3DGapFade,A,ETF
SNDK,2025-11-13,09:30,260.48,2.81,-2.81,-0.78,,True,False,0.0,-8.35,10.11,-2.57,6.51,GapDownTrendBreak,B,Medium
SNDK,2025-11-13,09:45,261.14,2.56,-2.56,-0.2,-0.33,True,False,0.0,-8.11,10.34,-3.23,6.74,GapDownTrendBreak,B,Medium
SNDK,2025-11-13,10:00,267.17,0.31,-0.31,1.92,0.18,True,False,0.0,-5.99,12.37,1.65,8.85,GapDownTrendBreak,B,Medium
SNDK,2025-11-13,10:30,262.75,1.96,-3.34,-0.28,0.11,True,True,1.43,-7.55,10.89,2.53,7.31,GapDownTrendBreak,B,Medium
SNDK,2025-11-13,11:00,256.1,4.44,-5.79,-2.08,-0.43,True,True,1.43,-9.89,8.58,1.17,4.91,GapDownTrendBreak,B,Medium
SNDK,2025-11-13,11:30,253.1,5.56,-6.89,-2.81,-0.19,True,True,1.43,-10.94,7.5,2.52,3.78,GapDownTrendBreak,B,Medium
SNDK,2025-11-13,12:00,246.72,7.94,-9.24,-4.55,-0.18,True,True,1.43,-13.19,5.1,-0.68,1.29,GapDownTrendBreak,B,Medium
SNDK,2025-11-13,13:00,244.74,8.68,-9.97,-4.68,-0.18,True,True,1.43,-13.88,4.34,2.86,0.49,GapDownTrendBreak,B,Medium
SNDK,2025-11-13,14:00,237.79,11.27,-12.53,-6.1,-0.29,True,True,1.43,-16.33,0.63,-1.33,-2.41,GapDownTrendBreak,B,Medium
SNDK,2025-11-13,15:00,238.54,10.99,-12.25,-5.22,-0.16,True,True,1.43,-16.07,0.52,-0.57,-2.09,GapDownTrendBreak,B,Medium
SNDK,2025-11-13,15:45,242.77,9.41,-10.69,-3.23,-0.1,True,True,1.43,-14.58,0.72,-0.31,-0.31,GapDownTrendBreak,B,Medium
SLV,2026-01-26,09:30,99.32,0.05,-0.18,-0.0,,True,False,0.13,-1.17,2.83,-1.34,1.01,3DGapFade,B,ETF
SLV,2026-01-26,09:45,99.7,-0.34,-0.49,0.11,0.27,False,True,0.84,-0.79,3.2,-1.74,1.39,3DGapFade,B,ETF
SLV,2026-01-26,10:00,100.65,-1.29,-0.32,0.71,0.35,False,True,1.61,0.15,4.11,-0.77,2.31,3DGapFade,B,ETF
SLV,2026-01-26,10:30,101.42,-2.06,-0.46,0.97,0.21,False,True,2.54,0.92,4.84,-0.12,3.06,3DGapFade,B,ETF
SLV,2026-01-26,11:00,101.54,-2.18,-0.34,0.94,0.09,False,True,2.54,1.03,4.95,-0.82,3.17,3DGapFade,B,ETF
SLV,2026-01-26,11:30,102.37,-3.02,-0.63,1.39,0.17,False,True,3.67,1.86,5.72,-1.15,3.96,3DGapFade,B,ETF
SLV,2026-01-26,12:00,103.55,-4.21,-0.25,2.26,0.18,False,True,4.46,3.03,6.8,-0.42,5.05,3DGapFade,B,ETF
SLV,2026-01-26,13:00,106.18,-6.85,-0.1,3.89,0.3,False,True,6.96,5.65,9.11,2.83,7.4,3DGapFade,B,ETF
SLV,2026-01-26,14:00,100.48,-1.12,-5.83,-2.04,-0.05,False,True,7.38,-0.02,3.95,1.54,2.15,3DGapFade,B,ETF
SLV,2026-01-26,15:00,97.7,1.68,-8.43,-3.96,-0.21,True,True,7.38,-2.79,0.33,-1.24,-0.63,3DGapFade,B,ETF
SLV,2026-01-26,15:45,97.97,1.41,-8.18,-3.4,-0.09,True,True,7.38,-2.52,0.45,-0.36,-0.36,3DGapFade,B,ETF
GLD,2026-01-29,09:30,508.67,0.16,-0.2,-0.04,,True,False,0.04,-1.07,7.9,0.89,2.54,3DGapFade,A,ETF
GLD,2026-01-29,09:45,506.53,0.58,-0.62,-0.25,-0.21,True,False,0.04,-1.48,7.51,2.85,2.13,3DGapFade,A,ETF
GLD,2026-01-29,10:00,504.14,1.05,-1.09,-0.53,-0.19,True,False,0.04,-1.95,7.07,4.71,1.67,3DGapFade,A,ETF
GLD,2026-01-29,10:30,480.38,5.72,-5.75,-2.98,-1.57,True,False,0.04,-6.57,2.47,0.7,-3.2,3DGapFade,A,ETF
GLD,2026-01-29,11:00,477.01,6.38,-6.41,-2.56,-0.27,True,False,0.04,-7.22,0.16,-2.17,-3.93,3DGapFade,A,ETF
GLD,2026-01-29,11:30,487.37,4.35,-4.38,-0.28,-0.06,True,False,0.04,-5.21,1.45,0.43,-1.72,3DGapFade,A,ETF
GLD,2026-01-29,12:00,485.28,4.76,-4.79,-0.63,-0.05,True,False,0.04,-5.62,0.14,-1.38,-2.16,3DGapFade,A,ETF
GLD,2026-01-29,13:00,491.13,3.61,-3.64,0.52,0.01,True,False,0.04,-4.48,1.17,0.21,-0.94,3DGapFade,A,ETF
GLD,2026-01-29,14:00,489.57,3.91,-3.95,0.16,0.01,True,False,0.04,-4.78,0.86,0.59,-1.26,3DGapFade,A,ETF
GLD,2026-01-29,15:00,487.13,4.39,-4.43,-0.33,-0.0,True,False,0.04,-5.26,0.36,-0.32,-1.77,3DGapFade,A,ETF
GLD,2026-01-29,15:45,492.67,3.31,-3.34,0.8,0.01,True,False,0.04,-4.18,0.02,-0.62,-0.62,3DGapFade,A,ETF
EWY,2026-02-26,09:30,153.04,0.17,-0.41,-0.11,,True,False,0.24,-2.45,4.22,2.0,1.73,3DGapFade,A,ETF
EWY,2026-02-26,09:45,152.0,0.85,-1.44,-0.73,-0.06,True,True,0.6,-3.12,3.57,2.28,1.05,3DGapFade,A,ETF
EWY,2026-02-26,10:00,149.98,2.17,-2.75,-1.2,-0.86,True,True,0.6,-4.4,2.27,1.88,-0.28,3DGapFade,A,ETF
EWY,2026-02-26,10:30,147.16,4.01,-4.58,-2.03,-0.71,True,True,0.6,-6.2,0.13,-1.52,-2.21,3DGapFade,A,ETF
EWY,2026-02-26,11:00,149.39,2.55,-3.13,-0.35,-0.03,True,True,0.6,-4.78,0.64,-0.81,-0.68,3DGapFade,A,ETF
EWY,2026-02-26,11:30,150.6,1.76,-2.35,0.46,0.02,True,True,0.6,-4.01,1.43,1.05,0.13,3DGapFade,A,ETF
EWY,2026-02-26,12:00,149.02,2.8,-3.37,-0.56,-0.03,True,True,0.6,-5.02,0.39,-0.09,-0.93,3DGapFade,A,ETF
EWY,2026-02-26,13:00,148.79,2.95,-3.52,-0.66,-0.02,True,True,0.6,-5.16,0.13,-0.17,-1.08,3DGapFade,A,ETF
EWY,2026-02-26,14:00,150.12,2.08,-2.66,0.24,0.0,True,True,0.6,-4.32,0.12,-0.25,-0.19,3DGapFade,A,ETF
EWY,2026-02-26,15:00,150.49,1.84,-2.42,0.45,0.01,True,True,0.6,-4.08,0.36,0.28,0.06,3DGapFade,A,ETF
EWY,2026-02-26,15:45,150.32,1.95,-2.53,0.33,0.01,True,True,0.6,-4.19,0.22,-0.05,-0.05,3DGapFade,A,ETF
GLW,2026-02-26,09:30,157.26,0.69,-0.99,-0.24,,True,False,0.3,-3.7,5.63,1.68,4.41,GapDownTrendBreak,C,Medium
GLW,2026-02-26,09:45,156.0,1.49,-1.81,-0.25,-0.8,True,True,0.33,-4.47,4.87,2.56,3.64,GapDownTrendBreak,C,Medium
GLW,2026-02-26,10:00,154.62,2.36,-2.68,-0.29,-0.84,True,True,0.33,-5.32,4.02,1.4,2.78,GapDownTrendBreak,C,Medium
GLW,2026-02-26,10:30,152.46,3.73,-4.04,-1.33,-0.32,True,True,0.33,-6.64,2.66,0.36,1.4,GapDownTrendBreak,C,Medium
GLW,2026-02-26,11:00,151.91,4.07,-4.39,-1.54,-0.08,True,True,0.33,-6.97,2.31,-1.04,1.05,GapDownTrendBreak,C,Medium
GLW,2026-02-26,11:30,153.49,3.08,-3.39,-0.32,-0.05,True,True,0.33,-6.01,3.32,0.3,2.07,GapDownTrendBreak,C,Medium
GLW,2026-02-26,12:00,153.03,3.37,-3.68,-0.57,-0.04,True,True,0.33,-6.29,3.03,1.55,1.77,GapDownTrendBreak,C,Medium
GLW,2026-02-26,13:00,150.0,5.28,-5.59,-2.34,-0.09,True,True,0.33,-8.14,1.07,-0.02,-0.21,GapDownTrendBreak,C,Medium
GLW,2026-02-26,14:00,148.96,5.94,-6.24,-2.73,-0.11,True,True,0.33,-8.78,0.18,-1.39,-0.91,GapDownTrendBreak,C,Medium
GLW,2026-02-26,15:00,150.35,5.05,-5.37,-1.65,-0.02,True,True,0.33,-7.93,0.6,0.44,0.02,GapDownTrendBreak,C,Medium
GLW,2026-02-26,15:45,150.46,4.99,-5.3,-1.45,-0.04,True,True,0.33,-7.86,0.21,0.09,0.09,GapDownTrendBreak,C,Medium
CAR,2026-04-22,09:30,785.84,-1.4,-1.75,0.06,,False,False,3.21,-1.03,45.54,3.67,43.75,3DGapFade,B,Medium
CAR,2026-04-22,09:45,795.46,-2.64,-6.16,-1.06,2.38,False,True,9.38,0.19,46.2,6.47,44.43,3DGapFade,B,Medium
CAR,2026-04-22,10:00,757.0,2.32,-10.7,-3.97,-1.95,True,True,9.38,-4.66,43.46,3.44,41.61,3DGapFade,B,Medium
CAR,2026-04-22,10:30,730.99,5.68,-13.77,-5.62,-0.9,True,True,9.38,-7.93,41.45,-0.2,39.53,3DGapFade,B,Medium
CAR,2026-04-22,11:00,732.43,5.49,-13.6,-4.3,-0.59,True,True,9.38,-7.75,41.57,0.4,39.65,3DGapFade,B,Medium
CAR,2026-04-22,11:30,729.5,5.87,-13.94,-4.27,-0.17,True,True,9.38,-8.12,41.33,4.32,39.41,3DGapFade,B,Medium
CAR,2026-04-22,12:00,698.0,9.93,-17.66,-6.8,-1.02,True,True,9.38,-12.09,38.68,11.51,36.67,3DGapFade,B,Medium
CAR,2026-04-22,13:00,623.8,19.51,-26.41,-13.1,-0.71,True,True,9.38,-21.43,31.39,7.5,29.14,3DGapFade,B,Medium
CAR,2026-04-22,14:00,538.07,30.57,-36.53,-22.0,-0.95,True,True,9.38,-32.23,20.46,2.56,17.85,3DGapFade,B,Medium
CAR,2026-04-22,15:00,484.98,37.42,-42.79,-26.62,-1.31,True,True,9.38,-38.92,11.75,3.09,8.85,3DGapFade,B,Medium
CAR,2026-04-22,15:45,458.0,40.9,-45.97,-28.09,-1.26,True,True,9.38,-42.32,6.55,3.48,3.48,3DGapFade,B,Medium
BE,2026-04-30,09:30,289.4,2.14,-2.39,-0.63,,True,False,0.26,-2.87,9.63,7.53,2.16,2DGapFade,B,Medium
BE,2026-04-30,09:45,277.57,6.14,-6.38,-2.05,-2.69,True,False,0.26,-6.84,5.78,3.51,-2.01,2DGapFade,B,Medium
BE,2026-04-30,10:00,267.61,9.51,-9.74,-2.92,-2.73,True,False,0.26,-10.18,1.24,0.53,-5.8,2DGapFade,B,Medium
BE,2026-04-30,10:30,266.2,9.99,-10.22,-2.65,-0.36,True,False,0.26,-10.65,0.07,-3.39,-6.37,2DGapFade,B,Medium
BE,2026-04-30,11:00,275.21,6.94,-7.18,0.72,0.1,True,False,0.26,-7.63,1.9,0.67,-2.88,2DGapFade,B,Medium
BE,2026-04-30,11:30,273.38,7.56,-7.8,0.08,-0.03,True,False,0.26,-8.24,1.0,0.33,-3.57,2DGapFade,B,Medium
BE,2026-04-30,12:00,272.47,7.87,-8.1,-0.23,-0.01,True,False,0.26,-8.55,0.68,-0.4,-3.92,2DGapFade,B,Medium
BE,2026-04-30,13:00,276.0,6.67,-6.91,1.04,0.03,True,False,0.26,-7.36,1.95,-2.08,-2.59,2DGapFade,B,Medium
BE,2026-04-30,14:00,281.08,4.95,-5.2,2.55,0.05,True,False,0.26,-5.66,3.72,0.34,-0.73,2DGapFade,B,Medium
BE,2026-04-30,15:00,277.76,6.07,-6.32,1.15,0.04,True,False,0.26,-6.77,2.57,2.53,-1.94,2DGapFade,B,Medium
BE,2026-04-30,15:45,278.44,5.85,-6.09,1.37,0.02,True,False,0.26,-6.54,0.02,-1.69,-1.69,2DGapFade,B,Medium
SNDK,2026-05-06,09:30,1431.46,0.41,-0.41,0.15,,True,False,0.0,-5.21,6.56,3.36,1.53,3DGapFade,B,Large
SNDK,2026-05-06,09:45,1408.09,2.04,-2.2,-0.33,-1.16,True,True,0.16,-6.76,5.01,3.49,-0.11,3DGapFade,B,Large
SNDK,2026-05-06,10:00,1383.38,3.76,-3.91,-1.71,-0.38,True,True,0.16,-8.39,3.31,2.31,-1.9,3DGapFade,B,Large
SNDK,2026-05-06,10:30,1351.42,5.98,-6.13,-2.4,-0.79,True,True,0.16,-10.51,0.38,-3.74,-4.31,3DGapFade,B,Large
SNDK,2026-05-06,11:00,1401.94,2.47,-2.62,1.26,0.11,True,True,0.16,-7.16,2.63,-1.21,-0.55,3DGapFade,B,Large
SNDK,2026-05-06,11:30,1418.93,1.29,-1.44,2.02,0.19,True,True,0.16,-6.04,3.8,1.6,0.66,3DGapFade,B,Large
SNDK,2026-05-06,12:00,1396.29,2.86,-3.02,0.3,0.02,True,True,0.16,-7.54,2.24,1.27,-0.95,3DGapFade,B,Large
SNDK,2026-05-06,13:00,1376.2,4.26,-4.41,-1.06,-0.03,True,True,0.16,-8.87,0.81,-0.52,-2.43,3DGapFade,B,Large
SNDK,2026-05-06,14:00,1378.03,4.13,-4.28,-0.88,-0.02,True,True,0.16,-8.75,0.95,0.23,-2.29,3DGapFade,B,Large
SNDK,2026-05-06,15:00,1394.0,3.02,-3.17,0.32,-0.0,True,True,0.16,-7.69,0.55,-0.71,-1.12,3DGapFade,B,Large
SNDK,2026-05-06,15:45,1405.12,2.25,-2.4,1.08,0.02,True,True,0.16,-6.95,0.5,-0.32,-0.32,3DGapFade,B,Large
SOXL,2026-05-12,09:30,173.75,2.18,-2.28,-0.57,,True,False,0.11,-6.02,13.34,0.22,0.69,GapDownTrendBreak,B,ETF
SOXL,2026-05-12,09:45,180.66,-1.71,-0.87,1.79,1.57,False,True,2.6,-2.28,16.65,2.83,4.49,GapDownTrendBreak,B,ETF
SOXL,2026-05-12,10:00,173.37,2.39,-4.87,-1.93,-0.39,True,True,2.6,-6.22,13.15,3.62,0.48,GapDownTrendBreak,B,ETF
SOXL,2026-05-12,10:30,167.1,5.92,-8.31,-4.5,-0.67,True,True,2.6,-9.61,9.89,1.61,-3.26,GapDownTrendBreak,B,ETF
SOXL,2026-05-12,11:00,164.4,7.44,-9.79,-4.71,-0.45,True,True,2.6,-11.07,8.41,4.5,-4.95,GapDownTrendBreak,B,ETF
SOXL,2026-05-12,11:30,157.0,11.61,-13.85,-7.46,-0.98,True,True,2.6,-15.08,4.09,1.04,-9.9,GapDownTrendBreak,B,ETF
SOXL,2026-05-12,12:00,155.37,12.53,-14.74,-7.38,-0.57,True,True,2.6,-15.96,3.08,0.68,-11.05,GapDownTrendBreak,B,ETF
SOXL,2026-05-12,13:00,152.38,14.21,-16.38,-7.82,-0.38,True,True,2.6,-17.57,0.47,-4.8,-13.23,GapDownTrendBreak,B,ETF
SOXL,2026-05-12,14:00,160.38,9.71,-12.0,-2.27,-0.07,True,True,2.6,-13.25,0.16,-2.82,-7.59,GapDownTrendBreak,B,ETF
SOXL,2026-05-12,15:00,162.56,8.48,-10.8,-0.87,-0.02,True,True,2.6,-12.07,0.07,-3.03,-6.14,GapDownTrendBreak,B,ETF
SOXL,2026-05-12,15:45,169.79,4.41,-6.83,3.37,0.13,True,True,2.6,-8.16,0.34,-1.62,-1.62,GapDownTrendBreak,B,ETF
MU,2026-05-12,09:30,763.92,1.39,-1.43,-0.43,,True,False,0.04,-3.03,7.5,-0.2,-0.24,GapDownTrendBreak,B,Large
MU,2026-05-12,09:45,776.34,-0.21,-0.36,1.04,0.15,False,True,0.57,-1.46,8.98,1.42,1.36,GapDownTrendBreak,B,Large
MU,2026-05-12,10:00,765.46,1.19,-2.21,-0.53,0.15,True,True,1.04,-2.84,7.69,2.42,-0.04,GapDownTrendBreak,B,Large
MU,2026-05-12,10:30,746.9,3.59,-4.58,-2.49,-0.36,True,True,1.04,-5.19,5.4,-0.22,-2.53,GapDownTrendBreak,B,Large
MU,2026-05-12,11:00,748.57,3.37,-4.37,-1.86,-0.15,True,True,1.04,-4.98,5.61,1.72,-2.3,GapDownTrendBreak,B,Large
MU,2026-05-12,11:30,735.7,5.03,-6.01,-3.01,-0.31,True,True,1.04,-6.61,3.96,1.73,-4.09,GapDownTrendBreak,B,Large
MU,2026-05-12,12:00,723.0,6.67,-7.63,-4.07,-0.45,True,True,1.04,-8.23,2.27,0.71,-5.91,GapDownTrendBreak,B,Large
MU,2026-05-12,13:00,717.75,7.35,-8.31,-3.79,-0.26,True,True,1.04,-8.89,0.53,-2.11,-6.69,GapDownTrendBreak,B,Large
MU,2026-05-12,14:00,740.15,4.46,-5.44,-0.45,-0.03,True,True,1.04,-6.05,0.17,-1.77,-3.46,GapDownTrendBreak,B,Large
MU,2026-05-12,15:00,746.88,3.59,-4.58,0.38,0.0,True,True,1.04,-5.19,0.52,-0.59,-2.53,GapDownTrendBreak,B,Large
MU,2026-05-12,15:45,757.2,2.26,-3.27,1.68,0.05,True,True,1.04,-3.88,0.14,-1.13,-1.13,GapDownTrendBreak,B,Large
INTC,2026-05-12,09:30,123.76,0.49,-0.63,0.01,,True,False,0.14,-4.63,7.07,0.09,2.55,GapDownTrendBreak,B,Large
INTC,2026-05-12,09:45,126.85,-2.0,-0.74,1.24,1.26,False,True,2.76,-2.24,9.34,2.89,4.93,GapDownTrendBreak,B,Large
INTC,2026-05-12,10:00,123.64,0.57,-3.24,-1.27,-0.05,True,True,2.76,-4.71,6.99,2.71,2.47,GapDownTrendBreak,B,Large
INTC,2026-05-12,10:30,120.29,3.27,-5.87,-3.2,-0.45,True,True,2.76,-7.3,4.4,1.46,-0.25,GapDownTrendBreak,B,Large
INTC,2026-05-12,11:00,118.53,4.69,-7.25,-3.4,-0.42,True,True,2.76,-8.66,2.98,1.75,-1.74,GapDownTrendBreak,B,Large
INTC,2026-05-12,11:30,116.46,6.35,-8.87,-4.19,-0.49,True,True,2.76,-10.25,1.25,-0.46,-3.55,GapDownTrendBreak,B,Large
INTC,2026-05-12,12:00,117.0,5.92,-8.44,-3.34,-0.17,True,True,2.76,-9.84,1.71,-0.15,-3.07,GapDownTrendBreak,B,Large
INTC,2026-05-12,13:00,115.9,6.81,-9.31,-3.59,-0.2,True,True,2.76,-10.69,0.23,-1.28,-4.06,GapDownTrendBreak,B,Large
INTC,2026-05-12,14:00,117.45,5.56,-8.09,-2.01,-0.06,True,True,2.76,-9.49,0.44,-1.03,-2.68,GapDownTrendBreak,B,Large
INTC,2026-05-12,15:00,117.6,5.44,-7.97,-1.76,-0.04,True,True,2.76,-9.37,0.17,-1.23,-2.55,GapDownTrendBreak,B,Large
INTC,2026-05-12,15:45,119.64,3.8,-6.38,-0.01,-0.0,True,True,2.76,-7.8,0.01,-0.8,-0.8,GapDownTrendBreak,B,Large
SNDK,2026-05-12,09:30,1471.08,1.4,-1.44,-0.42,,True,False,0.04,-5.18,7.08,0.07,1.29,GapDownTrendBreak,B,Large
SNDK,2026-05-12,09:45,1499.27,-0.49,-0.25,1.16,0.33,False,True,0.74,-3.36,8.82,2.42,3.15,GapDownTrendBreak,B,Large
SNDK,2026-05-12,10:00,1470.0,1.47,-2.54,-0.77,-0.04,True,True,1.09,-5.25,7.01,3.48,1.22,GapDownTrendBreak,B,Large
SNDK,2026-05-12,10:30,1418.83,4.9,-5.93,-3.37,-0.6,True,True,1.09,-8.55,3.65,-0.66,-2.34,GapDownTrendBreak,B,Large
SNDK,2026-05-12,11:00,1428.17,4.28,-5.31,-1.96,-0.21,True,True,1.09,-7.94,4.28,1.39,-1.67,GapDownTrendBreak,B,Large
SNDK,2026-05-12,11:30,1408.34,5.61,-6.63,-2.86,-0.3,True,True,1.09,-9.22,2.94,0.23,-3.1,GapDownTrendBreak,B,Large
SNDK,2026-05-12,12:00,1405.16,5.82,-6.84,-2.74,-0.21,True,True,1.09,-9.43,2.72,0.75,-3.34,GapDownTrendBreak,B,Large
SNDK,2026-05-12,13:00,1379.08,7.57,-8.57,-3.78,-0.2,True,True,1.09,-11.11,0.49,-2.13,-5.29,GapDownTrendBreak,B,Large
SNDK,2026-05-12,14:00,1408.47,5.6,-6.62,-1.43,-0.03,True,True,1.09,-9.21,0.92,-0.74,-3.09,GapDownTrendBreak,B,Large
SNDK,2026-05-12,15:00,1402.05,6.03,-7.05,-1.78,-0.04,True,True,1.09,-9.63,0.22,-1.4,-3.56,GapDownTrendBreak,B,Large
SNDK,2026-05-12,15:45,1450.72,2.77,-3.82,1.62,0.05,True,True,1.09,-6.49,0.39,-0.09,-0.09,GapDownTrendBreak,B,Large
