ticker,date,trade_grade,intraday_setup,atr_pct,d0_in_atr,d0_move_pct,d0_ge_1atr,d-1_in_atr,d-1_move_pct,d-1_ge_1atr,d-2_in_atr,d-2_move_pct,d-2_ge_1atr,d-3_in_atr,d-3_move_pct,d-3_ge_1atr,ctl_n,ctl_mean_in_atr,ctl_max_in_atr,ctl_hit_rate
AMD,2018-09-05,A,,0.0348,0.5178471627837912,0.01802108126487593,False,0.6168851561728902,0.021467603434816577,False,0.39253173734546937,0.013660104459622333,False,0.11362448471296345,0.003954132068011128,False,5.0,0.420482559834939,0.6363368432333933,0.0
MRNA,2020-02-27,A,,0.0577,0.05796328605461176,0.003344481605351099,False,0.5548313581138119,0.032013769363166945,False,0.4772877536569264,0.027539503386004652,False,0.04506246107729988,0.002600104004160203,False,5.0,0.07044129768797194,0.21135393329669905,0.0
CODX,2020-02-28,A,,0.0561,0.06580641234133394,0.0036917397323488342,False,0.2920531335287084,0.01638418079096054,False,2.339068083012721,0.13122171945701364,True,0.27332144979203754,0.015333333333333306,False,5.0,0.24174908561487934,0.6178457838480351,0.0
APT,2020-02-28,B,,0.0501,0.41281927147585207,0.020682245500940187,False,0.0,0.0,False,4.874617093287982,0.2442183163737279,True,0.0,0.0,False,4.0,0.34639458946185253,0.9980039920159677,0.0
XPEV,2020-11-13,B,,0.0454,1.0609061148607697,0.04816513761467894,True,0.7305916222273752,0.033168859649122834,False,0.5214190489880232,0.02367242482405625,False,1.3514327108203,0.06135504507124162,True,4.0,0.25179766225540684,0.6852667645619172,0.0
AHPI,2020-02-28,C,,0.223961611,0.006464842083478774,0.0014478764478765029,False,1.4528530290861983,0.3253833049403748,True,0.517138667302889,0.11581920903954807,False,0.03657229217593125,0.008190789473684257,False,5.0,0.1887289569332193,0.9436447846660966,0.0
WKHS,2020-07-06,B,,0.065,0.21064865257499818,0.013692162417374882,False,1.6842264264944677,0.1094747177221404,True,0.8375854433426398,0.05444305381727159,False,1.211244689505559,0.07873090481786134,True,5.0,0.34564235484649924,0.7716421509524958,0.0
ZM,2020-02-28,B,,0.0457,0.15543388737080033,0.007103328652845574,False,0.49790529841224096,0.02275427213743941,False,0.2700822632360261,0.01234275942988639,False,0.39924474186609493,0.018245484703280537,False,5.0,0.1359349327593946,0.2550411115932391,0.0
NKLA,2020-06-09,A,,0.2683588360717421,0.034410655736671035,0.009234403521958454,False,0.17744542462658955,0.047619047619047616,False,0.026131514145570692,0.0070126227208976155,False,0.13198537176619596,0.03541944074567252,False,,,,
VIR,2020-02-28,C,,0.0654,0.1740733816010857,0.011384399156711005,False,0.22385019678870385,0.014639802869981232,False,1.9498859612149972,0.12752254186346082,True,0.6525537096195307,0.04267701260911731,False,5.0,0.27407350207803477,0.39629503781729364,0.0
LI,2020-11-13,B,,0.0528,0.9994976858366972,0.05277347781217761,False,0.6475305634425951,0.03418961374976902,False,0.10229003789452401,0.005400914000830868,False,0.4991778247592199,0.02635658914728681,False,5.0,0.6854041259643051,1.1689659905967946,0.4
XPEV,2020-11-24,B,,0.054,0.007697873847243682,0.00041568518775115886,False,0.5938978626203297,0.032070484581497805,False,1.651672222983363,0.0891903000411016,True,0.6347430844075139,0.03427612655800575,False,3.0,0.49167149671668264,1.1362045383563264,0.3333333333333333
PLTR,2020-11-27,A,,0.0452,1.6385442350197326,0.07406219942289191,True,2.068343995154164,0.09348914858096821,True,0.9403892221496302,0.04250559284116328,False,0.8847182439589788,0.03998926462694584,False,2.0,0.30915872374638376,0.5231609149968137,0.0
NIO,2020-11-13,B,,0.0505,0.9150066888147178,0.04620783778514325,False,0.5187027977671287,0.026194491287240003,False,0.1296528544821231,0.006547469151347217,False,0.3114918233396386,0.01573033707865175,False,5.0,0.3061119617652476,0.5142008636475713,0.0
FCEL,2020-11-24,A,,0.0395,3.4026129019971294,0.1344032096288866,True,2.2494427516819697,0.0888529886914378,True,0.33819692723935046,0.013358778625954344,False,2.2164212185391325,0.08754863813229573,True,5.0,0.7206992220977075,1.25717834963859,0.4
QS,2020-12-23,B,,0.0712,0.1703418485457349,0.012128339616456324,False,2.306504835760279,0.16422314430613189,True,0.8608071166017283,0.06128946670204305,False,0.246237259678108,0.01753209288908129,False,,,,
MRNA,2020-12-01,A,,0.065527831,0.07215456876188799,0.004728132387706875,False,0.6358621372141353,0.041666666666666664,False,1.0432734579309046,0.06836344683808192,True,0.30203933085482004,0.01979198222760773,False,5.0,0.1630443318017909,0.4035015372808775,0.0
BLNK,2020-12-28,B,,0.0921,0.4523219089451545,0.04165884781384873,False,0.6739708051088052,0.06207271115052096,False,0.1013422665362886,0.00933362274799218,False,0.7461802288905348,0.06872319908081825,False,5.0,0.2207635990072498,0.5278912544015927,0.0
CCIV,2021-01-25,B,,0.079680199,0.24847178981785767,0.019798281658573072,False,0.278289317377456,0.02217414818820985,False,0.11100205160234955,0.00884466556108348,False,0.1436259175177656,0.011444141689373149,False,5.0,0.01778003727272672,0.03810780200189382,0.0
AMC,2021-01-27,A,,0.0774623115577889,0.0126937106490976,0.0009832841691248212,False,0.02536248277039917,0.0019646365422397137,False,0.2740871280283013,0.021231422505307854,False,0.08872511154730549,0.0068728522336769515,False,5.0,0.47702164120297547,0.8378764440230535,0.0
BLNK,2020-11-24,C,,0.0419,0.11537068215607697,0.004834031582339625,False,2.1055884848709385,0.08822415751609232,True,3.120027844073192,0.13072916666666676,True,1.0529271374420863,0.044117647058823414,True,5.0,0.4500988435699112,0.8027491069416178,0.0
PLUG,2021-01-15,C,,0.0595,0.4923584635754544,0.029295328582739533,False,0.2815671723234769,0.016753246753246874,False,0.34904431189261104,0.020768136557610357,False,0.5656108597285072,0.03365384615384618,False,5.0,0.5344580121136707,1.080783076465405,0.2
BBBY,2021-01-28,B,,0.124819833,0.7685490401309178,0.09593016284145146,False,2.0355141524604385,0.2540725365792485,True,0.2016788927653668,0.025173525714597994,False,1.5889689867788002,0.19833484357190906,True,5.0,0.08967787097711498,0.30460834176863905,0.0
GME,2021-01-28,A,,0.0645,5.73350884891034,0.36981132075471695,True,0.0,0.0,False,2.2863665329159755,0.1474706413730804,True,0.6859980269542731,0.044246872738550616,False,5.0,0.30479164934775416,0.6611460967587288,0.0
AMC,2021-01-28,A,,0.066,5.716598371022411,0.3772954924874792,True,0.014898244986739714,0.0009832841691248212,False,0.02976722033696536,0.0019646365422397137,False,0.3216882197773917,0.021231422505307854,False,5.0,0.15911506704872144,0.49119625179475446,0.0
INO,2021-02-02,A,,0.058,0.027266282515042935,0.0015814443858724902,False,1.0901162790697672,0.0632267441860465,True,1.3347276880314811,0.07741420590582591,True,1.1782216762524733,0.06833685722264346,True,5.0,0.37786980127408376,0.8870162989244935,0.0
LI,2020-11-24,B,,0.0594,0.04245905885250309,0.0025220680958386835,False,0.4748546214312856,0.028206364513018365,False,0.7637814821179658,0.04536862003780717,False,0.23644686566034878,0.014044943820224719,False,5.0,0.17014133755899016,0.3821568935069558,0.0
BBBY,2021-01-25,A,,0.081253268,2.4409460499719104,0.19833484357190906,True,0.3984049591478602,0.03237170491817014,False,0.23481534312909028,0.01907951400577993,False,0.4067839980103666,0.033052529208447784,False,5.0,0.35309257649742654,1.0537604869312205,0.2
GME,2021-03-10,A,,0.1745687331536388,0.4092779264289381,0.07144712912444791,False,0.3691584662785692,0.06444352579119011,False,0.3923968784634982,0.06850022596681525,False,0.5734212878953251,0.1001014277912149,False,5.0,0.11712775031991726,0.42187514370895535,0.0
SPCE,2021-02-02,A,,0.115154529,0.001482161331513653,0.00017067759003246757,False,0.37004041371817725,0.04261182955268184,False,0.33972505867206615,0.039120879120879144,False,0.5451808786578898,0.06278004730165546,False,5.0,0.03325595838060773,0.0690647474195874,0.0
AMC,2021-06-03,A,,0.1663569202515443,0.43351824888478246,0.0721187607573149,False,0.3011994315135035,0.05010660980810238,False,0.02073467794450599,0.0034493571652556374,False,0.9278482464299058,0.15435397673687506,False,5.0,0.16107050986384372,0.2826830366919356,0.0
BBBY,2021-06-03,B,,0.069435122,0.09715784126526908,0.006746166561510593,False,0.031124559572385746,0.002161137591104872,False,0.14424807297319753,0.010015882545158873,False,0.9906533537466251,0.06878613647710607,False,5.0,0.21145027671160782,0.5437943372283345,0.0
BB,2021-06-03,A,,0.0327,1.9859914941437478,0.06494192185850055,True,0.8053875690797496,0.026336173508907813,False,0.02723155810805969,0.0008904719501335518,False,2.7881840320107236,0.09117361784675067,True,5.0,0.5879255442671776,1.635163672925519,0.2
CCIV,2021-02-19,C,,0.159889094,0.19567565832690026,0.03128640372774164,False,0.2532663987048707,0.04049453502956456,False,0.32261250161505767,0.05158222059630511,False,0.2271629481639435,0.03632087797230189,False,5.0,0.020303655202810824,0.07157549901041498,0.0
SPCE,2021-07-12,B,,0.099195511,0.24414372596854755,0.024217961654894045,False,0.33445349988128453,0.03317628582646246,False,0.549710979465401,0.054528861510380965,False,0.07165116187764232,0.007107473616196449,False,5.0,0.3467874203715298,0.7657979484662538,0.0
CLOV,2021-06-09,A,,0.0503,0.6035217267821652,0.03035714285714291,False,2.7308347092079326,0.137360985873159,True,0.5354035323190304,0.02693079767564723,False,0.5654681603698919,0.02844304846660556,False,5.0,0.4302993714338929,0.7464766313946777,0.0
LCID,2021-11-17,C,,0.0559,0.12095824394094547,0.006761565836298851,False,0.010748500494610572,0.000600841177648731,False,0.6176949549563994,0.034529147982062726,False,0.4838185070743201,0.027045454545454494,False,5.0,0.1901405761603409,0.4020475999991869,0.0
PLTR,2021-01-28,B,,0.0679,0.8715843391938081,0.05918057663125957,False,1.3445525297912182,0.09129511677282372,True,0.5532257672445082,0.03756402959590211,False,2.1881894185655892,0.14857806152060352,True,5.0,0.22532726710882223,0.6202105959534694,0.0
BBBY,2022-03-07,A,,0.075754756,0.026427410075771686,0.002002002002002026,False,0.2936411236282567,0.022244711672024423,False,0.3864355397633464,0.029274330024500604,False,0.0311827351704929,0.0023622404942533082,False,5.0,0.33933483337061887,0.5462012489098063,0.0
SPCE,2021-06-29,B,,0.085551484,0.2905454750301865,0.0248565965583174,False,0.06913101258898462,0.005914260717410315,False,0.39362220060120573,0.03367496339677884,False,0.13651232650491893,0.011678832116788348,False,5.0,0.20317964800397842,0.5110557868565783,0.0
MRNA,2021-08-10,B,,0.048,0.5145039478201171,0.02469618949536562,False,1.1705021346065614,0.05618410246111495,True,0.45495166138597665,0.02183767974652688,False,1.742551824009892,0.08364248755247482,True,5.0,0.6283902475805239,0.9107931341079328,0.0
USWS,2022-03-08,A,,0.0792,0.51294191919192,0.040625000000000064,False,0.8016674683341356,0.06349206349206354,False,0.0,0.0,False,0.530656212474394,0.042027972027972,False,5.0,0.08883050307181035,0.2104377104377106,0.0
WISH,2021-06-09,A,,0.1003,0.22427604711428037,0.02249488752556232,False,0.20192586796572357,0.020253164556962074,False,0.2856015287470918,0.028645833333333308,False,0.08976671426297338,0.00900360144057623,False,5.0,0.11304395380646455,0.3353404825291581,0.0
HUSA,2022-03-08,A,,0.0526,0.8364541037633265,0.04399748585795098,False,3.535657980153947,0.18597560975609762,True,0.39884070302321106,0.020979020979020904,False,0.3255377884264805,0.017123287671232876,False,5.0,0.11944666800080077,0.30018010806483963,0.0
INDO,2022-03-08,A,,0.0977,0.06647272326422118,0.006494385062914409,False,1.5320245737618314,0.14967880085653093,True,1.595922070625743,0.15592158630013508,True,0.2667648039745603,0.02606292134831454,False,4.0,0.1172807915387241,0.4691231661548964,0.0
GME,2022-03-29,A,,0.1022207575637258,0.58049991934827,0.05933914152146189,False,0.6349582043718528,0.06490590867219383,False,0.7307023216525169,0.07469294487289352,False,0.22594194287391117,0.023095956565991258,False,5.0,0.1832278287261259,0.27033502907490164,0.0
EH,2023-01-17,B,,0.108,0.11898580823814406,0.012850467289719558,False,0.3133903133903131,0.03384615384615381,False,0.28605841613971617,0.03089430894308935,False,0.15810168000219874,0.017074981440237464,False,5.0,0.11855358502455074,0.21150592216582134,0.0
COIN,2022-08-04,A,,0.0757,1.2699566845166137,0.09613572101790767,True,0.24105213517668167,0.018247646632874804,False,0.6354525712731643,0.048103759645378545,False,0.03238283942666953,0.0024513809445988835,False,5.0,0.1791577024739552,0.294273083002342,0.0
CEI,2022-03-08,B,,0.0685,2.709908649853577,0.18562874251497005,True,1.78426601784266,0.12222222222222222,True,0.16739725993171733,0.011466712305322637,False,0.18739233407311873,0.012836374884008635,False,5.0,0.25261449989843865,0.5781600057816,0.0
AMC,2022-03-29,A,,0.092465789984472,1.5485742696211153,0.14319014319014317,True,0.7136410641790736,0.06598738476467732,False,0.6179891736441478,0.05714285714285717,False,0.1348480117053938,0.012468827930174564,False,5.0,0.28236418897823906,0.5334392632792219,0.0
BILI,2022-12-05,A,,0.0735,0.4080414618846654,0.029991047448522906,False,0.9583604664020952,0.07043949428055399,False,0.10542992707287087,0.007749099639856008,False,0.4367585919891861,0.03210175651120518,False,5.0,0.10838756886750092,0.34814335150641634,0.0
IMPP,2022-03-08,B,,0.1033,0.6043711941844655,0.06243154435925529,False,1.613423685059697,0.1666666666666667,True,0.7920443544838519,0.0818181818181819,False,0.2811775716701557,0.02904564315352709,False,4.0,0.033510790527489176,0.08682100547406357,0.0
AAL,2023-01-18,B,,0.0338,0.18564962178108776,0.006274957216200766,False,0.22740800392143626,0.0076863905325445445,False,0.6566515150409669,0.022194821208384678,False,0.6459781400997352,0.021834061135371046,False,5.0,0.35552871398345587,0.7659753738917321,0.0
USEG,2022-03-08,C,,0.0476,3.76999254337827,0.17945164506480568,True,2.0588235294117654,0.09800000000000005,True,0.4848093083387217,0.023076923076923155,False,0.05278493306870609,0.00251256281407041,False,4.0,0.11481090396323912,0.39763539485194743,0.0
CVNA,2023-01-31,B,,0.0898,0.10050412870960704,0.009025270758122712,False,0.8668631556486142,0.07784431137724555,False,0.2870963251670379,0.025781250000000006,False,0.5559752623712684,0.049926578560939905,False,5.0,0.12289372741359587,0.14518718984386517,0.0
AVGO,2023-05-30,A,,0.0357382926282769,1.637083297172618,0.05850656193121941,True,0.4602853076649852,0.016449811017827706,False,0.0,0.0,False,0.1178475270145211,0.004211669405963722,False,5.0,0.060289429936031515,0.12324930706015756,0.0
AI,2023-06-16,B,,0.098,0.09696090789135338,0.009502168973352631,False,0.671000107360017,0.06575801052128168,False,0.09153803164325282,0.008970727101038776,False,0.0664328231292517,0.006510416666666667,False,5.0,0.12016967109256962,0.4217643481615649,0.0
PLTR,2023-06-07,A,,0.0508,0.5901823171541369,0.029981261711430156,False,0.05146415521589104,0.0026143790849672646,False,0.711837306845684,0.03616133518776075,False,0.3867136061917161,0.019645051194539177,False,5.0,0.09272990213151713,0.18905199875225698,0.0
SMH,2023-05-30,A,,0.0253706258622852,0.16744788140718198,0.004248257550613916,False,0.2974452201249705,0.00754637139431569,False,0.07144142220576248,0.0018125135938519537,False,0.26026032968585167,0.0066029674512547406,False,5.0,0.22972248119535754,0.41887695120197294,0.0
UAL,2023-01-18,B,,0.0331,0.09103270919031901,0.003013182674199559,False,0.28969912676406195,0.00958904109589045,False,0.7782389789504603,0.025759710203260237,False,1.0068421762458568,0.03332647603373786,True,5.0,0.3832003838609438,0.6684635787234938,0.0
TSLA,2023-06-21,A,,0.0344,0.1965244336926575,0.006760440519027419,False,0.5046911823558207,0.017361376673040232,False,0.2110735470056293,0.007260930016993648,False,0.6389731490843735,0.02198067632850245,False,5.0,0.23604403491428155,0.4247986738901158,0.0
JOBY,2023-06-29,A,,0.0431,1.705066637889169,0.07348837209302318,True,2.9830957905203856,0.12857142857142861,True,0.10858903033615633,0.004680187207488338,False,0.5506769655496471,0.023734177215189788,False,5.0,0.21675876168968627,0.3803582975162619,0.0
RIVN,2023-07-10,B,,0.0535,0.014648580552544145,0.0007836990595611118,False,0.8982414881411691,0.04805591961555255,False,0.7364765655953566,0.039401496259351576,False,0.3114512499802544,0.01666264187394361,False,5.0,0.20066921125708084,0.43359798435531716,0.0
MULN,2023-07-06,B,,0.3384,0.39888396027032225,0.13498233215547703,False,0.12898033307881215,0.04364694471387003,False,0.12256103539562703,0.041474654377880185,False,0.05013086795001689,0.016964285714285713,False,5.0,0.023576432725450423,0.045001260035280995,0.0
MARA,2023-07-14,B,,0.0654,0.5954750292142456,0.03894406691061166,False,0.3335628245566283,0.02181500872600349,False,0.051138862467142186,0.003344481605351099,False,0.29176901376602704,0.019081693500298168,False,5.0,0.2425920999329695,0.5367284528490291,0.0
MSTR,2023-12-29,B,,0.0418,0.1832820273643952,0.007661188743831719,False,1.0710354095049668,0.04476928011730761,True,0.4168479048861816,0.01742424242424239,False,0.10676429528774528,0.0044627475430277525,False,5.0,0.292625682988901,0.6112013360702463,0.0
RIOT,2023-07-14,B,,0.0628,0.2634269088621537,0.01654320987654325,False,0.632665499948315,0.03973139339675418,False,0.21184346180462563,0.013303769401330488,False,0.2676675765847732,0.016809523809523753,False,5.0,0.19671017274557143,0.32687673945121987,0.0
NKLA,2023-07-14,A,,0.0926,0.8489266014111928,0.07861060329067646,False,0.23307487918952055,0.021582733812949603,False,0.22498200143988442,0.020833333333333297,False,0.0734635106742474,0.00680272108843531,False,5.0,0.10043654338180533,0.17559570844088612,0.0
COIN,2023-07-12,B,,0.0562,0.0,0.0,False,0.8533143747217332,0.047956267859361405,False,0.10125338186295486,0.0056904400606980635,False,0.5122915827077683,0.02879078694817658,False,5.0,0.20409610191232427,0.3841009954231813,0.0
BITO,2023-12-29,B,,0.037,0.1805240354858683,0.006679389312977126,False,0.025776849811184027,0.000953743443013809,False,0.15421984038246192,0.00570613409415109,False,0.025863183757924645,0.0009569377990432118,False,5.0,0.07910779005527621,0.15209125475285137,0.0
COIN,2023-12-29,B,,0.0413,0.15486165388602516,0.00639578630549284,False,0.7143336516101596,0.029501979811499594,False,0.7525388573713677,0.03107985480943749,False,0.21608922822901053,0.008924485125858136,False,5.0,0.216142872215691,0.4625002705330114,0.0
AMD,2024-01-18,C,,0.0245,0.5304157764188753,0.012995186522262446,False,0.17774228656435692,0.004354686020826745,False,0.722076540113251,0.01769087523277465,False,0.17094111354350028,0.004188057281815757,False,5.0,0.5171341347644753,0.7518106835794967,0.0
AMD,2024-01-25,C,,0.040278581,0.14348572362212325,0.0057794013412573045,False,0.11654560297710943,0.004694291509707344,False,0.13865893103297275,0.005584984984985006,False,0.046980561179542316,0.0018923103388956508,False,5.0,0.14695412668637273,0.23535064114206794,0.0
MARA,2023-12-29,B,,0.0563,0.4417489577485543,0.02487046632124361,False,0.7566766760388393,0.04260089686098665,False,0.7761011329183614,0.04369449378330375,False,0.29207095286450263,0.0164435946462715,False,5.0,0.3350577064906388,0.6543890810507624,0.0
SMCI,2024-02-06,D,,0.088305931,0.21874514083908478,0.019316493313521504,False,0.42157882647215145,0.03722791076151078,False,0.15977667887875596,0.014109228380476582,False,0.16986401513619784,0.015000000000000043,False,5.0,0.16467579865109305,0.3938040497927106,0.0
NVDA,2024-02-06,B,,0.0308840127229819,0.057662247689176716,0.0017808415912682672,False,0.5078161524437516,0.01568340051300854,False,0.4661464718499423,0.014396473567386742,False,0.03910532868354411,0.0012077294685989652,False,5.0,0.2598910395164008,0.5726700859581266,0.0
NVDA,2024-02-12,C,,0.032463577835076,0.3801675175435687,0.012341597796143263,False,0.059831766991284396,0.0019423532247316922,False,0.3165040018446917,0.010274852298998187,False,0.10415355475449492,0.003381197031572396,False,5.0,0.2714374739883844,0.8517195116331989,0.0
SMCI,2024-02-12,C,,0.082378834,0.18048958172201515,0.014868521291407321,False,0.2733656181319956,0.022519540877403054,False,0.4024871192490513,0.0331564195837558,False,0.08632206558193298,0.00711111111111117,False,5.0,0.12959464810534577,0.24240057325584277,0.0
NVDA,2024-06-06,B,,0.032968938,0.3763083849158223,0.012406487811169882,False,0.06739155448427811,0.002221827981515787,False,0.1066832011234015,0.0035172318434789547,False,0.2036859030651648,0.006715307909629428,False,5.0,0.13727805205099394,0.24041990547292352,0.0
NVAX,2024-06-06,B,,0.138724978,0.036406908631761326,0.0050505475989891,False,0.3137631473568197,0.043526785714285574,False,0.08022823795548575,0.011129660545353526,False,0.624737288959359,0.08666666666666671,False,5.0,0.2898399072145369,1.2445180557917552,0.2
SMCI,2024-02-16,A,,0.083292197,0.3717186443503477,0.030961262553802094,False,0.21597963119424043,0.01798941798941802,False,0.3600421793810463,0.029988704133315447,False,0.4162054539954876,0.03466666666666659,False,5.0,0.20777937683672887,0.42878309134150566,0.0
AVGO,2024-06-20,A,,0.0403511141565749,0.01772669062512644,0.000715291717032763,False,0.16206493392539262,0.006539500649601286,False,0.16328889614601436,0.006588888888888928,False,0.36934370594541005,0.014903430041615673,False,5.0,0.09671996025288446,0.14255083784155445,0.0
MU,2024-06-20,B,,0.034897376,0.07300286510320857,0.002547608432583948,False,0.823367341264102,0.028733359694213687,False,0.13975387576240794,0.004877043549938037,False,0.06466674104290193,0.002256699576868781,False,5.0,0.24506461215300807,0.5636213661623327,0.0
NVDA,2024-03-08,A,,0.036553959,0.21684077933946028,0.007926388957502677,False,0.255186271395751,0.009328068501963153,False,0.22563733836589672,0.008247938015496115,False,0.2653229553870644,0.00969860443297758,False,5.0,0.1563982898450519,0.34040585913503063,0.0
KWEB,2024-09-30,A,,0.017288545,0.09754092324192161,0.0016863406408095076,False,0.5981837464462744,0.010341726618705003,False,0.9625440505555286,0.01664098613251153,False,0.4181332589093317,0.007228915662650631,False,5.0,0.3854713913292903,0.7681200510748819,0.0
NVDA,2024-06-20,A,,0.036764375,0.18678279692499664,0.006866952789699424,False,0.2302293101299828,0.008464236693609987,False,0.15135108770305927,0.0055643281449731605,False,0.0502312923401681,0.0018467220683285677,False,5.0,0.16986425745915015,0.2912084897439033,0.0
VXX,2024-08-05,A,,0.052803602,0.19762228983732458,0.010435168738898732,False,0.18082653385354025,0.009548292324641865,False,0.04517872953068002,0.0023855996530036745,False,0.14496064361729463,0.0076544441312314665,False,5.0,0.10246248707769637,0.16505124392221054,0.0
BEKE,2024-09-30,A,,0.035920365,0.16273007640672107,0.00584532374100731,False,0.0,0.0,False,2.327311640566116,0.0835978835978837,True,0.4155128472199122,0.014925373134328483,False,5.0,0.3143235058877785,0.8491100438561745,0.0
TEM,2024-08-20,A,,0.090717595,1.424656146476819,0.12924137931034474,True,0.5225979499860428,0.04740882917466408,False,0.361162901058324,0.032763829787234106,False,0.43579000127759926,0.03953382084095073,False,3.0,0.2546333768138854,0.5078807253291701,0.0
OKLO,2024-10-23,B,,0.153618289,0.6943183046712466,0.1066599899849776,False,0.010141885375163017,0.0015579790785666657,False,0.24532980620357925,0.03768714506969543,False,1.2179329389194558,0.18709677419354828,True,5.0,0.05338943760850051,0.14646693532695162,0.0
ARM,2024-04-17,B,,0.047936209,0.13894248104370682,0.006660375810289668,False,0.16415258159059556,0.007868852459016341,False,0.04959046888384658,0.0023771790808240663,False,0.21815241581648392,0.010457399798433879,False,5.0,0.9204798698886574,3.080215421868886,0.2
IONQ,2024-10-29,B,,0.097937187,0.17503930496653108,0.017142857142857182,False,0.0,0.0,False,0.40067013900566684,0.03924050632911399,False,0.0467458357497277,0.004578155657292367,False,5.0,0.3357443674527191,0.9069101067718138,0.0
PHUN,2024-10-24,B,,0.163499444,0.04888090016991122,0.00799199999999999,False,0.11711927393595746,0.019148936170212735,False,0.7431546760739194,0.12150537634408591,False,0.08907647103908257,0.014563953488372102,False,5.0,0.0716687932578597,0.1281844348800074,0.0
DJT,2024-10-29,A,,0.11797357,0.08673602180161905,0.01023255813953483,False,0.5668403865126209,0.06687218401707375,False,0.3656141255387625,0.04313280363223598,False,0.03872724596161155,0.004568791462359397,False,5.0,0.09623408630582558,0.27981694262443163,0.0
DJT,2024-10-30,B,OpeningDrive,0.126266008,0.389907503527033,0.04923206395960438,False,0.08103968994992564,0.01023255813953483,False,0.5296135125858555,0.06687218401707375,False,0.34160265550040975,0.04313280363223598,False,5.0,0.26554784244171215,0.5905104999341715,0.0
IONQ,2024-11-12,A,OpeningDrive,0.118370404,1.320969018266056,0.15636363636363643,True,0.03463738284115273,0.0041000410004099165,False,0.8763545305972334,0.10373443983402489,False,1.4345758315965276,0.16981132075471694,True,5.0,0.0675424636880488,0.14482384585641173,0.0
DXYZ,2024-11-11,A,OpeningDrive,0.106561548,0.49598784225078063,0.05285323225942299,False,0.037239079599838625,0.003968253968254024,False,2.6892561350889985,0.28657129672358084,True,0.8142215227799893,0.08676470588235292,False,5.0,0.037363107838827056,0.09681831146580847,0.0
OKLO,2024-10-30,C,OpeningDrive,0.167805905,0.3882551996696138,0.06515151515151525,False,0.06286145417082345,0.010548523206751054,False,0.2355968017605489,0.0395345345345345,False,0.4187065878789944,0.07026143790849669,False,5.0,0.07165091115383855,0.19135257333834105,0.0
MSTR,2024-11-21,A,Upattern,0.097317289,0.1413880133985649,0.013759498161044013,False,0.3654358714459572,0.035563228312473064,False,0.23004829602624977,0.0223876765083441,False,0.22326143629716308,0.02172719771868611,False,5.0,0.2380089800856216,0.4454946616253403,0.0
CRNC,2025-01-06,B,OpeningDrive,0.105033569,1.5583243774411066,0.1636763710223425,True,1.2882593055546874,0.13531047265987034,True,0.33406195402391337,0.03508771929824553,False,0.162549658116515,0.017073170731707388,False,5.0,0.25862871883293337,0.5426343139196745,0.0
BYND,2025-10-22,B,11AMPushFail,0.174910998,0.10192727259178623,0.01782820097244738,False,0.4207458332212681,0.07359307359307356,False,0.056050915498335095,0.00980392156862746,False,0.11379838774147905,0.019904589570653067,False,5.0,0.1797644734821769,0.7419258585810153,0.0
CRCL,2025-06-23,A,11AMPushFail,0.201246729,0.3229886998935731,0.06500041935754423,False,0.029620968945791748,0.005961123110151168,False,0.10961561178022752,0.022059783318104657,False,0.2561418546677093,0.051547710411869875,False,1.0,0.04854148870798508,0.04854148870798508,0.0
CRCL,2025-06-24,A,OpeningDrive,0.208856519,0.27857332279135644,0.05818185448446606,False,0.31122044774453145,0.06500041935754423,False,0.028541714372588813,0.005961123110151168,False,0.105621713048395,0.022059783318104657,False,1.0,0.04677285569081248,0.04677285569081248,0.0
IONQ,2025-01-08,C,OffOpenSelloff,0.133585863,0.048295626186326365,0.0064516129032258064,False,0.28319997648651174,0.03783151326053038,False,0.2867240333111614,0.038302277432712244,False,0.7277226414038,0.09721345707656616,False,5.0,0.2936064033285472,0.7765375579751645,0.0
OPEN,2025-07-21,A,AfternoonSelloff,0.14855827,0.24220204871467413,0.03598111734750771,False,0.34646456519162794,0.051470176421170466,False,0.387479592939852,0.05756329798744863,False,0.5349005457411602,0.07946389969736262,False,5.0,0.17652315145904168,0.48553363774533675,0.0
SNDK,2025-11-13,B,PriorDayLowBreak,0.090051831,0.0,0.0,False,0.36759480075093726,0.03310258487370207,False,0.11007762916456969,0.009912692058408501,False,0.7089934001025895,0.06384615384615377,False,5.0,0.1468032216703912,0.2859245748824705,0.0
GLD,2025-10-17,A,OffOpenSelloff,0.011109289,0.03173205069472383,0.0003525205217303378,False,0.15418609285158746,0.001712897865269119,False,0.10201968411154769,0.0011333661544838914,False,0.4165036161426143,0.004627059041273367,False,5.0,0.09825975586806515,0.14706390995785892,0.0
TSLA,2024-11-12,A,BouncyBall,0.041712231,0.21683704615625646,0.009044756958627432,False,0.30529710000672233,0.012734623159110505,False,0.5161167562554582,0.021528381359898367,False,0.091284440354636,0.003807677662778299,False,5.0,0.2381307767597392,0.4203595856927981,0.0
GLW,2026-02-26,C,,0.0597417993449733,0.05496415449932609,0.0032836574892648506,False,0.44761987649346496,0.026741616844294314,False,0.17869692230108594,0.010675675675675761,False,0.2650392179079679,0.015833919774806474,False,5.0,0.31743295453894615,0.7772813258452894,0.0
GLD,2026-01-29,A,Upattern,0.014847585,0.02511568737239936,0.00037290730309512616,False,0.32324699992289374,0.0047994373073501585,False,0.30412011698900027,0.0045154492872041254,False,0.17891783126343971,0.0026564977076995785,False,5.0,0.060919030509781855,0.13791749544344029,0.0
SLV,2026-01-26,B,UpperTrendBreak AndFail,0.03733172,0.22374060224248804,0.008352621515547935,False,0.056430930853055936,0.002106663709945645,False,0.23694013322250518,0.008845382710225261,False,0.0923145700825735,0.0034462616822430107,False,5.0,0.075896856978963,0.1263717970750354,0.0
EWY,2026-02-26,A,,0.0259426577018749,0.2300648702557823,0.00596849417827202,False,0.14741049680912208,0.003824220060382376,False,0.05903405085298642,0.0015315001740341028,False,0.13980046536009394,0.0036267956193997363,False,5.0,0.09546923475859719,0.24774193724221563,0.0
SOXL,2026-04-27,B,,0.0722802496012807,0.13638280204203626,0.009857782972920436,False,0.3823115684497315,0.027633575593003706,False,0.5706220792417512,0.041244706315595556,False,0.0927353431233236,0.006702933747814239,False,5.0,0.18942767236263783,0.5637489412160227,0.0
CAR,2026-04-22,B,,0.1861592538766899,0.5039794393185166,0.09382043639272758,False,0.3798959889095755,0.07072115384615384,False,0.32180606773230014,0.059907177462036526,False,0.08290220929426523,0.015433013426949601,False,5.0,0.04501801218773865,0.12689517742408896,0.0
