ticker,date,cap,node,px,short_pnl_pct,below_hod_pct,vs_vwap_pct,made_new_hod,mae_pct,fwd_to_low_pct,fwd_30min_pct
MRNA,2020-02-27,Medium,09:30,34.67,3.37,-3.69,-1.23,False,0.33,33.52,6.69
MRNA,2020-02-27,Medium,09:45,34.72,3.23,-3.56,1.14,False,0.33,33.61,2.72
MRNA,2020-02-27,Medium,10:00,32.35,9.84,-10.14,-5.56,False,0.33,28.75,-0.87
MRNA,2020-02-27,Medium,10:30,32.63,9.06,-9.36,-3.89,False,0.33,29.36,7.88
MRNA,2020-02-27,Medium,11:00,30.06,16.22,-16.5,-10.48,False,0.33,23.32,15.83
MRNA,2020-02-27,Medium,11:30,25.3,29.49,-29.72,-21.31,False,0.33,1.19,-1.3
MRNA,2020-02-27,Medium,12:00,25.63,28.57,-28.81,-18.45,False,0.33,2.46,-5.77
MRNA,2020-02-27,Medium,13:00,25.57,28.73,-28.97,-16.96,False,0.33,2.23,0.85
MRNA,2020-02-27,Medium,14:00,25.38,29.27,-29.5,-16.33,False,0.33,0.2,-3.04
MRNA,2020-02-27,Medium,15:00,26.22,26.94,-27.18,-12.88,False,0.33,0.4,-2.35
MRNA,2020-02-27,Medium,15:45,27.22,24.15,-24.4,-8.91,False,0.33,4.06,3.93
CODX,2020-02-28,Micro,09:30,578.13,11.07,-11.4,-3.49,False,0.37,42.92,7.06
CODX,2020-02-28,Micro,09:45,583.8,10.2,-10.53,1.73,False,0.37,43.47,5.65
CODX,2020-02-28,Micro,10:00,537.3,17.35,-17.66,-4.5,False,0.37,38.58,-4.97
CODX,2020-02-28,Micro,10:30,564.0,13.24,-13.56,1.23,False,0.37,41.49,2.18
CODX,2020-02-28,Micro,11:00,551.7,15.14,-15.45,-0.87,False,0.37,40.18,10.7
CODX,2020-02-28,Micro,11:30,492.68,24.22,-24.49,-10.73,False,0.37,33.02,29.43
CODX,2020-02-28,Micro,12:00,347.7,46.52,-46.71,-33.92,False,0.37,5.09,-14.41
CODX,2020-02-28,Micro,13:00,372.75,42.66,-42.87,-25.47,False,0.37,9.86,-2.78
CODX,2020-02-28,Micro,14:00,393.9,39.41,-39.63,-19.29,False,0.37,6.7,-8.23
CODX,2020-02-28,Micro,15:00,404.1,37.84,-38.07,-16.05,False,0.37,9.06,7.38
CODX,2020-02-28,Micro,15:45,384.6,40.84,-41.06,-19.39,False,0.37,0.16,-2.96
PLTR,2020-11-27,Medium,09:30,31.84,-2.07,-0.26,0.63,False,2.34,17.96,1.72
PLTR,2020-11-27,Medium,09:45,32.19,-3.19,-3.92,-0.85,True,7.41,18.85,6.32
PLTR,2020-11-27,Medium,10:00,31.29,-0.32,-6.6,-2.94,True,7.41,16.52,1.34
PLTR,2020-11-27,Medium,10:30,30.87,1.03,-7.85,-2.01,True,7.41,15.39,1.23
PLTR,2020-11-27,Medium,11:00,30.49,2.24,-8.99,-2.58,True,7.41,14.33,6.27
PLTR,2020-11-27,Medium,11:30,28.58,8.37,-14.69,-7.89,True,7.41,8.6,-0.99
PLTR,2020-11-27,Medium,12:00,28.86,7.46,-13.85,-4.52,True,7.41,5.27,1.76
PLTR,2020-11-27,Medium,13:00,27.66,11.32,-17.43,-7.45,True,7.41,-0.0,-0.0
PLTR,2020-11-27,Medium,14:00,27.66,11.32,-17.43,-7.45,True,7.41,-0.0,-0.0
PLTR,2020-11-27,Medium,15:00,27.66,11.32,-17.43,-7.45,True,7.41,-0.0,-0.0
PLTR,2020-11-27,Medium,15:45,27.66,11.32,-17.43,-7.45,True,7.41,-0.0,-0.0
MRNA,2020-12-01,Medium,09:30,174.2,1.95,-2.14,-0.24,False,0.19,25.18,2.61
MRNA,2020-12-01,Medium,09:45,169.1,4.82,-5.27,-2.07,True,0.47,22.93,-0.72
MRNA,2020-12-01,Medium,10:00,169.65,4.51,-4.96,-1.36,True,0.47,23.18,2.19
MRNA,2020-12-01,Medium,10:30,165.94,6.6,-7.04,-2.89,True,0.47,21.46,4.31
MRNA,2020-12-01,Medium,11:00,158.79,10.62,-11.04,-5.34,True,0.47,17.92,-2.28
MRNA,2020-12-01,Medium,11:30,162.41,8.58,-9.01,-2.73,True,0.47,19.75,3.23
MRNA,2020-12-01,Medium,12:00,157.16,11.54,-11.95,-5.48,True,0.47,17.07,0.81
MRNA,2020-12-01,Medium,13:00,140.08,21.15,-21.52,-13.55,True,0.47,6.96,-2.76
MRNA,2020-12-01,Medium,14:00,142.24,19.94,-20.31,-9.67,True,0.47,8.37,4.44
MRNA,2020-12-01,Medium,15:00,132.71,25.3,-25.65,-14.06,True,0.47,1.79,-4.4
MRNA,2020-12-01,Medium,15:45,141.51,20.35,-20.72,-7.31,True,0.47,1.97,0.32
BBBY,2021-01-25,Medium,09:30,32.86,-3.75,-0.26,1.42,False,4.02,16.14,-8.23
BBBY,2021-01-25,Medium,09:45,35.34,-11.57,-6.9,-0.26,True,19.83,22.02,-13.27
BBBY,2021-01-25,Medium,10:00,35.56,-12.28,-6.3,0.09,True,19.83,22.52,-10.76
BBBY,2021-01-25,Medium,10:30,39.39,-24.36,-2.5,7.13,True,27.55,30.05,5.14
BBBY,2021-01-25,Medium,11:00,37.36,-17.97,-13.89,-1.46,True,37.0,26.25,15.62
BBBY,2021-01-25,Medium,11:30,31.53,0.46,-27.34,-15.1,True,37.0,12.6,0.55
BBBY,2021-01-25,Medium,12:00,31.35,1.0,-27.74,-14.47,True,37.0,12.12,7.57
BBBY,2021-01-25,Medium,13:00,29.38,7.24,-32.29,-17.12,True,37.0,5.44,3.74
BBBY,2021-01-25,Medium,14:00,30.07,5.07,-30.71,-13.83,True,37.0,7.6,1.67
BBBY,2021-01-25,Medium,15:00,29.21,7.78,-32.68,-15.63,True,37.0,4.89,1.37
BBBY,2021-01-25,Medium,15:45,28.67,9.49,-33.93,-16.52,True,37.0,3.09,2.71
GME,2021-03-10,Medium,09:30,66.05,1.94,-1.94,-0.61,False,0.0,34.9,-7.82
GME,2021-03-10,Medium,09:45,71.48,-6.12,-1.4,3.3,True,7.63,39.85,-1.15
GME,2021-03-10,Medium,10:00,71.22,-5.73,-3.26,1.35,True,9.29,39.62,-1.09
GME,2021-03-10,Medium,10:30,71.99,-6.88,-5.28,0.61,True,12.83,40.27,-1.63
GME,2021-03-10,Medium,11:00,73.16,-8.61,-3.74,1.86,True,12.83,41.22,-4.91
GME,2021-03-10,Medium,11:30,76.75,-13.94,-0.97,5.87,True,15.06,43.97,-7.95
GME,2021-03-10,Medium,12:00,82.85,-23.0,-1.37,10.56,True,24.71,48.1,24.96
GME,2021-03-10,Medium,13:00,65.99,2.03,-24.26,-8.97,True,29.35,16.48,-5.46
GME,2021-03-10,Medium,14:00,67.75,-0.58,-22.24,-4.35,True,29.35,16.61,11.03
GME,2021-03-10,Medium,15:00,65.05,3.42,-25.33,-6.94,True,29.35,5.45,1.33
GME,2021-03-10,Medium,15:45,67.2,0.23,-22.87,-3.54,True,29.35,3.09,2.14
CLOV,2021-06-09,Medium,09:30,26.87,4.04,-6.86,-2.21,False,3.04,37.48,14.51
CLOV,2021-06-09,Medium,09:45,24.75,11.59,-14.2,-4.01,False,3.04,32.13,16.34
CLOV,2021-06-09,Medium,10:00,22.97,17.96,-20.38,-9.12,False,3.04,26.86,7.84
CLOV,2021-06-09,Medium,10:30,21.17,24.39,-26.62,-10.3,False,3.04,20.64,-0.57
CLOV,2021-06-09,Medium,11:00,21.29,23.96,-26.2,-8.31,False,3.04,21.09,11.08
CLOV,2021-06-09,Medium,11:30,18.93,32.39,-34.38,-17.17,False,3.04,11.26,3.87
CLOV,2021-06-09,Medium,12:00,18.2,35.0,-36.92,-18.42,False,3.04,7.69,-5.16
CLOV,2021-06-09,Medium,13:00,20.47,26.89,-29.04,-6.12,False,3.04,17.93,6.04
CLOV,2021-06-09,Medium,14:00,19.18,31.5,-33.51,-11.25,False,3.04,12.41,1.0
CLOV,2021-06-09,Medium,15:00,18.89,32.54,-34.52,-12.0,False,3.04,11.06,8.21
CLOV,2021-06-09,Medium,15:45,16.96,39.43,-41.21,-19.89,False,3.04,0.94,-0.06
USWS,2022-03-08,Micro,09:30,19.2,-0.0,-3.9,-0.83,False,4.06,55.0,9.06
USWS,2022-03-08,Micro,09:45,16.91,11.92,-15.36,-7.71,False,4.06,48.91,16.62
USWS,2022-03-08,Micro,10:00,17.46,9.06,-12.61,-2.58,False,4.06,50.52,9.33
USWS,2022-03-08,Micro,10:30,15.83,17.54,-20.76,-7.9,False,4.06,45.43,1.88
USWS,2022-03-08,Micro,11:00,15.53,19.09,-22.25,-8.83,False,4.06,44.38,0.53
USWS,2022-03-08,Micro,11:30,15.45,19.52,-22.67,-8.4,False,4.06,44.08,16.04
USWS,2022-03-08,Micro,12:00,12.97,32.43,-35.07,-21.38,False,4.06,33.4,24.17
USWS,2022-03-08,Micro,13:00,11.28,41.25,-43.55,-25.75,False,4.06,11.7,1.86
USWS,2022-03-08,Micro,14:00,10.98,42.81,-45.05,-26.38,False,4.06,4.37,-0.55
USWS,2022-03-08,Micro,15:00,12.09,37.03,-39.49,-17.8,False,4.06,13.15,8.44
USWS,2022-03-08,Micro,15:45,10.91,43.19,-45.41,-25.05,False,4.06,3.73,2.63
GME,2022-03-29,Medium,09:30,45.88,2.51,-3.1,-0.91,False,0.61,11.18,5.91
GME,2022-03-29,Medium,09:45,45.52,3.27,-8.69,-3.2,True,5.93,10.48,5.26
GME,2022-03-29,Medium,10:00,43.17,8.27,-13.41,-6.52,True,5.93,5.6,-1.5
GME,2022-03-29,Medium,10:30,43.82,6.89,-12.11,-1.77,True,5.93,2.86,-3.11
GME,2022-03-29,Medium,11:00,45.18,3.99,-9.37,1.57,True,5.93,3.17,0.54
GME,2022-03-29,Medium,11:30,44.93,4.52,-9.87,0.83,True,5.93,2.63,-0.58
GME,2022-03-29,Medium,12:00,45.2,3.96,-9.34,1.39,True,5.93,3.2,1.22
GME,2022-03-29,Medium,13:00,44.62,5.19,-10.5,0.06,True,5.93,1.94,-0.59
GME,2022-03-29,Medium,14:00,46.5,1.19,-6.72,4.06,True,5.93,5.91,-2.08
GME,2022-03-29,Medium,15:00,47.66,-1.28,-4.4,5.61,True,5.93,8.21,2.52
GME,2022-03-29,Medium,15:45,46.26,1.7,-7.2,2.19,True,5.93,5.43,2.79
COIN,2022-08-04,Medium,09:30,109.25,-2.97,-0.01,1.55,False,2.98,20.56,10.88
COIN,2022-08-04,Medium,09:45,100.98,4.83,-13.17,-6.29,True,9.61,14.06,1.34
COIN,2022-08-04,Medium,10:00,97.36,8.24,-16.29,-7.28,True,9.61,10.86,4.66
COIN,2022-08-04,Medium,10:30,92.82,12.51,-20.18,-9.85,True,9.61,6.51,-3.28
COIN,2022-08-04,Medium,11:00,95.87,9.65,-17.57,-5.33,True,9.61,9.47,1.3
COIN,2022-08-04,Medium,11:30,94.62,10.82,-18.64,-5.95,True,9.61,8.28,-1.73
COIN,2022-08-04,Medium,12:00,96.26,9.28,-17.24,-3.93,True,9.61,9.84,1.04
COIN,2022-08-04,Medium,13:00,93.71,11.68,-19.42,-5.95,True,9.61,7.39,0.96
COIN,2022-08-04,Medium,14:00,90.62,14.59,-22.08,-8.51,True,9.61,4.23,1.51
COIN,2022-08-04,Medium,15:00,88.85,16.26,-23.6,-9.59,True,9.61,2.32,0.81
COIN,2022-08-04,Medium,15:45,88.04,17.02,-24.29,-9.9,True,9.61,1.43,-1.02
SMH,2023-05-30,ETF,09:30,151.18,-0.35,-0.07,0.09,False,0.42,2.43,1.26
SMH,2023-05-30,ETF,09:45,151.28,-0.42,-0.03,0.37,True,0.44,2.5,1.53
SMH,2023-05-30,ETF,10:00,149.28,0.91,-1.6,-0.95,True,0.7,1.19,0.51
SMH,2023-05-30,ETF,10:30,148.52,1.41,-2.1,-1.14,True,0.7,0.69,-0.85
SMH,2023-05-30,ETF,11:00,149.78,0.58,-1.27,-0.19,True,0.7,1.52,-0.05
SMH,2023-05-30,ETF,11:30,149.85,0.53,-1.23,-0.11,True,0.7,1.57,-0.01
SMH,2023-05-30,ETF,12:00,149.86,0.52,-1.22,-0.1,True,0.7,1.57,0.81
SMH,2023-05-30,ETF,13:00,148.96,1.12,-1.81,-0.56,True,0.7,0.98,0.54
SMH,2023-05-30,ETF,14:00,147.77,1.91,-2.6,-1.21,True,0.7,0.18,-0.36
SMH,2023-05-30,ETF,15:00,148.68,1.3,-1.99,-0.48,True,0.7,0.53,0.03
SMH,2023-05-30,ETF,15:45,148.41,1.49,-2.18,-0.61,True,0.7,0.34,0.19
AVGO,2023-05-30,Large,09:30,84.3,-0.94,-0.13,0.87,False,1.06,5.24,-3.74
AVGO,2023-05-30,Large,09:45,89.48,-7.14,-0.03,4.36,True,7.17,10.72,2.88
AVGO,2023-05-30,Large,10:00,87.45,-4.72,-5.13,-0.22,True,10.38,8.66,1.09
AVGO,2023-05-30,Large,10:30,86.5,-3.58,-6.16,-1.17,True,10.38,7.65,0.35
AVGO,2023-05-30,Large,11:00,86.19,-3.21,-6.49,-1.28,True,10.38,7.32,-0.21
AVGO,2023-05-30,Large,11:30,86.38,-3.43,-6.29,-0.96,True,10.38,7.52,1.41
AVGO,2023-05-30,Large,12:00,85.15,-1.97,-7.62,-2.21,True,10.38,6.19,2.11
AVGO,2023-05-30,Large,13:00,83.33,0.22,-9.6,-3.82,True,10.38,4.14,0.97
AVGO,2023-05-30,Large,14:00,81.84,2.0,-11.22,-5.03,True,10.38,2.39,0.09
AVGO,2023-05-30,Large,15:00,80.67,3.4,-12.48,-5.86,True,10.38,0.98,-0.54
AVGO,2023-05-30,Large,15:45,80.71,3.35,-12.44,-5.4,True,10.38,1.03,0.63
SMCI,2024-02-16,Large,09:30,104.11,0.42,-0.42,0.25,False,0.0,23.05,12.01
SMCI,2024-02-16,Large,09:45,105.52,-0.93,-2.1,-0.03,True,3.1,24.08,14.88
SMCI,2024-02-16,Large,10:00,91.61,12.38,-15.01,-8.48,True,3.1,12.55,3.62
SMCI,2024-02-16,Large,10:30,88.29,15.55,-18.09,-7.39,True,3.1,9.26,-0.8
SMCI,2024-02-16,Large,11:00,89.0,14.87,-17.43,-5.61,True,3.1,9.98,-0.79
SMCI,2024-02-16,Large,11:30,89.7,14.2,-16.78,-4.45,True,3.1,10.69,1.34
SMCI,2024-02-16,Large,12:00,88.5,15.35,-17.89,-5.41,True,3.1,9.48,-0.96
SMCI,2024-02-16,Large,13:00,88.3,15.54,-18.08,-5.25,True,3.1,9.27,7.02
SMCI,2024-02-16,Large,14:00,83.26,20.36,-22.75,-8.66,True,3.1,3.78,0.36
SMCI,2024-02-16,Large,15:00,81.75,21.8,-24.15,-9.3,True,3.1,2.0,-0.65
SMCI,2024-02-16,Large,15:45,81.28,22.26,-24.6,-9.08,True,3.1,1.43,1.19
NVDA,2024-03-08,Large,09:30,94.84,0.32,-0.56,-0.13,False,0.25,8.78,-0.74
NVDA,2024-03-08,Large,09:45,95.36,-0.23,-0.56,-0.0,True,0.79,9.28,-1.36
NVDA,2024-03-08,Large,10:00,95.54,-0.43,-0.36,0.12,True,0.79,9.46,-1.9
NVDA,2024-03-08,Large,10:30,97.36,-2.33,-0.05,1.55,True,2.38,11.14,2.42
NVDA,2024-03-08,Large,11:00,95.0,0.14,-2.46,-0.95,True,2.38,8.94,5.4
NVDA,2024-03-08,Large,11:30,89.87,5.53,-7.73,-4.95,True,2.38,3.75,0.68
NVDA,2024-03-08,Large,12:00,89.26,6.18,-8.36,-4.51,True,2.38,3.08,-0.45
NVDA,2024-03-08,Large,13:00,87.53,7.99,-10.13,-5.46,True,2.38,1.17,-0.38
NVDA,2024-03-08,Large,14:00,87.62,7.9,-10.04,-4.62,True,2.38,0.24,-0.66
NVDA,2024-03-08,Large,15:00,88.83,6.63,-8.8,-2.89,True,2.38,1.59,0.69
NVDA,2024-03-08,Large,15:45,88.38,7.1,-9.26,-3.15,True,2.38,1.09,0.99
KWEB,2024-09-30,ETF,09:30,35.44,0.41,-0.58,-0.18,False,0.17,4.3,-1.16
KWEB,2024-09-30,ETF,09:45,35.48,0.27,-0.43,0.5,False,0.17,4.44,-0.35
KWEB,2024-09-30,ETF,10:00,35.84,-0.74,-0.38,1.0,True,1.12,5.4,1.07
KWEB,2024-09-30,ETF,10:30,35.46,0.34,-1.45,-0.23,True,1.12,4.37,1.34
KWEB,2024-09-30,ETF,11:00,34.98,1.67,-2.77,-1.5,True,1.12,3.07,0.64
KWEB,2024-09-30,ETF,11:30,34.76,2.3,-3.39,-1.94,True,1.12,2.45,1.93
KWEB,2024-09-30,ETF,12:00,34.09,4.19,-5.25,-3.17,True,1.12,0.53,-0.25
KWEB,2024-09-30,ETF,13:00,34.41,3.29,-4.36,-1.89,True,1.12,1.45,0.93
KWEB,2024-09-30,ETF,14:00,34.27,3.68,-4.75,-2.03,True,1.12,1.05,0.31
KWEB,2024-09-30,ETF,15:00,34.04,4.31,-5.38,-2.5,True,1.12,0.4,0.04
KWEB,2024-09-30,ETF,15:45,33.96,4.57,-5.63,-2.63,True,1.12,0.06,-0.04
VXX,2024-08-05,ETF,09:30,90.13,-0.06,-0.98,0.02,False,1.04,19.7,14.5
VXX,2024-08-05,ETF,09:45,84.05,6.69,-7.66,-2.57,False,1.04,13.9,6.66
VXX,2024-08-05,ETF,10:00,77.06,14.45,-15.34,-9.18,False,1.04,6.09,-9.78
VXX,2024-08-05,ETF,10:30,84.6,6.08,-7.05,2.0,False,1.04,14.46,1.15
VXX,2024-08-05,ETF,11:00,83.63,7.16,-8.12,0.58,False,1.04,13.46,3.43
VXX,2024-08-05,ETF,11:30,80.76,10.35,-11.27,-2.62,False,1.04,10.39,7.32
VXX,2024-08-05,ETF,12:00,74.85,16.91,-17.77,-9.01,False,1.04,3.31,1.98
VXX,2024-08-05,ETF,13:00,77.3,14.19,-15.07,-4.76,False,1.04,1.05,-2.47
VXX,2024-08-05,ETF,14:00,80.19,10.98,-11.9,-0.89,False,1.04,2.87,2.24
VXX,2024-08-05,ETF,15:00,81.72,9.28,-10.22,1.06,False,1.04,1.65,-2.17
VXX,2024-08-05,ETF,15:45,86.48,4.0,-4.99,6.44,False,1.04,0.06,-2.47
TEM,2024-08-20,Medium,09:30,56.94,1.83,-1.83,-0.62,False,0.0,-0.1,-23.48
TEM,2024-08-20,Medium,09:45,65.11,-12.26,-0.87,5.44,True,13.24,11.07,-11.0
TEM,2024-08-20,Medium,10:00,70.31,-21.22,-4.99,5.72,True,27.59,17.65,8.22
TEM,2024-08-20,Medium,10:30,64.53,-11.26,-13.76,-5.67,True,29.02,10.27,6.73
TEM,2024-08-20,Medium,11:00,60.19,-3.77,-19.57,-10.56,True,29.02,3.8,0.06
TEM,2024-08-20,Medium,11:30,60.16,-3.72,-19.61,-9.87,True,29.02,3.75,-0.95
TEM,2024-08-20,Medium,12:00,60.73,-4.71,-18.84,-8.69,True,29.02,4.66,3.23
TEM,2024-08-20,Medium,13:00,60.0,-3.45,-19.82,-9.1,True,29.02,2.85,-1.8
TEM,2024-08-20,Medium,14:00,61.02,-5.21,-18.46,-7.2,True,29.02,4.47,0.69
TEM,2024-08-20,Medium,15:00,58.99,-1.71,-21.17,-10.06,True,29.02,0.95,-1.4
TEM,2024-08-20,Medium,15:45,60.08,-3.59,-19.71,-8.22,True,29.02,2.75,2.28
DJT,2024-10-29,Medium,09:30,52.92,1.55,-1.62,0.24,False,0.07,17.76,6.21
DJT,2024-10-29,Medium,09:45,51.5,4.19,-5.16,-0.94,True,1.02,15.5,4.02
DJT,2024-10-29,Medium,10:00,49.63,7.67,-8.6,-3.13,True,1.02,12.31,4.74
DJT,2024-10-29,Medium,10:30,47.28,12.04,-12.93,-4.85,True,1.02,2.05,-6.22
DJT,2024-10-29,Medium,11:00,50.22,6.57,-7.51,1.53,True,1.02,0.44,-2.97
DJT,2024-10-29,Medium,11:30,51.71,3.8,-4.77,3.78,True,1.02,1.9,-2.78
DJT,2024-10-29,Medium,12:00,53.15,1.12,-2.12,6.17,True,1.02,4.55,-0.51
DJT,2024-10-29,Medium,13:00,52.86,1.66,-3.33,4.45,True,1.73,3.87,-0.33
DJT,2024-10-29,Medium,14:00,53.26,0.91,-2.6,4.95,True,1.73,4.6,-1.14
DJT,2024-10-29,Medium,15:00,54.0,-0.46,-1.25,5.94,True,1.73,5.9,3.43
DJT,2024-10-29,Medium,15:45,52.35,2.61,-4.27,2.47,True,1.73,2.93,1.48
DXYZ,2024-11-11,Small,09:30,47.55,-0.13,-0.63,1.03,False,0.76,22.44,13.35
DXYZ,2024-11-11,Small,09:45,43.1,9.24,-13.8,-8.34,True,5.29,14.43,1.47
DXYZ,2024-11-11,Small,10:00,41.2,13.24,-17.6,-9.03,True,5.29,10.49,-9.99
DXYZ,2024-11-11,Small,10:30,45.32,4.58,-9.37,3.53,True,5.29,18.62,-0.12
DXYZ,2024-11-11,Small,11:00,45.37,4.46,-9.26,2.57,True,5.29,18.71,9.36
DXYZ,2024-11-11,Small,11:30,41.12,13.4,-17.75,-6.22,True,5.29,10.32,5.25
DXYZ,2024-11-11,Small,12:00,38.97,17.95,-22.07,-9.99,True,5.29,5.35,-0.63
DXYZ,2024-11-11,Small,13:00,38.7,18.51,-22.6,-9.78,True,5.29,4.7,-7.49
DXYZ,2024-11-11,Small,14:00,42.1,11.36,-15.81,-1.17,True,5.29,4.31,2.2
DXYZ,2024-11-11,Small,15:00,41.62,12.36,-16.76,-2.2,True,5.29,3.22,2.09
DXYZ,2024-11-11,Small,15:45,42.52,10.47,-14.97,-0.01,True,5.29,2.98,0.04
MSTR,2024-11-21,Medium,09:30,534.01,0.3,-0.73,-0.01,False,0.43,30.37,9.78
MSTR,2024-11-21,Medium,09:45,526.18,1.76,-3.1,-0.52,True,1.38,29.33,7.16
MSTR,2024-11-21,Medium,10:00,481.77,10.06,-11.28,-6.93,True,1.38,22.82,5.74
MSTR,2024-11-21,Medium,10:30,454.12,15.22,-16.37,-8.98,True,1.38,18.12,-4.32
MSTR,2024-11-21,Medium,11:00,473.73,11.56,-12.76,-1.76,True,1.38,21.51,0.36
MSTR,2024-11-21,Medium,11:30,472.03,11.87,-13.07,-1.77,True,1.38,21.23,1.07
MSTR,2024-11-21,Medium,12:00,467.0,12.81,-14.0,-2.76,True,1.38,20.38,-1.17
MSTR,2024-11-21,Medium,13:00,457.01,14.68,-15.84,-4.62,True,1.38,18.64,-2.22
MSTR,2024-11-21,Medium,14:00,449.5,16.08,-17.22,-5.8,True,1.38,17.28,1.45
MSTR,2024-11-21,Medium,15:00,414.72,22.57,-23.62,-11.92,True,1.38,10.34,4.85
MSTR,2024-11-21,Medium,15:45,390.42,27.11,-28.1,-15.01,True,1.38,4.76,-1.7
CRCL,2025-06-23,Medium,09:30,239.0,-0.23,-1.16,0.15,False,1.4,2.73,-8.8
CRCL,2025-06-23,Medium,09:45,251.24,-5.36,-1.07,2.89,True,6.5,3.23,-9.68
CRCL,2025-06-23,Medium,10:00,260.02,-9.04,-1.44,4.0,True,10.64,6.51,-6.93
CRCL,2025-06-23,Medium,10:30,278.05,-16.6,-1.79,7.18,True,18.72,12.57,0.56
CRCL,2025-06-23,Medium,11:00,276.49,-15.95,-2.34,5.26,True,18.72,12.07,-5.84
CRCL,2025-06-23,Medium,11:30,292.65,-22.72,-2.12,9.13,True,25.38,16.93,2.28
CRCL,2025-06-23,Medium,12:00,285.99,-19.93,-4.35,5.35,True,25.38,14.99,10.67
CRCL,2025-06-23,Medium,13:00,259.79,-8.94,-13.11,-3.39,True,25.38,4.54,-3.58
CRCL,2025-06-23,Medium,14:00,262.57,-10.11,-12.18,-2.26,True,25.38,5.55,2.79
CRCL,2025-06-23,Medium,15:00,264.14,-10.77,-11.65,-1.28,True,25.38,1.91,-0.05
CRCL,2025-06-23,Medium,15:45,262.72,-10.17,-12.13,-1.75,True,25.38,1.37,-0.25
OPEN,2025-07-21,Small,09:30,2.65,1.53,-3.61,-0.42,False,2.16,4.48,-16.0
OPEN,2025-07-21,Small,09:45,2.66,1.26,-4.69,0.08,True,3.6,0.55,-17.49
OPEN,2025-07-21,Small,10:00,3.07,-14.23,-0.14,10.96,True,14.39,12.14,1.53
OPEN,2025-07-21,Small,10:30,3.03,-12.49,-7.48,3.47,True,21.58,10.78,-16.56
OPEN,2025-07-21,Small,11:00,3.53,-31.12,-2.8,16.42,True,34.89,23.46,-11.57
OPEN,2025-07-21,Small,11:30,3.94,-46.28,-0.33,23.01,True,46.76,31.39,3.73
OPEN,2025-07-21,Small,12:00,3.79,-40.83,-11.02,12.39,True,58.28,28.74,0.77
OPEN,2025-07-21,Small,13:00,4.2,-56.12,-1.36,21.09,True,58.28,35.71,1.73
OPEN,2025-07-21,Small,14:00,4.58,-70.32,-1.15,27.25,True,72.3,41.08,-0.54
OPEN,2025-07-21,Small,15:00,4.2,-56.29,-12.58,12.15,True,78.78,35.79,27.3
OPEN,2025-07-21,Small,15:45,3.0,-11.51,-37.63,-17.7,True,78.78,0.65,-3.71
GLD,2025-10-17,ETF,09:30,396.9,0.06,-0.1,-0.01,False,0.04,2.94,1.03
GLD,2025-10-17,ETF,09:45,394.78,0.59,-0.63,0.16,False,0.04,2.42,1.53
GLD,2025-10-17,ETF,10:00,392.81,1.09,-1.13,-0.33,False,0.04,1.93,0.61
GLD,2025-10-17,ETF,10:30,390.4,1.7,-1.73,-0.39,False,0.04,1.33,-0.19
GLD,2025-10-17,ETF,11:00,391.16,1.51,-1.54,-0.16,False,0.04,1.52,0.1
GLD,2025-10-17,ETF,11:30,390.78,1.6,-1.64,-0.23,False,0.04,1.42,0.15
GLD,2025-10-17,ETF,12:00,390.21,1.74,-1.78,-0.36,False,0.04,1.28,0.54
GLD,2025-10-17,ETF,13:00,386.63,2.65,-2.68,-1.11,False,0.04,0.36,0.05
GLD,2025-10-17,ETF,14:00,388.15,2.26,-2.3,-0.57,False,0.04,0.15,-0.54
GLD,2025-10-17,ETF,15:00,389.54,1.91,-1.95,-0.2,False,0.04,0.51,0.26
GLD,2025-10-17,ETF,15:45,388.29,2.23,-2.26,-0.49,False,0.04,0.07,-0.14
GLD,2026-01-29,ETF,09:30,508.67,0.16,-0.2,-0.04,False,0.04,7.9,0.89
GLD,2026-01-29,ETF,09:45,506.53,0.58,-0.62,-0.25,False,0.04,7.51,2.85
GLD,2026-01-29,ETF,10:00,504.14,1.05,-1.09,-0.53,False,0.04,7.07,4.71
GLD,2026-01-29,ETF,10:30,480.38,5.72,-5.75,-2.98,False,0.04,2.47,0.7
GLD,2026-01-29,ETF,11:00,477.01,6.38,-6.41,-2.56,False,0.04,0.16,-2.17
GLD,2026-01-29,ETF,11:30,487.37,4.35,-4.38,-0.28,False,0.04,1.45,0.43
GLD,2026-01-29,ETF,12:00,485.28,4.76,-4.79,-0.63,False,0.04,0.14,-1.38
GLD,2026-01-29,ETF,13:00,491.13,3.61,-3.64,0.52,False,0.04,1.17,0.21
GLD,2026-01-29,ETF,14:00,489.57,3.91,-3.95,0.16,False,0.04,0.86,0.59
GLD,2026-01-29,ETF,15:00,487.13,4.39,-4.43,-0.33,False,0.04,0.36,-0.32
GLD,2026-01-29,ETF,15:45,492.67,3.31,-3.34,0.8,False,0.04,0.02,-0.62
EWY,2026-02-26,ETF,09:30,153.04,0.17,-0.41,-0.11,False,0.24,4.22,2.0
EWY,2026-02-26,ETF,09:45,152.0,0.85,-1.44,-0.73,True,0.6,3.57,2.28
EWY,2026-02-26,ETF,10:00,149.98,2.17,-2.75,-1.2,True,0.6,2.27,1.88
EWY,2026-02-26,ETF,10:30,147.16,4.01,-4.58,-2.03,True,0.6,0.13,-1.52
EWY,2026-02-26,ETF,11:00,149.39,2.55,-3.13,-0.35,True,0.6,0.64,-0.81
EWY,2026-02-26,ETF,11:30,150.6,1.76,-2.35,0.46,True,0.6,1.43,1.05
EWY,2026-02-26,ETF,12:00,149.02,2.8,-3.37,-0.56,True,0.6,0.39,-0.09
EWY,2026-02-26,ETF,13:00,148.79,2.95,-3.52,-0.66,True,0.6,0.13,-0.17
EWY,2026-02-26,ETF,14:00,150.12,2.08,-2.66,0.24,True,0.6,0.12,-0.25
EWY,2026-02-26,ETF,15:00,150.49,1.84,-2.42,0.45,True,0.6,0.36,0.28
EWY,2026-02-26,ETF,15:45,150.32,1.95,-2.53,0.33,True,0.6,0.22,-0.05
