date,ticker,trade_grade,cap,intraday_setup,setup,atr_pct,atr_pct_move,avg_daily_vol,breaks_ath,breaks_fifty_two_wk,close_at_lows,close_green_red,day_of_range_pct,gap_pct,hit_green_red,hit_prior_day_hilo,move_together,one_day_before_range_pct,pct_change_120,pct_change_15,pct_change_3,pct_change_30,pct_change_90,pct_from_10mav,pct_from_200mav,pct_from_20mav,pct_from_50mav,atr_distance_from_50mav,percent_of_premarket_vol,percent_of_vol_in_first_10_min,percent_of_vol_in_first_15_min,percent_of_vol_in_first_30_min,percent_of_vol_in_first_5_min,percent_of_vol_on_breakout_day,percent_of_vol_one_day_before,percent_of_vol_three_day_before,percent_of_vol_two_day_before,premarket_vol,reversal_duration,reversal_open_close_pct,reversal_open_low_pct,reversal_open_post_low_pct,reversal_open_to_day_after_open_pct,spy_open_close_pct,three_day_before_range_pct,time_of_high_price,time_of_low,time_of_reversal,two_day_before_range_pct,vol_in_first_10_min,vol_in_first_15_min,vol_in_first_30_min,vol_in_first_5_min,vol_on_breakout_day,vol_one_day_before,vol_three_day_before,vol_two_day_before,upper_band_distance,bollinger_width,closed_outside_upper_band,vol_ratio_5min_to_pm,rvol_score,prior_day_close_vs_high_pct,consecutive_up_days,prior_day_range_atr,time_of_high_bucket,gap_from_pm_high,spy_5day_return,uvxy_close,bp,npl,size,pct_from_9ema
9/5/2018,AMD,A,Medium,,2DBreakoutIB,0.0348,0.1367,112245625.3,TRUE,TRUE,FALSE,FALSE,2.7,0.04811119,TRUE,FALSE,TRUE,3.1,1.533161068,0.441666667,0.15,0.513638703,0.975151108,0.200914524,1.186941897,0.342661106,0.570449944,7.126402996,0.100734625,0.249059043,0.308443103,0.528507511,0.154635167,2.275649339,1.715354157,0.923038201,0.580922417,11307021,0 days 00:11:00,-0.030601836,-0.087385243,-0.037402244,-0.128867732,-0.001313016,0.7,2018-09-05 09:32:00-04:00,,2018-09-05 09:51:00-04:00,0.5,27955788,34621389,59322656,17357121,255431683,192541000,103607000,65206000,0.020028049,0.517817765,TRUE,1.535074623,2.275649339,0.980334317,2,2.603718632,1,-0.005410889,-0.000379415,106125,,,,0.177610333
2/27/2020,MRNA,A,Medium,,3DGapFade,0.0577,0.1624,14427518.23,TRUE,TRUE,FALSE,TRUE,4.255688727,0.230452675,TRUE,TRUE,TRUE,2.876604629,1.093348891,0.88742767,0.93006993,0.604651163,0.762278978,0.711718137,1.061572292,0.713286297,0.772778979,5.157073175,0.451121454,0.667223763,0.776079699,1.109505166,0.446322708,4.703756871,6.407954881,1.306486073,7.596682681,6508563,0 days 01:58:00,-0.27090301,-0.357580825,-0.27090301,-0.348383501,-0.026026321,0.783924743,2020-02-27 04:01:00-05:00,2020-02-27 11:29:00-05:00,2020-02-27 09:31:00-05:00,4.356222002,9626383,11196904,16007406,6439329,67863538,78016785,7605391,65001881,0.124932598,0.500662321,TRUE,0.989362629,4.703756871,0.717241379,3,1.723592776,1,-0.037811746,-0.075530494,43550,,,,0.582786261
2/28/2020,ZM,B,Medium,,2DGapFade,0.0457,0.0681,6786644.273,TRUE,TRUE,FALSE,TRUE,3.138841521,0.066226332,TRUE,TRUE,FALSE,1.753674516,0.732293604,0.34731805,0.130649981,0.645419951,0.756419556,0.177112295,0.490517555,0.280125146,0.509954081,5.26282503,0.106757032,0.227799475,0.311590517,0.463848534,0.164545828,3.176523203,2.140987577,2.468088884,1.207081265,724522,0 days 01:27:00,-0.13273313,-0.195754522,-0.140992814,-0.096803502,0.026186353,1.231819131,2020-02-28 09:04:00-05:00,2020-02-28 11:49:00-05:00,2020-02-28 10:22:00-05:00,0.975149572,1545994,2114654,3147975,1116714,21557933,13511847,13425932,6885393,-0.013037707,0.455041328,FALSE,1.541311375,3.176523202,0.572115385,1,2.004148974,1,-0.021656566,-0.10786254,54275,,,,0.173019073
2/28/2020,VIR,C,Small,,GapDownTrendBreak,0.0654,0.3664,1161467.636,FALSE,FALSE,FALSE,TRUE,4.370236689,0.181893688,TRUE,FALSE,FALSE,7.336402224,4.046099291,3.170574443,2.274275196,2.166444148,4.390151515,1.689640995,3.2477,2.04174152,2.899383338,6.946910583,0.308197137,0.21061112,0.339117499,0.668814159,0.21061112,2.825791178,6.566923927,1.199217666,5.090113181,357961,0 days 00:48:00,-0.34645116,-0.461700632,-0.356289529,-0.444413212,0.026186353,1.573582639,2020-02-28 07:55:00-05:00,2020-02-28 10:21:00-05:00,2020-02-28 09:33:00-05:00,5.377278023,244618,393874,776806,244618,3282065,6588602,744209,3976387,0.426201387,1.750502257,TRUE,0.683364948,2.825791179,0.598807265,4,9.369888344,1,-0.15297619,-0.10786254,54275,,,,1.180801906
2/28/2020,CODX,A,Micro,,3DGapFade,0.0561,0.7342,16553910.59,TRUE,TRUE,FALSE,TRUE,4.298157932,0.357769424,TRUE,TRUE,FALSE,6.115595214,21.57291667,5.430267062,4.022016222,6.498269896,20.1435262,2.525978763,14.36056381,3.674152474,7.197431848,7.635419677,0.179400691,0.151052707,0.196661869,0.305430791,0.06923053,1.645657432,3.654645638,1.402153003,5.951475539,2969783,0 days 00:34:00,-0.389478542,-0.492385787,-0.411167513,-0.223811721,0.026186353,1.610328638,2020-02-28 05:30:00-05:00,2020-02-28 12:09:00-05:00,2020-02-28 11:35:00-05:00,6.285421646,2500513,3255523,5056074,1146036,27242066,58656619,14440743,82772152,0.547930987,2.996928423,TRUE,0.385898902,1.645657433,0.56557377,4,9.538105513,1,-0.069158076,-0.10786254,54275,,,,1.681372029
2/28/2020,AHPI,C,Micro,,2DGapFade,0.223961611,-1.879114102,1590989.591,TRUE,TRUE,FALSE,FALSE,8.337777778,1.670103093,FALSE,FALSE,FALSE,9.836533727,35.03478261,17.33628319,11.15249267,15.31496063,40.02970297,6.354142834,24.56324346,9.391409768,15.67621534,11.96407362,0.605944882,0.184463809,0.212520561,0.645117357,0.113966805,4.683851511,8.759129874,1.538786649,2.687889758,964052,0 days 00:29:00,-0.420849421,-0.617519305,-0.517133205,-0.425916988,0.026186353,2.082086873,2020-02-28 05:06:00-05:00,2020-02-28 12:43:00-05:00,2020-02-28 11:27:00-05:00,1.71656051,293480,338118,1026375,181320,7451959,11580344,1138862,2138997,0.696176795,3.558080232,TRUE,0.188081141,4.683851511,0.811627907,6,3.711285891,2,-0.01567696,-0.10786254,54275,,,,3.930787832
2/28/2020,APT,B,Micro,,3DGapFade,0.0501,1.0221,8189562.909,TRUE,TRUE,FALSE,TRUE,6.341251133,0.474455446,TRUE,FALSE,FALSE,6.868181818,9.341666667,6.187258687,2.723,5.396907216,10.25079327,3.085060407,9.318647476,4.307216232,6.450371462,9.140674379,0.348464018,0.322381918,0.415959196,0.732218321,0.098769618,4.293056222,5.772868614,4.605320418,4.773737101,2853768,0 days 00:53:00,-0.435938759,-0.553854418,-0.462798818,-0.473811442,0.026186353,4.74611399,2020-02-28 04:39:00-05:00,2020-02-28 12:23:00-05:00,2020-02-28 11:30:00-05:00,2.959558824,2640167,3406524,5996548,808880,35158254,40583062,19521259,24805403,0.537141856,2.628186413,TRUE,0.283442803,4.293056222,0.798206278,6,8.814055058,2,-0.161486486,-0.10786254,54275,,,,2.158632728
6/9/2020,NKLA,A,Medium,,2DGapFade,0.0552,0.3198,1214911.808,TRUE,TRUE,FALSE,FALSE,1.729041304,0.271052272,TRUE,FALSE,FALSE,2.329491665,1.759407407,1.759407407,0.271052272,1.759407407,1.759407407,1.7565,5.3376,2.2654,3.9601,,0.14631608,0.103463093,0.172057537,0.351051105,0.065521409,1.941740943,0,0,0,177761.1331,0 days 00:30:00,-0.143884892,-0.388006013,-0.237624826,-0.189197895,0.001529816,1,2020-06-09 08:27:00-04:00,2020-06-09 10:08:00-04:00,2020-06-09 09:38:00-04:00,0.594843462,125698.5333,209034.7334,426496.1334,79602.7333,2359044,1667610.867,552220.3,279559.2,,,,0.447807301,1.941740943,0.987079327,2,8.228450262,1,-0.043937994,0.049078162,71175,,,,
7/6/2020,WKHS,B,Small,,GapDownTrendBreak,0.065,0.4043,2341828.83,FALSE,FALSE,TRUE,TRUE,1.519947678,0.012912482,TRUE,TRUE,FALSE,1.489489489,7.472,2.577702703,0.012912482,5.723809524,11.68263473,0.65868356,5.258152431,1.529229863,3.236468754,6.007309353,0.09367446,0.144553947,0.180568321,0.258423051,0.062748822,1.356268575,2.758322117,5.185485175,3.310395701,219369.55,0 days 04:38:00,-0.168555241,-0.182247403,-0.273843248,-0.255429651,0.002149382,3.004103967,2020-07-06 08:32:00-04:00,2020-07-06 17:49:00-04:00,2020-07-06 09:38:00-04:00,2.979005525,338520.6,422860.1,605182.55,146947,3176148.85,6047977.5,8274917.8,6293988.65,0.092807673,2.926574481,TRUE,0.669860516,1.356268575,0.368253968,11,2.317624986,1,-0.039455782,0.040593234,75925,,,,0.472178765
11/13/2020,XPEV,B,Medium,,2DBreakoutIB,0.0454,0.2879,31834640.7,TRUE,TRUE,FALSE,TRUE,2.51530262,0.072211044,TRUE,FALSE,FALSE,3.414307466,1.260131951,1.314671815,0.45775076,1.175056689,1.260131951,0.562157221,0,0.941640946,1.304766871,5.501594234,0.208416456,0.266914839,0.344167195,0.568178236,0.122640995,2.893373884,5.492485684,1.462005621,1.1231782,6634863,0 days 04:13:00,-0.124478732,-0.207673061,-0.168890742,-0.154920767,0.007965773,1.701195219,2020-11-13 09:59:00-05:00,2020-11-13 14:44:00-05:00,2020-11-13 10:31:00-05:00,0.935099633,8497138,10956439,18087750,3904232,92109518,167378773,32605787,25426459,0.098852117,1.20590005,TRUE,0.588441992,2.893373884,0.703932151,2,6.386828066,1,-0.04784594,0.008710304,35925,,,,0.474875522
11/13/2020,NIO,B,Medium,,2DBreakoutIB,0.0505,0.1923,217475033.8,TRUE,TRUE,FALSE,TRUE,2.840790843,0.061904762,TRUE,TRUE,FALSE,1.581336696,2.963678516,0.603313535,0.234416366,0.935471698,2.650533808,0.315470123,3.557705002,0.560745241,1.071501189,5.834630593,0.086911494,0.138914773,0.211054705,0.36759237,0.07001966,2.657649965,1.921294337,1.229651784,0.98213394,18901080,0 days 04:17:00,-0.131214662,-0.209397543,-0.163579645,-0.198381751,0.007965773,2.109222269,2020-11-13 10:01:00-05:00,2020-11-13 14:48:00-05:00,2020-11-13 10:31:00-05:00,1.280589876,30210495,45899129,79942163,15227528,577972516,349870260,239101811,180685242,0.000718492,0.845580979,TRUE,0.805643275,2.657649965,0.805555556,2,2.213885985,1,-0.027308932,0.008710304,35925,,,,0.300038038
11/13/2020,LI,B,Medium,,2DGapFade,0.0528,0.1457,23727625.74,TRUE,TRUE,FALSE,TRUE,3.188743132,0.219634991,TRUE,FALSE,FALSE,2.937470616,1.354799514,0.879728419,0.535657686,0.865255053,1.513618677,0.532428271,0,0.772264327,1.081042625,6.319736786,0.766105391,0.784172433,1.00054208,1.462417959,0.517588238,7.155983783,4.970117325,1.21577847,0.87338755,18177862,0 days 04:23:00,-0.19504644,-0.223168215,-0.223426213,-0.191692466,0.007965773,1.578812473,2020-11-13 07:19:00-05:00,2020-11-13 18:49:00-05:00,2020-11-13 10:27:00-05:00,1.028163164,18606550,23740488,34699706,12281140,169794505,86207892,16859952,11897485,0.055274313,0.682527268,TRUE,0.675609706,7.155983783,0.843260188,1,3.802181666,1,-0.070503597,0.008710304,35925,,,,0.508706013
11/24/2020,XPEV,B,Medium,,2DGapFade,0.054,0.4361,49072117.36,TRUE,TRUE,FALSE,TRUE,1.378812923,0,TRUE,FALSE,FALSE,2.385387966,2.401036758,1.118285882,0,2.678389399,2.401036758,0.507162512,0,0.956890097,1.75594921,5.58367528,0.136114037,0.251946129,0.338680984,0.468063031,0.158338185,2.02886057,2.068254705,0.883560584,1.82419904,6679404,0 days 00:43:00,-0.021338506,-0.13024664,-0.052237772,-0.10419842,0.008356237,1.109234359,2020-11-24 07:50:00-05:00,2020-11-24 09:43:00-05:00,2020-11-24 08:59:00-05:00,1.268598933,12363530,16619793,22968844,7769990,99560484,100739297,35442017,80061080,0.143788418,1.551877855,TRUE,1.163275945,2.02886057,0.946125908,3,4.238962532,3,-0.07474359,-0.008762686,30750,,,,0.39578949
11/24/2020,LI,B,Medium,,3DGapFade,0.0594,0.1799,37932733.77,TRUE,TRUE,FALSE,FALSE,1.389622657,0.090284143,TRUE,FALSE,FALSE,1.416762687,1.890643985,0.809125475,0.090284143,1.493710692,1.035072712,0.338008415,0,0.605222863,1.10573714,5.61398588,0.18697611,0.265166414,0.335140464,0.468140185,0.17912777,1.69425184,1.666952811,0.810880311,1.185616344,7092515,0 days 00:10:00,-0.076082388,-0.127784784,-0.096258932,-0.170659941,0.008356237,0.628017583,2020-11-24 08:07:00-05:00,2020-11-24 09:42:00-05:00,2020-11-24 09:32:00-05:00,0.892158089,10058487,12712794,17757837,6794806,64267604,63691481,27079782,41860995,0.022679448,0.996854951,TRUE,0.958024904,1.69425184,0.837349398,4,1.280757468,1,-0.03410475,-0.008762686,30750,,,,0.283756272
11/24/2020,BLNK,C,Small,,GapDownTrendBreak,0.0419,0.6242,12953130.68,FALSE,FALSE,FALSE,TRUE,2.530497597,-0.077037478,TRUE,TRUE,FALSE,4.192945369,3.395184136,2.34375,-0.077037478,2.87875,3.210312076,0.836758122,4.492363812,1.44116413,1.984128168,6.253238697,0.438317897,0.456471037,0.649453341,1.016268447,0.354938595,4.120443568,6.844020303,4.197366014,5.77983437,5677589,0 days 01:14:00,-0.093780213,-0.194005801,-0.129874315,-0.19432807,0.008356237,2.629873942,2020-11-24 04:09:00-05:00,2020-11-24 09:45:00-05:00,2020-11-24 08:35:00-05:00,3.132821295,5912729,8412454,13163858,4597566,53372644,78606975,23143987,44189513,0.353764509,2.103342097,TRUE,0.80977436,4.120443568,0.886363636,6,6.559341453,2,-0.147527473,-0.008762686,30750,,,,0.555476859
11/24/2020,FCEL,A,Small,,2DBreakoutIB,0.0395,0.7511,2314293.891,FALSE,TRUE,FALSE,TRUE,4.399678429,0.166081871,TRUE,FALSE,FALSE,4.220931009,3.052845528,2.956349206,0.166081871,3.431111111,2.391156463,1.347203487,3.766922364,2.185691149,3.016763149,7.90109693,0.254016427,0.439201609,0.569682747,0.798109699,0.313008489,3.406449082,3.73668484,4.384002497,1.892854257,587868.6663,0 days 04:38:00,-0.230692076,-0.34002006,-0.250752257,-0.262788365,0.008356237,1.963534362,2020-11-24 09:33:00-05:00,2020-11-24 14:25:00-05:00,2020-11-24 09:47:00-05:00,1.399794697,1016441.6,1318413.3,1847060.4,724393.6334,7883524.3,7968808.067,7031701.567,3316300.367,0.286760665,2.054671119,TRUE,1.23223719,3.406449082,0.941176471,7,7.550521874,1,-0.011892963,-0.008762686,30750,,,,1.028746123
11/27/2020,PLTR,A,Medium,,3DGapFade,0.0452,0.2366,73304709.41,TRUE,TRUE,FALSE,TRUE,2.664947124,0.073666093,TRUE,FALSE,TRUE,2.46127067,2.283157895,1.139231824,0.309403862,1.874654378,2.283157895,0.624793869,0,1.012072435,0,,0.17157558,0.341235443,0.44654468,0.716154807,0.237528696,2.804692832,2.960892698,1.505837538,1.959409587,12577298,0 days 01:52:00,-0.1131773,-0.1625521,-0.102276371,-0.094581597,-0.000467238,1.736842105,2020-11-27 09:36:00-05:00,2020-11-27 11:48:00-05:00,2020-11-27 09:56:00-05:00,1.708920188,25014165,32733828,52497520,17411972,205597193,203256795,85694342,117722583,0.134632101,1.240067404,TRUE,1.384396871,2.804692832,0.884488449,3,4.615173716,1,-0.020722135,0.013639667,28250,,,,0.509086595
12/1/2020,MRNA,A,Medium,,3DGapFade,0.065527831,-3.148172569,26526501.43,TRUE,TRUE,FALSE,TRUE,3.876424387,0.163153071,TRUE,TRUE,FALSE,2.832502133,1.278276481,0.813782542,0.398567268,1.647295485,1.745055624,0.619826311,1.91914102,0.882742581,1.218581897,7.889911801,0.27688265,0.363696623,0.492824621,0.725582002,0.241336613,4.717889215,3.392924837,1.539945873,2.37711272,7344728,0 days 04:33:00,-0.206292919,-0.266407745,-0.206292919,-0.219689294,0.001230954,1.564307709,2020-12-01 09:29:00-05:00,2020-12-01 15:08:00-05:00,2020-12-01 10:35:00-05:00,2.572793274,9647599,13072913,19247152,6401816,125149095,73203064,25850691,43428295,0.146709827,0.923792299,TRUE,0.871620569,4.717889215,0.911863587,3,1.280872963,1,-0.005096041,0.012868573,27875,,,,0.509937101
12/23/2020,QS,B,Medium,,GapDownTrendBreak,0.0712,0.6524,20878682.16,FALSE,FALSE,FALSE,TRUE,1.923906649,-0.073289284,TRUE,FALSE,TRUE,2.898852161,2.297837838,1.107426598,0.285774499,2.297837838,2.297837838,0.542823056,0,0,0,,0.077577597,0.124411732,0.184899745,0.364188742,0.081071592,1.316904956,2.529414642,0.728800077,1.662664095,1619718,0 days 00:18:00,-0.092034093,-0.155056548,-0.098508441,-0.05835109,-0.001927881,0.641504178,2020-12-23 07:00:00-05:00,2020-12-23 09:48:00-05:00,2020-12-23 09:30:00-05:00,2.040617847,2597553,3860463,7603781,1692668,27495240,50007376,12945580,28796242,,,,1.045038704,1.316904955,0.966466202,6,3.371757193,1,-0.115797101,-0.007915282,29925,,,,0.407274481
12/28/2020,BLNK,B,Small,,2DBreakoutIB,0.0921,0.1322,13617508.5,TRUE,TRUE,FALSE,TRUE,1.961412796,0.076565657,TRUE,FALSE,FALSE,2.022340534,6.580369844,1.044896393,0.076565657,1.11049505,4.334334334,0.462410423,5.222749828,0.752654591,1.735186034,6.441938252,0.076011262,0.227148307,0.293062567,0.469493079,0.111200592,1.930798134,1.977018344,1.835231056,1.079950247,1035084,0 days 03:12:00,-0.119909927,-0.150309627,-0.12929255,-0.143366485,0.001156722,2.614846231,2020-12-28 10:01:00-05:00,2020-12-28 15:16:00-05:00,2020-12-28 12:04:00-05:00,1.395687683,3093194,3990782,6393326,1514275,26292660,25591768,26794827,13616488,0.041080341,1.060129542,TRUE,1.462948901,1.930798134,0.503901895,1,1.967558319,1,-0.004297459,-0.000487567,26900,,,,0.369426113
1/15/2021,PLUG,C,Medium,,ConsolidationBreakdown,0.0595,0.2003,54514091.62,FALSE,FALSE,FALSE,TRUE,1.509054561,-0.050946799,TRUE,TRUE,TRUE,1.027135499,3.918224299,0.862282513,-0.043471675,1.218903725,2.852959121,0.257362827,3.387415542,0.523925632,1.052603491,5.455657786,0.060428009,0.130796199,0.173239812,0.266140122,0.083123957,1.467741819,1.67630767,2.475984657,2.982453859,3294178,0 days 00:51:00,-0.047664291,-0.092319873,-0.053048298,0.007680127,-0.002707581,2.436463532,2021-01-15 09:32:00-05:00,2021-01-15 10:26:00-05:00,2021-01-15 09:35:00-05:00,1.825510163,7130236,9444011,14508387,4531427,80012612,89190035,109979125,152793130,-0.017846668,1.299281482,FALSE,1.375586565,1.467741819,0.580375783,0,1.209861763,1,-0.024710425,-0.00734407,26225,,,,0.166171573
1/25/2021,CCIV,B,Medium,,2DBreakoutIB,0.079680199,-0.853242746,52445911.68,TRUE,TRUE,FALSE,FALSE,3.459474725,0.197762864,TRUE,FALSE,FALSE,2.545454545,1.723296033,1.028030303,0.197762864,1.655753968,1.774093264,0.509454827,0,0.941333333,1.366607429,6.232787348,0.253355172,0.188650053,0.267381433,0.407890917,0.010339891,2.236481057,2.143813316,0.732962275,0.604212771,13287443,0 days 00:39:00,-0.067986552,-0.307060142,-0.087037729,-0.089652596,0.001876613,0.624460432,2021-01-25 04:01:00-05:00,2021-01-25 11:16:00-05:00,2021-01-25 10:37:00-05:00,0.727770178,9893924,14023063,21392211,542285,117294288,94443034,28004977,23787893,0.039843376,1.228118732,TRUE,0.04081184,2.236481057,0.614035088,0,0.803323593,1,-0.064313177,0.01527242,25000,,,,0.445847901
1/25/2021,BBBY,A,Medium,,3DGapFade,0.081253268,-1.469516093,19623337.79,TRUE,TRUE,TRUE,FALSE,4.723517835,0.15326051,FALSE,FALSE,FALSE,2.114036728,1.341397849,0.70034163,0.15326051,0.856153436,0.451062057,0.866421371,2.376473587,1.145987954,1.291945429,7.25378683,0.137814169,0.440249365,0.57010709,0.861540691,0.297069747,4.498606809,2.671169563,0.564572267,1.291616685,2704374,0 days 01:38:00,-0.119402985,-0.130022962,-0.120838117,-0.133467279,0.001876613,0.747232014,2021-01-25 10:43:00-05:00,2021-01-25 12:26:00-05:00,2021-01-25 10:47:00-05:00,1.638963602,8639162,11187404,16906304,5829500,88277681,38895446,7022703,16657433,0.037689877,0.689209374,TRUE,2.155582031,4.498606809,0.505720033,1,1.603085087,2,-0.018591565,0.01527242,25000,,,,0.806924053
1/25/2021,SPCE,A,Medium,,3DGapFade,0.063481105,0.353440722,758170.9211,FALSE,FALSE,FALSE,FALSE,2.683810334,0.027129522,TRUE,TRUE,FALSE,1.023113528,0.716723549,0.412921348,0.027129522,0.470760234,0.925095681,0.254558952,0.898894957,0.40588831,0.449032239,4.811357846,0.062660277,0.13023963,0.178470047,0.340140452,0.091046225,2.070553626,0.920951948,0.889284996,0.97786259,47507.2,0 days 00:05:00,0.022436808,-0.086875888,-0.005964215,0.059926157,0.001876613,1.167986351,2021-01-25 10:46:00-05:00,2021-01-25 11:11:00-05:00,2021-01-25 11:06:00-05:00,1.133526753,98743.9,135310.8,257884.6,69028.6,1569833.55,652453.65,643367.05,702661.45,-0.012771179,0.554228512,FALSE,1.453013438,2.070553626,0.723684211,3,1.079537091,2,-0.021944444,0.01527242,25000,,,,0.218069527
1/27/2021,AMC,A,Medium,,1DMeanRevert,0.0197,2.9671,17123921.89,FALSE,TRUE,FALSE,FALSE,9.990269218,3.100806452,FALSE,FALSE,TRUE,1.782331936,3.185185185,7.882076677,3.601796941,7.510478055,7.071428571,3.198803877,3.807385807,4.83882994,4.903845039,10.97074278,1.668841658,0.113355528,0.120730193,0.516645653,0.071922799,7.306693256,3.946032443,3.689700037,4.743557287,28577114.2,0 days 00:39:00,-0.021632252,-0.458702065,-0.583087512,-0.411012783,-0.015280627,2.848392037,2021-01-27 09:13:00-05:00,2021-01-27 06:58:00-05:00,2021-01-27 09:23:00-05:00,3.34088138,1941091.2,2067374.4,8846999.8,1231600.4,125119244.6,46161361.8,26878567.6,44805620.1,0.162014153,1.26896465,TRUE,0.043097438,7.306693257,0.719512195,4,8.39200917,1,-0.211627907,-0.000260491,26375,,,,2.009766436
1/28/2021,PLTR,B,Medium,,GapDownTrendBreak,0.0679,0.0374,63739942.29,FALSE,FALSE,FALSE,TRUE,2.166964059,0.013846154,TRUE,FALSE,FALSE,3.552252944,3.162105263,0.550588235,0.091360751,0.603406326,2.903257651,0.362132711,0,0.509949489,0.610022004,3.874580433,0.067738467,0.062353414,0.100784418,0.153371225,0.041985824,1.333218496,2.747485308,3.550059028,1.170867152,4317646,0 days 00:48:00,-0.098128477,-0.16287304,-0.09939302,-0.074102175,0.003374429,3.683842877,2021-01-28 08:00:00-05:00,2021-01-28 11:22:00-05:00,2021-01-28 10:34:00-05:00,0.91892365,3974403,6423993,9775873,2676174,84979270,172018669,194616820,66543374,0.070197784,0.67311159,TRUE,0.619822468,1.333218496,0.529411765,1,4.814772856,1,-0.097260274,-0.025582969,34675,,,,0.283095914
1/28/2021,BBBY,B,Medium,,GapDownTrendBreak,0.124819833,-1.482757301,27607927.33,FALSE,FALSE,FALSE,TRUE,3.388675834,-0.219512195,TRUE,TRUE,FALSE,3.191383986,1.755674232,0.793223284,0.345501956,1.192246415,1.084848485,0.575319534,2.37242076,0.93269855,1.239126113,4.06792134,0.160210578,0.13912312,0.169987661,0.26785879,0.100461037,2.107747362,3.465283496,4.73408138,2.929573707,4423082,0 days 02:22:00,-0.185077519,-0.271317829,-0.207606589,-0.01501938,0.003374429,4.723517835,2021-01-28 08:22:00-05:00,2021-01-28 11:52:00-05:00,2021-01-28 09:30:00-05:00,2.240474453,3840901,4693007,7395026,2773521,58190536,90316824,88827842,63986233,0.273098961,1.342124498,TRUE,0.627056202,2.107747362,0.920984467,5,1.936245851,2,-0.288275713,-0.025582969,34675,,,,0.479934984
1/28/2021,GME,A,Medium,,2DBreakoutIB,0.0645,0.9971,236404523.4,TRUE,TRUE,FALSE,TRUE,5.940619669,-0.237432016,TRUE,TRUE,FALSE,6.439756199,24.98039216,7.439490446,2.450970178,12.67389061,24.3104107,3.69931213,34.83086053,6.879603573,13.30619402,7.198258868,0.134855491,0.031429043,0.041695124,0.114082487,0.016160588,0.987336776,1.602504946,3.890945693,3.269157654,31880448,0 days 01:09:00,-0.269433962,-0.576415094,-0.269433962,0.432867925,0.003374429,6.80643485,2021-01-28 06:04:00-05:00,2021-01-28 11:30:00-05:00,2021-01-28 10:16:00-05:00,3.740105473,7429968,9856916,26969616,3820436,233410880,378761196,718500364,716744360,0.698729513,5.780344076,TRUE,0.119836334,0.987336776,0.751984733,5,5.844458438,1,-0.483551606,-0.025582969,34675,,,,2.512185303
1/28/2021,AMC,A,Medium,,GapDownTrendBreak,0.066,0.3528,19870196.3,FALSE,FALSE,FALSE,TRUE,5.375813713,-0.39798995,TRUE,TRUE,FALSE,9.990269218,1.54351897,4.495412276,1.710402403,4.231435084,4.076271106,2.003276301,2.866522941,3.337539432,3.632489191,5.194425167,0.487559652,0.131646485,0.163778357,0.294344973,0.079522325,2.971312005,7.035231733,4.743557287,3.946032443,9687906,0 days 01:26:00,-0.279632721,-0.456594324,-0.292153589,0.194490818,0.003374429,3.34088138,2021-01-28 06:04:00-05:00,2021-01-28 11:30:00-05:00,2021-01-28 10:04:00-05:00,1.782331936,2615841.5,3254308.1,5848692.4,1580124.2,59040552.8,125638942.2,44805620.1,46161361.8,0.747388729,4.531931091,TRUE,0.163102759,2.971312005,0.950802139,5,7.118927973,1,-0.479130435,-0.025582969,34675,,,,1.311608794
2/2/2021,INO,A,Small,,2DBreakoutIB,0.058,0.1395,1711269.647,FALSE,FALSE,FALSE,TRUE,2.824009533,0.118514151,TRUE,FALSE,FALSE,3.659489974,0.588777219,0.878217822,0.118514151,0.949640288,0.738771769,0.63272321,0.361792405,0.808060142,0.778543279,4.534279862,0.199019483,0.255322367,0.398528417,0.703729734,0.178101924,2.281613103,4.926944947,1.472398147,2.249172212,340575.9996,0 days 01:05:00,-0.204533474,-0.271481286,-0.217185029,-0.223510807,0.00500461,2.539886905,2021-02-02 07:49:00-05:00,2021-02-02 10:38:00-05:00,2021-02-02 09:33:00-05:00,2.263806365,436925.4166,681989.5832,1204271.333,304780.4167,3904455.25,7875638.417,1684113.583,2812154.833,0.206837333,0.74464352,TRUE,0.894896931,2.281613103,0.746938776,2,4.98129473,1,-0.039007092,-0.019698272,33600,,,,0.498627639
2/2/2021,SPCE,A,Medium,,2DBreakoutIB,0.115154529,-1.48364349,1315123.243,FALSE,FALSE,FALSE,TRUE,1.626253613,0.089235917,TRUE,FALSE,FALSE,2.065167766,1.788672061,0.851184834,0.089235917,1.524342956,2.249584027,0.416314199,1.747826005,0.706862402,0.968094039,4.148385876,0.111324091,0.166698179,0.237230466,0.416053022,0.097954964,1.49326697,2.278828065,1.89303706,1.252407666,146404.9,0 days 06:04:00,-0.170848268,-0.192694999,-0.177334016,-0.146953405,0.00500461,2.492508408,2021-02-02 04:04:00-05:00,2021-02-02 15:35:00-05:00,2021-02-02 09:31:00-05:00,1.248999788,219228.65,311987.3,547161,128822.85,1963830.1,2919142.7,2069937.1,1439576.3,0.064121635,1.057675842,TRUE,0.87990805,1.49326697,0.698958979,2,1.850113024,1,-0.03476112,-0.019698272,33600,,,,0.352581629
2/4/2021,SPCE,C,Medium,,1DBreakoutIB,0.12228561,-0.327103082,1403276.698,TRUE,TRUE,FALSE,TRUE,1.23780284,-0.00210084,TRUE,FALSE,FALSE,1.297122395,1.61228231,0.779581642,0.05967652,1.36318408,1.995270625,0.364357253,1.893235909,0.674242525,1.021593711,4.079145198,0.037216217,0.136365515,0.248974953,0.371560292,0.053548563,1.149615398,1.393295855,2.278828065,1.467547477,52224.65,0 days 03:48:00,-0.04,-0.067192982,-0.043684211,-0.03245614,0.008434301,2.065167766,2021-02-04 09:42:00-05:00,2021-02-04 13:19:00-05:00,2021-02-04 09:31:00-05:00,1.626253613,191358.55,349380.75,521401.9,75143.45,1613228.5,2010158.6,2919142.7,1997904.5,0.018011544,1.11874734,TRUE,1.438850236,1.149615398,0.860702152,1,1.264145755,1,-0.021795092,0.01117496,27075,,,,0.31357906
2/19/2021,CCIV,C,Medium,,GapDownTrendBreak,0.159889094,-0.744191995,57244621.05,FALSE,FALSE,FALSE,TRUE,1.562934215,0.035142119,TRUE,TRUE,TRUE,1.359904012,5.226943005,0.988418266,0.140227704,2.327242525,5.163076923,0.45774035,0,0.821950431,1.997586259,5.54025969,0.036137596,0.059563797,0.076587475,0.123909965,0.037326337,1.047215946,1.319947645,1.727799962,1.146870159,2068683,0 days 00:15:00,-0.118988184,-0.162589449,-0.12431353,0.046263937,-0.005203152,3.07286656,2021-02-19 05:15:00-05:00,2021-02-19 15:13:00-05:00,2021-02-19 15:05:00-05:00,1.440635311,3409707,4384221,7093179,2136732,59947480,77286576,97389639,64326432,0.050051998,1.42771079,TRUE,1.032894842,1.047215946,0.268528464,4,1.003063934,1,-0.030806452,2.56E-05,23375,,,,0.354080191
3/10/2021,GME,A,Medium,,3DGapFade,0.1578,0.4277,158008189.5,FALSE,FALSE,FALSE,FALSE,3.815332355,0.091251519,TRUE,TRUE,TRUE,1.616496652,23.27297297,4.991327552,0.385244216,3.4905,18.08144476,1.24879333,11.48873416,2.377216147,3.061639014,5.678623948,0.046458706,0.080561571,0.108397723,0.176540799,0.051312075,1.808956339,1.019433073,0.793132599,1.679900891,7340856,0 days 00:14:00,-0.016442119,-0.361615262,-0.059124819,-0.103143674,-0.000282276,0.929388364,2021-03-10 12:16:00-05:00,2021-03-10 12:41:00-05:00,2021-03-10 12:27:00-05:00,2.377383026,12729388,17127728,27894892,8107728,285829916,157267708,123076916,254662396,0.198243089,2.457243448,TRUE,1.104466291,1.808956339,0.928640542,5,1.061065963,4,-0.061219512,0.015075245,21000,,,,0.996953372
6/3/2021,AMC,A,Medium,,2DBreakoutIB,0.0372,2.1096,24099325.93,FALSE,FALSE,FALSE,TRUE,3.646043721,-0.071143086,TRUE,FALSE,FALSE,6.154432801,5.477140069,3.596516774,0.813358146,5.187423023,6.2173862,1.521531977,6.875403259,2.547854785,4.018967027,6.45047658,0.19089746,0.153386576,0.175561217,0.271667478,0.106221573,2.47848941,3.294901932,3.848421534,2.603546788,4600500.1,0 days 02:54:00,-0.116351119,-0.351807229,-0.215318417,-0.160240964,0.002201747,3.835767164,2021-06-03 04:56:00-04:00,2021-06-03 11:22:00-04:00,2021-06-03 07:00:00-04:00,1.982203353,3696513.1,4230907,6547003.1,2559868.3,59729924.1,76854813.9,66425896.6,51187394.5,0.484547453,2.875638878,TRUE,0.556432615,2.47848941,0.728058331,2,15.9141504,4,-0.235526316,0.003006658,8995,,,,1.024198205
6/3/2021,BB,A,Medium,,2DBreakoutIB,0.0327,0.3478,58022603.18,FALSE,FALSE,FALSE,FALSE,4.551871363,0.241967213,TRUE,FALSE,FALSE,5.030790694,0.578333333,1.217798595,0.638408304,1.265550239,1.004232804,0.890701162,1.342262126,1.124611576,1.198892377,7.573046862,0.945338196,0.981403451,1.318008773,1.960679869,0.647203089,9.244441124,9.555059752,7.631295421,4.537211298,54850983,0 days 02:20:00,-0.16156283,-0.28405491,-0.202745512,-0.157338965,0.002201747,3.536679718,2021-06-03 04:50:00-04:00,2021-06-03 11:53:00-04:00,2021-06-03 09:36:00-04:00,2.268852735,56943583,76474300,113763750,37552408,536386539,347486517,116828615,88141344,0.221265481,0.741243059,TRUE,0.68462598,9.244441125,0.674364896,5,8.683009976,1,-0.043434343,0.003006658,8995,,,,0.708989589
6/3/2021,BBBY,B,Medium,,GapDownTrendBreak,0.069435122,-2.478194075,10895149.91,FALSE,FALSE,TRUE,TRUE,3.505001107,-0.128083277,TRUE,FALSE,FALSE,6.330566974,0.375089222,0.563083164,0.413426266,0.538123752,0.371662513,0.384466195,0.677379753,0.470848801,0.447029874,3.376348732,0.132704828,0.308655597,0.389741769,0.63774313,0.172274637,3.549057821,11.20476064,3.111845163,1.465086363,1445839,0 days 03:20:00,-0.172073709,-0.175966779,-0.187386452,-0.16026992,0.002201747,2.017598994,2021-06-03 04:11:00-04:00,2021-06-03 16:53:00-04:00,2021-06-03 09:30:00-04:00,1.231024979,3362849,4246295,6948307,1876958,38667517,109871336,13576598,6645685,0.264825757,0.687817592,TRUE,1.29817912,3.549057821,0.981704403,1,5.700158079,1,-0.098291951,0.003006658,8995,,,,0.288600471
6/9/2021,WISH,A,Medium,,2DGapFade,0.1003,0.093,1363822.677,FALSE,FALSE,FALSE,TRUE,3.917133483,0.261392949,TRUE,FALSE,TRUE,4.805454841,-0.503217067,0.871173469,0.890463918,0.234848485,-0.232339089,0.719394773,0,0.684163252,0.275163221,2.669258454,0.913613127,0.895947975,1.274643712,1.826354169,0.551541741,7.586942501,7.873871181,0.739742321,2.302081266,1246006.3,0 days 06:26:00,-0.277436946,-0.30129516,-0.311520109,-0.245398773,-0.003615483,0.502227138,2021-06-09 04:01:00-04:00,2021-06-09 16:45:00-04:00,2021-06-09 09:30:00-04:00,1.130536008,1221914.167,1738388,2490823.233,752205.1332,10347244.23,7675275.733,397048.9,1377908.467,0.009273284,0.570552144,TRUE,0.603692881,7.5869425,0.869565217,1,3.746284791,1,-0.118918919,0.004639212,8420,,,,0.616212077
6/9/2021,CLOV,A,Medium,,3DGapFade,0.0503,0.2825,69385189.41,TRUE,TRUE,TRUE,TRUE,4.72350553,0.264108352,TRUE,FALSE,TRUE,7.552662133,1.127659574,2.988603989,1.348993289,2.389830508,2.229527105,1.666358595,0,2.217352515,2.321972227,7.904678706,0.497165725,0.558792508,0.706239969,1.136641979,0.373608809,5.351623065,12.80755373,1.068598952,5.979753464,34495938,0 days 06:19:00,-0.395714286,-0.4,-0.435714286,-0.353928571,-0.003615483,0.752538324,2021-06-09 09:31:00-04:00,2021-06-09 16:50:00-04:00,2021-06-09 09:34:00-04:00,3.587903639,38771924,49002594,78866119,25922918,371323380,735469310,16049885,125343931,0.44189525,1.602867469,TRUE,0.751477406,5.351623065,0.677119628,6,7.727898972,1,-0.010600707,0.004639212,8420,,,,1.282635484
6/29/2021,SPCE,B,Medium,,ConsolidationBreakdown,0.085551484,-1.180061625,1962908.224,FALSE,FALSE,FALSE,TRUE,2.119723948,-0.046316557,TRUE,TRUE,TRUE,1.316300607,0.371263765,0.433269389,-0.046316557,0.810941828,0.70747633,0.264807211,0.815360799,0.39854666,0.894381181,6.04749834,0.060290745,0.140935321,0.173664232,0.277760694,0.091685744,1.888846333,2.936999768,0.562453881,7.550010613,118345.2,0 days 05:25:00,-0.100956023,-0.121032505,-0.108604207,-0.150669216,-0.000420679,0.837249347,2021-06-29 04:01:00-04:00,2021-06-29 14:55:00-04:00,2021-06-29 09:30:00-04:00,4.585537451,276643.1,340886.95,545218.75,179970.7,3707632,5505703.95,676160.5,13098590.8,0.072252032,0.73365806,TRUE,1.520726654,1.888846333,0.469231534,0,1.072012425,1,-0.026070764,0.010304649,6877.5,,,,0.199668605
7/2/2021,SPCE,A,Medium,,1DMeanRevert,0.089340876,-1.743202568,2230509.491,FALSE,FALSE,FALSE,FALSE,2.250255222,0.232461218,FALSE,FALSE,FALSE,0.737284045,0.756765677,0.426312969,0.132071459,0.709926116,0.798310811,0.213148388,0.821831517,0.348002775,0.833032321,4.962685968,0.145617807,0.274242926,0.38979072,0.639526017,0.134788375,3.026674478,0.822929234,1.885588322,1.563510664,324801.9,0 days 04:29:00,-0.155739245,-0.172647004,-0.162690212,-0.151794101,0.004748998,2.119723948,2021-07-02 04:01:00-04:00,2021-07-02 14:00:00-04:00,2021-07-02 09:31:00-04:00,1.133451525,611701.45,869431.9,1426468.85,300646.75,6751026.15,1705283.65,3729044.2,3227455.8,-0.184539758,0.669688772,FALSE,0.925631131,3.026674478,0,0,0.839675728,1,-0.066140351,0.008954314,6820,,,,0.218048376
7/12/2021,SPCE,B,Medium,,ConsolidationBreakdown,0.099195511,-1.802594513,3031858.77,FALSE,FALSE,FALSE,TRUE,1.638470903,0.007113821,TRUE,TRUE,FALSE,0.700767033,0.423850575,-0.096462436,0.007113821,0.357906276,0.843377976,0.080246914,0.653234484,0.176020763,0.583147203,2.799718435,0.229407289,0.213677763,0.331063129,0.549877427,0.162679461,2.246141779,1.156600889,0.668767601,1.672442068,695530.5,0 days 05:40:00,-0.178809284,-0.196569122,-0.181029263,-0.185872856,0.003789358,0.702089373,2021-07-12 04:01:00-04:00,2021-07-12 15:11:00-04:00,2021-07-12 09:31:00-04:00,1.660490012,647840.8,1003736.65,1667150.7,493221.15,6809984.65,3149714.8,1645360.15,4386030.45,-0.126100541,0.626240893,FALSE,0.709129434,2.246141779,0.992790937,1,1.85780023,1,-0.082407407,0.001138396,7722.5,,,,0.108463349
8/10/2021,MRNA,B,Large,,2DBreakoutIB,0.048,0.2119,25957860.55,TRUE,TRUE,TRUE,TRUE,1.295294129,0.002126035,TRUE,FALSE,FALSE,2.566010949,2.482783357,0.445499747,0.002126035,1.028495028,2.179853288,0.252511367,1.829272628,0.412638614,0.835192356,6.743234521,0.076275816,0.153160966,0.201945919,0.315582056,0.099623233,1.398952311,1.602251322,1.068418155,0.768826792,1979957,0 days 06:19:00,-0.059196704,-0.064881565,-0.093099897,-0.086364573,0.000158153,1.321257988,2021-08-10 08:01:00-04:00,2021-08-10 18:45:00-04:00,2021-08-10 09:31:00-04:00,0.844466487,3975731,5242084,8191835,2586006,36313809,42269876,25571509,18924646,0.042677369,0.724442411,TRUE,1.306092001,1.398952311,0.889573288,1,3.616344493,1,-0.026371202,0.002221467,6350,,,,0.208600273
11/17/2021,LCID,C,Medium,,2DBreakoutIB,0.0559,0.2035,96188910.04,TRUE,TRUE,FALSE,TRUE,1.473486161,0.012247839,TRUE,FALSE,TRUE,1.989225031,1.094670145,0.599772274,0.252228164,1.217837411,1.588668816,0.277005064,0,0.516295251,0.965736615,5.61899292,0.305051996,0.212162941,0.287991568,0.454056647,0.150715722,2.055989083,2.52227391,0.485907991,0.886817298,29342619,0 days 04:00:00,-0.064946619,-0.10480427,-0.109430605,-0.127580071,-0.001833689,0.510496432,2021-11-17 07:36:00-05:00,2021-11-17 19:42:00-05:00,2021-11-17 07:57:00-05:00,0.563970518,20407722,27701595,43675214,14497181,197763349,248654643,41015325,77111001,0.019849125,0.969092536,TRUE,0.49406568,2.055989084,0.982554463,2,2.955114887,2,-0.092084006,0.012208274,3755,,,,0.250830018
3/7/2022,BBBY,A,Medium,,1DMeanRevert,0.075754756,-3.647735789,9364651.5,FALSE,FALSE,FALSE,FALSE,6.23698088,0.854140915,FALSE,FALSE,TRUE,0.776651633,0.3844024,1.19138057,0.854140915,0.84388445,0.567398119,0.834943516,0.377684087,0.856015224,0.959802087,6.615219339,3.002978701,1.464075625,1.863535338,2.762419616,0.969446754,11.23723857,0.639420322,0.665794172,0.651518342,28121849,0 days 05:20:00,-0.276333333,-0.359666667,-0.296666667,-0.344666667,-0.028084811,0.651540702,2022-03-07 08:52:00-05:00,2022-03-07 04:01:00-05:00,2022-03-07 09:30:00-05:00,1.153631391,13710558,17451359,25869097,9078531,105232823,2799171,3175458,2970359,-0.102784774,0.26552574,FALSE,0.322828382,10,0.223693733,0,1.197877426,1,-0.146274123,-0.004660194,4660,,,,0.737427018
3/8/2022,CEI,B,Micro,,3DGapFade,0.0685,0.2247,2299116.747,FALSE,FALSE,FALSE,TRUE,4.392367781,0.3046875,TRUE,FALSE,TRUE,4.454692184,0.336,2.67032967,0.3046875,2.092592593,0.439655172,1.501231667,1.104093099,2.00562416,1.847192065,5.757488795,0.530047742,0.593707624,0.809745152,1.278403136,0.297170025,6.272668528,7.649483588,0.833404307,3.564156929,1218641.64,0 days 00:29:00,-0.25748503,-0.401197605,-0.281437126,-0.365269461,-0.008031076,0.813675214,2022-03-08 09:40:00-05:00,2022-03-08 12:30:00-05:00,2022-03-08 12:02:00-05:00,2.327901563,1365003.14,1861698.64,2939198.06,683228.58,14421597.26,12948909.78,728475.62,3757771.92,0.309013366,1.13526953,TRUE,0.560647657,6.272668528,0.693301049,2,7.065465328,1,-0.056497175,-0.024536025,5600,,,,1.274168325
3/8/2022,USEG,C,Micro,,3DGapFade,0.0476,0.4288,3110653.476,FALSE,TRUE,FALSE,FALSE,7.111729006,0.587025316,FALSE,FALSE,TRUE,4.833227109,1.571794872,1.571794872,0.587025316,1.890489914,1.833333333,2.030039182,2.552175771,2.422249539,2.822285683,9.617864877,1.670468292,0.840479989,1.5577161,3.627656724,0.630968385,13.97931474,11.93777513,1.294534375,5.546622824,5196248,0 days 01:20:00,-0.266201396,-0.36889332,-0.33000997,-0.411764706,-0.008031076,0.991928827,2022-03-08 09:54:00-05:00,2022-03-08 05:15:00-05:00,2022-03-08 11:27:00-05:00,2.718603399,2614442,4845515,11284383,1962724,43484804,13022590,419952,2462066,0.219993064,0.675113513,TRUE,0.377719462,10,0.63559322,2,7.844910116,1,-0.066108007,-0.024536025,5600,,,,1.758204852
3/8/2022,USWS,A,Micro,,3DGapFade,0.0792,0.1182,1105663.786,FALSE,FALSE,FALSE,FALSE,5.710955711,0.828571429,TRUE,TRUE,TRUE,2.375794339,0.300813008,2.600360036,0.828571429,2.855421687,1.038216561,1.340537691,0.395473386,1.864898115,1.932380882,6.630764051,1.943544105,1.105734717,1.484643151,2.236551652,0.663793107,10.34218929,5.38875712,3.855868839,2.559350327,2148906.333,0 days 03:00:00,-0.453125,-0.55,-0.446875,-0.490625,-0.008031076,1.826086957,2022-03-08 09:13:00-05:00,2022-03-08 12:23:00-05:00,2022-03-08 09:30:00-05:00,1.883460859,1222570.833,1641516.166,2472874.167,733931.9999,11434984.17,3168496.5,1473334.167,1107261.5,0.017056688,1.082651664,TRUE,0.341537455,10,0.170212766,6,3.391053391,1,-0.185750636,-0.024536025,5600,,,,1.228293527
3/8/2022,IMPP,B,Micro,,3DGapFade,0.1033,0.181,4307160.743,TRUE,TRUE,FALSE,TRUE,4.708379186,0.217333333,TRUE,TRUE,TRUE,5.922654913,0.217333333,10.4125,0.217333333,11.59136671,1.835403727,2.459343795,0,4.668718899,4.656504397,6.276654614,0.213433734,0.118096096,0.148721607,0.243589144,0.03844641,1.607278641,3.55451603,2.56811621,2.866597751,919293.4001,0 days 02:48:00,-0.534501643,-0.593647317,-0.550930997,-0.506024096,-0.008031076,1.582116434,2022-03-08 09:19:00-05:00,2022-03-08 12:30:00-05:00,2022-03-08 09:44:00-05:00,2.638139966,508658.8665,640567.8665,1049177.6,165594.8666,6922807.466,14844740.33,7609507.2,9880284.8,0.569135212,4.22803156,TRUE,0.18013277,1.607278641,0.777777778,4,5.22749274,1,-0.063589744,-0.024536025,5600,,,,1.904017983
3/8/2022,HUSA,A,Micro,,2DGapFade,0.0526,1.4725,13649544.57,TRUE,TRUE,FALSE,TRUE,5.950347567,0.407964602,TRUE,FALSE,TRUE,11.55707919,7.201030928,11.52755906,0.407964602,12.3697479,8.358823529,4.501821795,8.198126595,6.868308858,8.728184795,8.287438332,0.704625927,0.358435695,0.473647671,0.587268532,0.098760365,4.594808982,17.84492579,1.228293651,3.644032031,9617823,0 days 02:57:00,-0.563167819,-0.628535512,-0.575738529,-0.619736015,-0.008031076,0.857768053,2022-03-08 09:18:00-05:00,2022-03-08 12:32:00-05:00,2022-03-08 09:30:00-05:00,3.035514019,4892484,6465075,8015948,1348034,62717050,199764225,1294240,4579257,0.793823144,4.911019963,TRUE,0.140159993,4.594808983,0.759562842,2,18.47303072,1,-0.080346821,-0.024536025,5600,,,,2.998963275
3/8/2022,INDO,A,Micro,,GapDownTrendBreak,0.0977,0.0844,17487999.38,FALSE,FALSE,TRUE,TRUE,3.895457811,0.201788618,TRUE,TRUE,TRUE,5.695731046,17.15970516,10.42349304,0.201788618,16.18837209,20.86686391,2.331243563,12.75997328,4.485381411,8.844567265,5.975379082,0.042521559,0.046342865,0.0553519,0.071770588,0.028425436,0.455305197,1.300727109,3.148265706,3.688687636,743617,0 days 03:16:00,-0.580570965,-0.583006359,-0.585847653,-0.588824246,-0.008031076,3.768048451,2022-03-08 09:18:00-05:00,2022-03-08 16:01:00-05:00,2022-03-08 09:30:00-05:00,5.925830123,810444,967994,1255124,497104,7962377,23364251,46589608,66369801,0.496783598,4.721155507,TRUE,0.668494669,0.455305197,0.433408457,4,7.488029558,1,-0.088318737,-0.024536025,5600,,,,1.699888155
3/29/2022,AMC,A,Medium,,2DBreakoutIB,0.0576,0.2022,6253377.045,FALSE,FALSE,FALSE,FALSE,2.90941914,0.023866348,TRUE,FALSE,FALSE,4.276054289,-0.184854159,1.214599439,0.023865488,0.592258375,0.07441826,0.713757987,0.036141196,0.920828088,0.965015512,6.193315788,0.155987492,0.419980817,0.539698578,0.835430802,0.329430416,3.386676982,4.045840772,1.518429449,1.533281535,975448.6,0 days 00:44:00,-0.01964702,-0.120546121,-0.037629038,-0.048951049,0.003325942,1.11190439,2022-03-29 09:35:00-04:00,2022-03-29 10:09:00-04:00,2022-03-29 09:35:00-04:00,1.187522911,2626298.4,3374938.7,5224263.8,2060052.6,21178168.1,22670413,6847168.1,7181474.2,0.203155648,0.815529793,TRUE,2.11190277,3.386676982,0.956521739,2,5.445694587,1,-0.015409836,0.014057252,3312.5,,,,0.546843397
3/29/2022,GME,A,Medium,,2DBreakoutIB,0.0648,0.1723,25518008.36,FALSE,FALSE,FALSE,TRUE,1.979932663,-0.007120629,TRUE,FALSE,FALSE,2.424633264,-0.068164942,1.409934707,-0.007120629,0.526187774,0.222893523,0.548791475,0.211458829,0.733148497,0.759294059,4.680025729,0.112780432,0.303768221,0.403284138,0.624000422,0.24093918,2.811402323,2.703132939,1.929072399,2.524757517,2877932,0 days 00:30:00,-0.044305142,-0.134084148,-0.059073523,-0.070335742,0.003325942,1.179603265,2022-03-29 09:35:00-04:00,2022-03-29 10:05:00-04:00,2022-03-29 09:35:00-04:00,1.400687712,7751560,10291008,15923248,6148288,71741388,65266096,36400600,53535480,0.133674758,0.98600448,TRUE,2.136356245,2.811402324,0.968189499,10,3.198520003,1,-0.005231729,0.014057252,3312.5,,,,0.381253285
8/4/2022,COIN,A,Medium,,3DGapFade,0.0757,0.1239,16666254.39,FALSE,FALSE,FALSE,FALSE,3.38594729,0.312956317,FALSE,FALSE,TRUE,1.814764248,-0.364061376,0.409592135,0.692185008,0.91481682,0.022749181,0.724240178,-0.336892334,0.82149933,0.888459128,5.220159491,0.458454181,0.45722997,0.680507253,0.986643526,0.449392036,3.219867928,1.630427968,0.504040355,0.834168985,7640714,0 days 01:16:00,-0.162111216,-0.18204524,-0.174835061,-0.18397738,-0.00048266,0.583555061,2022-08-04 09:33:00-04:00,2022-08-04 08:01:00-04:00,2022-08-04 09:34:00-04:00,1.169529508,7620311,11341507,16443652,7489682,53663138,24784175,7361252,12142089,0.025894392,0.52969551,TRUE,0.980233261,3.219867929,0.901639344,2,2.393206041,1,-0.052678571,0.020636836,2552.5,,,,0.632615758
12/5/2022,BILI,A,Medium,,2DBreakoutIB,0.0735,0.1164,14294494.5,FALSE,FALSE,TRUE,TRUE,1.882843647,0.126008065,TRUE,FALSE,TRUE,2.009889016,-0.093711968,0.652366864,0.126008065,0.89001692,-0.007552199,0.492411467,0.064944982,0.602144548,0.734430826,5.026109257,0.197555849,0.322476111,0.420493638,0.666299392,0.218190787,2.114550675,2.066605938,1.942260483,0.55557055,2823961,0 days 05:30:00,-0.118621307,-0.133393017,-0.128916741,-0.106535363,-0.010793415,1.437169881,2022-12-05 08:01:00-05:00,2022-12-05 15:03:00-05:00,2022-12-05 09:33:00-05:00,0.632449304,4609633,6010744,9524413,3118927,30226433,28678002,25308979,7135468,0.053493981,0.697496358,TRUE,1.104451159,2.114550675,0.802469136,0,0.647497542,1,-0.043254818,0.012551885,1830,,,,0.38215954
1/17/2023,EH,B,Small,,2DBreakoutIB,0.108,0.166,2178077.474,FALSE,FALSE,FALSE,TRUE,2.282130299,0.013617525,TRUE,FALSE,TRUE,2.981496094,2.024734982,0.802105263,0.013617525,1.7392,3.435233161,0.37368296,1.323734861,0.75501632,1.388331061,5.476949708,0.051522502,0.172521411,0.197503994,0.311076171,0.111329832,1.652372353,3.244301617,0.771553738,0.380343688,112220,0 days 04:44:00,-0.205607477,-0.232476636,-0.211448598,-0.200934579,-0.001781771,0.91774901,2023-01-17 08:01:00-05:00,2023-01-17 14:17:00-05:00,2023-01-17 09:33:00-05:00,0.890486929,375765,430179,677548,242485,3598995,7088946,1717924,751312,0.072926197,1.290808975,TRUE,2.160800214,1.652372353,0.806600029,2,2.692860119,1,-0.019388836,0.027432579,1347.5,,,,0.348726323
1/18/2023,AAL,B,Medium,,1DBreakoutIB,0.0338,0.1116,30976710.6,FALSE,FALSE,TRUE,TRUE,1.598051317,0.026346604,TRUE,TRUE,TRUE,0.625521758,0.254831782,0.375981162,0.026346604,0.404647436,0.302377415,0.141969314,0.197503165,0.256455002,0.25710865,5.517176594,0.06161119,0.111878729,0.142677544,0.198121488,0.079044222,1.307677711,1.089362311,3.326956655,1.70318302,1908512,0 days 05:04:00,-0.050770108,-0.053337136,-0.06103822,-0.063776383,-0.018846645,2.648813855,2023-01-18 09:35:00-05:00,2023-01-18 04:17:00-05:00,2023-01-18 10:03:00-05:00,1.744670845,3465635,4419681,6137152,2448530,40507554,32875679,96441833,50828019,-0.001490023,0.470463254,FALSE,1.282952373,1.307677711,0.894736842,9,0.658232058,1,-0.00567215,0.018408521,1362.5,,,,0.118088806
1/18/2023,UAL,B,Medium,,1DBreakoutIB,0.0331,0.1354,10634758.5,FALSE,TRUE,TRUE,TRUE,2.275923093,0.037109375,TRUE,TRUE,TRUE,0.931974431,0.391144878,0.427035743,0.037109375,0.398104265,0.359795134,0.150274286,0.305574553,0.26277355,0.245597377,5.042274002,0.143612194,0.316184895,0.407657212,0.584060466,0.192901418,2.88134526,2.080478702,2.345567143,1.73805891,1527281,0 days 05:35:00,-0.079849341,-0.086252354,-0.090958569,-0.090583804,-0.018846645,2.065183635,2023-01-18 08:24:00-05:00,2023-01-18 19:58:00-05:00,2023-01-18 09:31:00-05:00,1.162300951,3362550,4335336,6211342,2051460,30642411,20025388,21213666,15893624,-0.011336846,0.486447283,FALSE,1.343210581,2.88134526,0.763636364,0,0.97361216,1,-0.007476636,0.018408521,1362.5,,,,0.125338089
1/31/2023,CVNA,B,Medium,,2DBreakoutIB,0.0898,0.1735,31626774.2,FALSE,FALSE,FALSE,FALSE,1.371687564,0.108,TRUE,FALSE,FALSE,2.265511888,-0.483690587,0.515731874,0.108,1.393088553,-0.177431329,0.499865844,-0.563760091,0.721456617,0.827155651,3.394809339,0.26224562,0.239156575,0.286962715,0.435806665,0.177847193,2.086592537,3.752092674,0.820343494,1.480866526,8293983,0 days 02:08:00,-0.082129964,-0.175541516,-0.104693141,-0.088447653,0.013337322,0.931092504,2023-01-31 08:06:00-05:00,2023-01-31 11:40:00-05:00,2023-01-31 09:35:00-05:00,1.49913909,7563751,9075705,13783159,5624733,65992191,108391167,18975369,36032013,0.084063583,0.964663724,TRUE,0.678170307,2.086592537,0.685548293,3,3.066815145,1,-0.031468531,0.000974513,1262.5,,,,0.405964016
5/30/2023,SMH,A,ETF,,3DGapFade,0.0183,0.0946,6971990.857,FALSE,TRUE,TRUE,FALSE,1.15795318,0.022326276,FALSE,FALSE,TRUE,2.178641483,0.290087776,0.194497304,0.022326276,0.209360199,0.257722491,0.121601041,0.338156229,0.1719945,0.190290319,6.456241158,0.060597469,0.180078693,0.227454544,0.37952402,0.128708144,1.886474361,1.949987042,1.333602539,2.517468741,422485,0 days 04:02:00,-0.017125788,-0.020909393,-0.021042151,-0.032592101,-0.004383575,1.288862762,2023-05-30 09:52:00-04:00,2023-05-30 17:56:00-04:00,2023-05-30 09:53:00-04:00,3.713794995,1255507,1585811,2646038,897352,13152482,12978761,7897087,16072916,0.039932916,0.209407395,TRUE,2.123985467,1.886474361,0.851908397,2,2.428905383,1,-0.003835218,0.002937033,797.5,,,,0.102991377
5/30/2023,AVGO,A,Large,,3DOpenDrive,0.0195,0.1824,29181465.24,TRUE,TRUE,TRUE,TRUE,4.283176594,0.027549125,TRUE,FALSE,TRUE,4.129513639,0.43627139,0.305282901,0.027549125,0.309068109,0.406944421,0.307799152,0.638571145,0.38753226,0.432251689,9.689724835,0.134926398,0.341579147,0.54263999,1.058194636,0.228570428,3.752348935,3.327306768,1.155181152,2.293514395,3937350,0 days 06:01:00,-0.038054411,-0.043478781,-0.042053837,-0.048160743,-0.004383575,0.791808874,2023-05-30 09:48:00-04:00,2023-05-30 15:55:00-04:00,2023-05-30 09:54:00-04:00,3.423891922,9967780,15835030,30879670,6670020,109499040,82500380,23020960,49262570,0.079124808,0.295939228,TRUE,1.694037868,3.752348934,0.96689229,2,4.288174677,1,-0.003436754,0.002937033,797.5,,,,0.271041678
6/7/2023,PLTR,A,Medium,,1DBreakoutIB,0.0508,0.2396,116514289.9,FALSE,TRUE,TRUE,TRUE,2.200654957,0.035575679,TRUE,TRUE,TRUE,0.61682243,0.921968788,0.266613924,0.050524934,1.068475452,1.081924577,0.203450452,1.081539077,0.377870564,0.737088251,6.069639774,0.066111796,0.120794471,0.165665465,0.325222683,0.082775495,1.9322935,0.665995985,0.727168774,1.073669932,7702969,0 days 05:26:00,-0.08244847,-0.093066833,-0.101186758,-0.09806371,-0.004411353,0.880694143,2023-06-07 10:08:00-04:00,2023-06-07 17:25:00-04:00,2023-06-07 10:23:00-04:00,1.294520548,14074282,19302394,37893090,9644528,225139805,74284337,79487612,121421010,-0.065655516,0.713185174,FALSE,1.252053332,1.9322935,0.818181818,2,0.840370374,2,-0.004353234,0.02436281,577.5,,,,0.201497403
6/16/2023,AI,B,Medium,,2DBreakoutIB,0.098,0.0392,40773227.55,FALSE,TRUE,FALSE,TRUE,1.062356238,0.043993962,TRUE,FALSE,TRUE,1.403145794,0.997936442,0.394297235,0.122941313,0.796289425,1.243280816,0.229279336,1.581765346,0.366626598,0.826954544,4.319838471,0.060130462,0.125824721,0.163853695,0.245597261,0.069126144,0.992795897,1.468329181,1.882376685,0.993966653,2451713,0 days 01:31:00,-0.080975005,-0.102871308,-0.08758521,-0.045858294,-0.008035755,1.691834033,2023-06-16 09:36:00-04:00,2023-06-16 11:28:00-04:00,2023-06-16 09:57:00-04:00,0.672366956,5130280,6680844,10013793,2818496,40479493,60058407,74591443,39559146,-0.017971912,0.707792957,FALSE,1.149602747,0.992795897,0.702097902,1,1.573413493,1,-0.006974359,0.029541754,562.5,,,,0.195607563
6/21/2023,TSLA,A,Large,,2DGapFade,0.0344,0.1726,157837745.7,FALSE,FALSE,TRUE,TRUE,1.719239837,0.002477683,TRUE,TRUE,TRUE,1.362139985,0.393980848,0.243188288,0.002477683,0.45671626,0.431328686,0.099380435,0.415374718,0.222557665,0.432626373,7.486058904,0.050566726,0.081850352,0.105872052,0.204058059,0.053463999,1.314983543,1.067413035,1.062190808,1.091724962,7981338,0 days 03:08:00,-0.056954894,-0.063061098,-0.069530767,-0.088539963,-0.002797139,1.091325288,2023-06-21 04:51:00-04:00,2023-06-21 18:44:00-04:00,2023-06-21 09:50:00-04:00,0.753058339,12919075,16710606,32208064,8438637,207554038,165599166,160133746,167765649,-0.027322801,0.530163312,FALSE,1.057296032,1.314983543,0.977989729,2,1.443690764,1,-0.015635063,0.001190858,535,,,,0.096274411
6/29/2023,JOBY,A,Medium,,2DGapFade,0.0431,0.0783,12736518.36,FALSE,TRUE,FALSE,FALSE,3.782666655,0.199776786,FALSE,FALSE,FALSE,4.537558439,1.415730337,0.367684478,0.695583596,0.879370629,1.476958525,0.615643965,1.634038015,0.707525656,1.13905653,7.99044492,0.676869593,1.07093058,1.362325834,2.414671037,0.553042189,7.27558728,5.327337726,0.487020458,0.567729045,8620962,0 days 04:08:00,-0.071627907,-0.109767442,-0.146186047,-0.059534884,0.004931645,0.528318162,2023-06-29 09:56:00-04:00,2023-06-29 08:31:00-04:00,2023-06-29 10:01:00-04:00,0.561140237,13639927,17351288,30754502,7043832,92665651,48327104,3356253,3908690,0.047507782,0.516515368,TRUE,0.817058699,7.275587282,0.907488987,3,5.878148823,1,-0.028906956,-0.000274908,460,,,,0.55209863
7/6/2023,MULN,B,Micro,,2DGapFade,0.3384,0.026,4094.77541,FALSE,FALSE,FALSE,FALSE,2.691481197,0.655939146,FALSE,FALSE,FALSE,1.564267177,-0.940263852,0.419257773,1.804757185,-0.5330033,-0.894501398,1.164420485,-0.938013889,0.37127244,-0.622172765,-9.471650038,0.775502459,0.52231524,0.688831674,1.044545176,0.323301053,5.219235333,4.790402876,1.344332786,1.033845467,3175.5084,0 days 01:51:00,-0.220848057,-0.282332155,-0.254416961,-0.198586572,0.000546175,0.294756356,2023-07-06 09:40:00-04:00,2023-07-06 04:01:00-04:00,2023-07-06 09:59:00-04:00,0.292397661,2138.7636,2820.611,4277.1779,1323.8452,21371.5965,15476.8716,3167.3585,2558.2203,-0.691879039,2.375782429,FALSE,0.416892363,5.219235333,0.866748166,1,1.414428135,1,-0.056666667,0.0154449,470,,,,0.883901307
7/10/2023,RIVN,B,Medium,,2DGapFade,0.0535,0.1527,66050209.16,FALSE,FALSE,FALSE,FALSE,1.874925414,0.033198381,TRUE,FALSE,FALSE,2.679086992,0.858703569,0.89739777,0.033198381,0.822857143,0.731343284,0.426656659,0.282607438,0.600601504,0.783727259,7.234736949,0.15828233,0.262554823,0.327889666,0.520036037,0.170486667,2.608041295,4.127493571,2.812637625,2.163376405,10454581,0 days 0:025:00,-0.00039185,-0.076018809,-0.00862069,-0.027821317,0.003377607,1.340248963,2023-07-10 11:38:00-04:00,2023-07-10 09:58:00-04:00,2023-07-10 09:30:00-04:00,1.644719497,17341801,21657181,34348489,11260680,172261673,232047307,118923443,99871584,0.111885021,0.767820479,TRUE,1.07710486,2.608041295,0.929621109,7,1.841406797,3,-0.01764921,0.003537924,506.5,,,,0.301745228
7/12/2023,COIN,B,Medium,,2DGapFade,0.0562,0.1064,17391714.86,FALSE,FALSE,TRUE,TRUE,0.810059511,-0.001682557,TRUE,FALSE,TRUE,2.06767703,0.420590583,0.273429675,0.095924147,0.76028481,0.290790428,0.133004299,0.524800477,0.301945537,0.442585673,4.709841115,0.071443099,0.104496711,0.142508949,0.215499796,0.072788164,0.931780053,2.047335468,0.806458205,0.656468716,1242518,0 days 02:12:00,-0.034269663,-0.051123596,-0.039101124,-0.041067416,-0.000828872,0.722647252,2023-07-12 08:02:00-04:00,2023-07-12 11:42:00-04:00,2023-07-12 09:30:00-04:00,0.942477845,1817377,2478475,3747911,1265911,16205253,35672125,13275505,10739693,-0.009433061,0.700907538,FALSE,1.018827091,0.931780053,0.74271012,3,2.32723847,2,-0.021978022,-0.001511972,479,,,,0.120961161
7/14/2023,MARA,B,Medium,,2DGapFade,0.0654,0.1569,56513451,FALSE,TRUE,TRUE,TRUE,1.27881549,-0.00880829,TRUE,FALSE,TRUE,1.702483175,1.507208388,0.38422576,0.100057504,0.974200206,0.670742358,0.209898338,1.234658856,0.398515287,0.74123687,5.396346241,0.030145089,0.087266074,0.111549585,0.179828339,0.051390898,0.938954232,1.264635072,0.902778884,0.993816025,1703603,0 days 04:58:00,-0.05541035,-0.065865133,-0.063774177,-0.04966022,-0.002652755,0.708157699,2023-07-14 09:37:00-04:00,2023-07-14 15:06:00-04:00,2023-07-14 10:08:00-04:00,1.012460298,4931707,6304052,10162720,2904277,53063544,71665804,47291841,54020337,0.002872339,0.79060687,TRUE,1.704785094,0.938954232,0.926530612,1,1.941024544,1,-0.016957862,0.025105461,441.75,,,,0.188544044
7/14/2023,RIOT,B,Medium,,2DGapFade,0.0628,0.1179,28665138.67,FALSE,TRUE,TRUE,TRUE,1.280772356,-0.001971414,TRUE,FALSE,TRUE,2.028158812,1.872340426,0.73670669,0.15648201,0.995073892,0.56612529,0.297029081,1.583397449,0.524153965,0.708602586,5.834394966,0.047708299,0.109495546,0.153719403,0.265808761,0.063743491,1.352087511,1.891783722,1.439979238,1.560119074,1367565,0 days 04:27:00,-0.055802469,-0.07308642,-0.065679012,-0.053333333,-0.002652755,1.052792881,2023-07-14 08:04:00-04:00,2023-07-14 14:32:00-04:00,2023-07-14 10:05:00-04:00,1.076343507,3138705,4406388,7619445,1827216,38757776,53242046,35291341,40610086,0.070506195,0.893687059,TRUE,1.33610907,1.352087511,0.911439114,5,2.126804645,1,-0.036631779,0.025105461,441.75,,,,0.230903051
7/14/2023,NKLA,A,Small,,2DGapFade,0.0926,0.1953,3443995.679,FALSE,FALSE,FALSE,FALSE,3.584,0.231981982,TRUE,FALSE,TRUE,4.204778157,0.562857143,1.170634921,0.939716312,1.532407407,2.009463028,0.888,0.485139792,1.087387228,1.906741868,7.224440533,0.44365587,0.458054194,0.610294426,1.003633692,0.243416749,3.793045051,3.565206958,0.406387452,0.399618577,1527948.9,0 days 03:54:00,-0.177330896,-0.272394881,-0.202925046,-0.202925046,-0.002652755,0.585774059,2023-07-14 09:39:00-04:00,2023-07-14 13:46:00-04:00,2023-07-14 09:54:00-04:00,0.770642202,1577536.667,2101851.367,3456510.1,838326.2333,13063230.77,10560236.23,1095079.567,1058315.467,0.212934738,0.702006418,TRUE,0.548661171,3.793045052,0.965909091,1,4.280738622,1,-0.033568905,0.025105461,441.75,,,,0.758836691
8/2/2023,UPST,B,Medium,,ConsolidationBreakdown,0.0661,0.001499068,11550126.14,FALSE,FALSE,FALSE,TRUE,1.148418865,-0.041822722,TRUE,TRUE,TRUE,1.162771708,3.298382078,0.280352178,0.005604892,0.80871956,4.543739968,0.140010269,2.05861411,0.310643793,0.742822661,4.783677964,0.036292158,0.099496662,0.11726833,0.219897772,0.06913457,0.951217317,1.060687976,1.039543298,1.068138618,419179,0 days 01:43:00,-0.015707564,-0.06159971,-0.033224756,-0.030908433,-0.006883618,1.138963428,2023-08-02 09:40:00-04:00,2023-08-02 11:34:00-04:00,2023-08-02 09:51:00-04:00,0.660008691,1149199,1354464,2539847,798513,10986680,12560062,11757717,12304331,-0.027943326,0.811655815,FALSE,1.904945143,0.951217317,0.931179775,3,1.494182029,1,-0.013214286,0.002129481,405.25,,,,0.115113453
12/29/2023,BITO,B,ETF,,ConsolidationBreakdown,0.037,0.000373342,16222491,FALSE,FALSE,TRUE,TRUE,1.130659031,0.006724304,TRUE,TRUE,TRUE,0.827291231,0.55952381,-0.013182674,0.015012107,0.113117366,0.468815697,0.004427096,0.290093792,0.004140294,0.102380306,2.517772088,0.028911158,0.071931616,0.114430453,0.170553708,0.04492029,1.795388144,1.079982659,1.089834313,1.734243078,469011,0 days 01:21:00,-0.022423664,-0.035305344,-0.035305344,0.071087786,-0.002476442,1.458159743,2023-12-29 09:43:00-05:00,2023-12-29 12:11:00-05:00,2023-12-29 10:50:00-05:00,0.973222108,1166910,1856347,2766806,728719,29125668,17059326,16317682,26937917,-0.075819586,0.152500368,FALSE,1.553735413,1.795388144,0.451612903,0,0.402419711,1,-0.004748338,0.008440872,210.25,,,,0.008366146
12/29/2023,MSTR,B,Medium,,ConsolidationBreakdown,0.0418,0.000839693,11356146.36,FALSE,FALSE,FALSE,TRUE,1.894936395,0.010406061,TRUE,TRUE,TRUE,1.167630596,0.887477974,0.158765046,0.117471725,0.330763163,1.048104647,0.121673537,0.800576727,0.157188288,0.328640627,5.072828876,0.034642033,0.071523382,0.09254812,0.141999755,0.050018728,1.33417354,1.390004541,1.17067883,1.949732711,393400,0 days 03:11:00,-0.064030941,-0.085443741,-0.072670154,0.026169554,-0.002476442,0.860159879,2023-12-29 09:31:00-05:00,2023-12-29 12:57:00-05:00,2023-12-29 09:46:00-05:00,2.332166083,812230,1050990,1612570,568020,15151070,15807680,12047090,21272510,0.011881777,0.272210191,TRUE,1.44387392,1.334173541,0.400865076,0,1.283608808,1,0.000578258,0.008440872,210.25,,,,0.098433665
12/29/2023,COIN,B,Medium,,ConsolidationBreakdown,0.0413,0.002114348,13893739.32,FALSE,FALSE,TRUE,TRUE,1.620480018,-0.001609788,TRUE,TRUE,TRUE,0.999477896,1.337437186,0.211091584,0.081429817,0.455640745,1.470588235,0.110992447,1.239336319,0.208200926,0.588439385,6.91740538,0.032626206,0.06653342,0.082251651,0.139768852,0.048215026,1.391451182,1.270169632,0.926739439,1.159072554,453300,0 days 01:03:00,-0.06524777,-0.080941632,-0.079759217,-0.070068258,-0.002476442,0.991214273,2023-12-29 08:01:00-05:00,2023-12-29 11:14:00-05:00,2023-12-29 10:11:00-05:00,1.562297822,924398,1142783,1941912,669887,19332460,17276287,12544846,15569914,-0.008429189,0.464478583,FALSE,1.477800574,1.391451182,0.893153527,2,1.252490039,1,-0.010161196,0.008440872,210.25,,,,0.095807193
12/29/2023,MARA,B,Medium,,ConsolidationBreakdown,0.0563,0.002548622,75285944.5,FALSE,FALSE,TRUE,TRUE,2.425860489,0.029882604,TRUE,TRUE,TRUE,1.495207668,1.303102625,0.624579125,0.073813056,1.334677419,2.393903869,0.21918146,1.514262955,0.486659151,1.144498894,5.802497055,0.037031521,0.090188614,0.131940578,0.213485135,0.063052487,1.917541355,1.633347831,1.181254148,1.535005198,2787953,0 days 05:37:00,-0.188601036,-0.203799655,-0.212435233,-0.079792746,-0.002476442,0.953302326,2023-12-29 09:44:00-05:00,2023-12-29 17:26:00-05:00,2023-12-29 10:09:00-05:00,2.00362737,6789935,9933271,16072430,4746966,144363912,119948560,79566204,106789741,-0.076718287,1.141732626,FALSE,1.702670741,1.917541355,0.206378987,0,1.683945272,1,-0.008561644,0.008440872,210.25,,,,0.203309881
1/11/2024,BITO,B,ETF,,,0.0344,0.000828541,24691093.81,FALSE,TRUE,TRUE,TRUE,1.841802335,0.035330948,TRUE,FALSE,TRUE,1.122026058,0.723752792,0.086344439,0.013129103,0.135360471,0.699706314,0.097196003,0.438766392,0.112381842,0.191178382,3.82834631,0.196867787,0.265231992,0.363664286,0.586789638,0.170142199,3.583446755,2.877786933,1.831867857,1.160141354,4860881,0 days 00:59:00,-0.035421166,-0.050107991,-0.039308855,-0.044924406,-0.002596369,1.794144563,2024-01-11 09:52:00-05:00,2024-01-11 12:30:00-05:00,2024-01-11 11:31:00-05:00,0.358719814,6548868,8979269,14488478,4200997,88479220,61860063,35638373,22852718,-0.015206635,0.129401024,FALSE,0.864246008,3.583446755,0.669902913,0,1.339081416,1,-0.003014643,0.019859613,193.5,,,,0.084407373
1/11/2024,MSTR,B,Medium,,,0.0508,0.00042125,14028413.33,FALSE,FALSE,TRUE,TRUE,1.661094399,0.058903601,TRUE,TRUE,TRUE,0.739539574,0.752252516,-0.106931461,0.001638769,0.072843531,0.882314122,-0.011286864,0.559474988,0.009000916,0.118887163,1.336320598,0.122188444,0.184140568,0.268538566,0.416282288,0.140156977,1.786069415,1.22052073,1.926054884,1.079109252,1714110,0 days 02:22:00,-0.104859847,-0.114676372,-0.105143658,-0.12349121,-0.002596369,1.387736602,2024-01-11 09:43:00-05:00,2024-01-11 12:21:00-05:00,2024-01-11 09:59:00-05:00,0.711435313,2583200,3767170,5839780,1966180,25055720,16409460,25142550,14346430,-0.175344697,0.261402308,FALSE,1.147055907,1.786069416,0.356735728,0,1.153916984,1,-0.002015995,0.019859613,193.5,,,,0.029949605
1/11/2024,COIN,B,Medium,,,0.0508,0.1201,15714156.29,FALSE,FALSE,TRUE,TRUE,1.673398075,0.052217595,TRUE,TRUE,TRUE,0.879491046,0.993363386,-0.140628374,-0.00144273,0.140166165,1.167915021,0.017411741,0.854171122,0.002714752,0.236317518,2.44939963,0.149455049,0.223732152,0.303437736,0.494561964,0.149874925,1.992681085,1.255232585,1.246827802,0.888610245,2348560,0 days 02:49:00,-0.113260883,-0.120484955,-0.126829575,-0.138199636,-0.002596369,1.261614341,2024-01-11 08:01:00-05:00,2024-01-11 19:58:00-05:00,2024-01-11 09:34:00-05:00,0.74622553,3515762,4768268,7771624,2355158,31313302,18718224,18125703,12959726,-0.184685421,0.311888693,FALSE,1.002809381,1.992681085,0.788545743,0,1.343147098,1,-0.012775194,0.019859613,193.5,,,,0.043932315
1/11/2024,MARA,B,Medium,,,0.0647,0.2156,99923016.62,FALSE,FALSE,FALSE,TRUE,2.155262149,0.06476785,TRUE,TRUE,TRUE,1.121403192,1.759352882,-0.121660766,0.050423403,0.832773674,2.539559014,0.176162357,1.341001625,0.230094744,0.783367864,3.277046696,0.080022194,0.159542972,0.23623274,0.401367266,0.080923207,2.130074974,1.487906758,1.275494974,0.941838288,7996059,0 days 02:17:00,-0.179186515,-0.239648223,-0.18358373,-0.212165628,-0.002596369,1.177678516,2024-01-11 09:44:00-05:00,2024-01-11 12:21:00-05:00,2024-01-11 10:04:00-05:00,0.567100572,15942015,23605088,40105828,8086091,212843517,140233366,113019059,84955919,-0.188539121,0.705788728,FALSE,1.011259547,2.130074974,0.474358974,0,2.351861378,1,-0.014089595,0.019859613,193.5,,,,0.188134359
1/18/2024,AMD,C,Large,,1DBreakoutIB,0.0245,0.002905389,66707754.7,TRUE,TRUE,FALSE,FALSE,1.621456968,0.0376475,TRUE,FALSE,FALSE,1.061313448,0.656368348,0.228199823,0.046995086,0.18587228,0.632452608,0.12796291,0.499976313,0.158997872,0.275477396,5.688252247,0.073966423,0.150620524,0.214614943,0.350778048,0.088454784,1.935872592,1.668633741,0.820406833,1.857435477,4934134,0 days 01:12:00,-0.021239471,-0.04801444,-0.021480144,-0.002406739,0.005231957,0.754764722,2024-01-18 09:49:00-05:00,2024-01-18 13:23:00-05:00,2024-01-18 12:11:00-05:00,2.292864693,10047557,14316481,23399616,5900620,129137714,104084985,48282089,112711434,0.011524067,0.194940728,TRUE,1.195877534,1.935872592,0.924679487,2,1.590147203,1,-0.001981625,-0.008960047,217.25,,,,0.104093037
1/25/2024,AMD,C,Large,,2DBreakoutIB,0.040278581,-0.416920778,82199154.52,TRUE,TRUE,TRUE,FALSE,0.925925086,0.028717258,TRUE,FALSE,FALSE,1.59647545,0.870194759,0.234751582,0.090557736,0.278920577,0.902001452,0.123717041,0.616655079,0.200654477,0.338473364,5.93946014,0.058031132,0.121548695,0.158629296,0.268954287,0.075759149,1.517544295,1.569565014,1.662875737,1.018498003,4770110,0 days 00:15:00,-0.016792977,-0.031514094,-0.052668884,-0.044272395,0.00093319,1.423792283,2024-01-25 11:52:00-05:00,2024-01-25 18:52:00-05:00,2024-01-25 09:43:00-05:00,0.755572248,9991200,13039194,22107815,6227338,124740858,125489387,122973822,76830455,0.003795336,0.334440272,TRUE,1.305491488,1.517544295,0.771457086,2,1.395296724,3,-0.005260874,0.018678251,188,437040,5962,2400,0.102810615
2/6/2024,NVDA,B,Large,,3DGapFade,0.030413358,-0.664405661,498039998.1,TRUE,TRUE,FALSE,TRUE,1.639297579,0.00429816,TRUE,TRUE,FALSE,1.682034369,0.538002783,0.167231032,0.00429816,0.332555069,0.495040151,0.094149499,0.568343007,0.159571108,0.316936168,7.96730897,0.073742631,0.113747912,0.145312787,0.22298968,0.075579592,1.347495206,1.390869226,0.790926357,1.002629766,36726780,0 days 02:36:00,-0.020206807,-0.047824214,-0.034108861,-0.018828091,0.00093208,0.985882114,2024-02-06 08:03:00-05:00,2024-02-06 12:22:00-05:00,2024-02-06 09:46:00-05:00,1.883166997,56651010,72371580,111057780,37641660,671106510,679845010,369145790,476527650,0.015312744,0.300888652,TRUE,1.024910433,1.347495206,0.928010471,3,1.086967379,1,-0.022284005,0.003381613,186.5,275000,2461,400,0.081726685
2/6/2024,SMCI,D,Medium,,2DBreakoutIB,0.088305931,0.144540058,102291176.7,TRUE,TRUE,FALSE,FALSE,1.174435751,0.014547373,TRUE,FALSE,FALSE,1.866399556,1.320689655,0.542728773,0.014547373,1.101286374,1.585776309,0.254975998,1.513639748,0.506338259,0.940703859,6.488177036,0.094308525,0.172102625,0.216759165,0.33419813,0.119573559,1.79273341,1.792413882,1.589976506,1.346385544,9646930,0 days 02:13:00,0.012763744,-0.070118871,-0.004309064,0.002971768,0.00093208,1.387130775,2024-02-06 08:03:00-05:00,2024-02-06 12:15:00-05:00,2024-02-06 10:02:00-05:00,0.933043559,17604580,22172550,34185520,12231320,183380810,175945580,136096040,121895710,0.026642297,0.954819116,TRUE,1.267897663,1.79273341,0.918951859,1,1.40070274,1,-0.03544351,0.003381613,186.5,265000,6906,400,0.206423629
2/12/2024,NVDA,C,Large,,2DBreakoutIB,0.029415942,-0.164825077,475583535,TRUE,TRUE,TRUE,FALSE,1.433000365,0.006474152,TRUE,FALSE,TRUE,1.156363636,0.575008135,0.16225086,0.006474152,0.287644993,0.462058966,0.105079655,0.644861321,0.174792296,0.361273146,8.442499695,0.038342581,0.102767961,0.12711872,0.205671439,0.062518207,1.251279042,0.942898399,1.039055224,0.863366255,18235100,0 days 00:44:00,-0.004848485,-0.018595041,-0.012052342,-0.03030303,-0.000379113,1.199829904,2024-02-12 11:39:00-05:00,2024-02-12 14:21:00-05:00,2024-02-12 13:37:00-05:00,0.635091642,48874750,60455570,97813950,29732630,595087710,436131390,495574550,406277410,-0.009353829,0.325101223,FALSE,1.630516422,1.251279042,0.138909634,0,0.653631265,3,-0.003431709,0.008030747,176.5,,,,0.089285527
2/12/2024,SMCI,C,Large,,2DBreakoutIB,0.082378834,0.186070089,120745915.5,TRUE,TRUE,FALSE,FALSE,1.47777448,0.028434803,FALSE,FALSE,TRUE,1.044191312,1.610099763,0.535981601,0.028434803,1.333180105,1.590737401,0.256680966,1.837971534,0.523401134,1.085519696,8.937612278,0.053748899,0.119555597,0.150620333,0.235512314,0.077672441,1.381033879,0.954991257,1.140999295,0.854835121,6489960,,0.015328237,-0.021370216,0.002823968,-0.014894791,-0.000379113,0.762981985,2024-02-12 11:38:00-05:00,2024-02-12 14:21:00-05:00,,1.026066222,14435850,18186790,28437150,9378630,166754200,108347920,123329790,94137370,-0.04847338,1.050795414,FALSE,1.445098275,1.381033879,0.65957886,4,0.842428539,3,-0.002489387,0.008030747,176.5,,,,0.217517197
2/16/2024,SMCI,A,Large,,3DGapFade,0.083292197,-2.781057199,143750193.9,TRUE,TRUE,TRUE,TRUE,3.497592182,0.041334661,TRUE,TRUE,TRUE,2.060504807,2.944538766,0.791773779,0.320926354,2.285359646,2.432370322,0.396349363,2.584009566,0.692884942,1.469169457,8.106175461,0.101340246,0.148521678,0.186964965,0.493558569,0.102275271,2.349077944,1.75192094,1.152721675,1.50335374,14567680,0 days 06:09:00,-0.231640363,-0.233715925,-0.236728838,-0.244380679,-0.004365158,1.129323081,2024-02-16 08:55:00-05:00,2024-02-16 16:07:00-05:00,2024-02-16 09:49:00-05:00,1.75890242,21350020,26876250,70949140,14702090,337680410,252406000,144804570,201285710,0.065710003,1.050292172,TRUE,1.009226589,2.349077944,0.97348737,9,1.059929594,1,-0.031944444,0.001616121,185.75,235000,27789,250,0.368617083
3/8/2024,NVDA,A,Large,,3DGapFade,0.036553959,-2.188219949,581961037.7,TRUE,TRUE,TRUE,TRUE,2.436007603,0.026642135,TRUE,TRUE,TRUE,1.061959117,1.026366347,0.211361379,0.106717928,0.357193398,1.040403629,0.16375628,0.953389793,0.243215921,0.474287756,7.006641218,0.07978797,0.096907982,0.127651484,0.18931666,0.067794659,1.915859822,1.089171185,0.931088695,1.05035446,46433490,0 days 02:35:00,-0.079988101,-0.090730403,-0.106560057,-0.091539754,-0.007255655,0.755507229,2024-03-08 10:31:00-05:00,2024-03-08 19:35:00-05:00,2024-03-08 11:03:00-05:00,1.029653392,56396670,74288190,110174920,39453850,1114955770,608047160,519332700,580470300,0.016625775,0.35384124,TRUE,0.849685216,1.915859822,0.969036335,6,0.934339732,2,-0.007936475,0.00382178,179,918000,70552,1001,0.147332484
6/6/2024,NVAX,B,Medium,,2DBreakoutIB,0.138724978,-1.270749898,31986271.14,FALSE,TRUE,TRUE,TRUE,2.203130906,0.132093467,TRUE,FALSE,TRUE,2.297983036,5.28042328,0.512101911,0.302963776,4.14967462,3.355963303,0.419725098,2.650940473,0.624725069,1.809096047,7.391761787,0.155394356,0.158748983,0.221023262,0.362991952,0.110692084,1.212686431,1.345742947,0.940027418,0.512035163,4970486,0 days 02:47:00,-0.176284751,-0.187868576,-0.190817186,-0.208508846,-0.000598153,1.837221563,2024-06-06 05:01:00-04:00,2024-06-06 17:17:00-04:00,2024-06-06 09:54:00-04:00,0.714950324,5077788,7069710,11610759,3540627,38789317,44350120,28622536,15873452,-0.044841045,1.151829302,FALSE,0.712330142,1.212686431,0.713963964,1,1.526264753,1,-0.09389313,0.023076482,124.8,,,,0.371682209
6/6/2024,NVDA,B,Large,,2DGapFade,0.032968938,-0.745770348,449508481.4,TRUE,TRUE,FALSE,TRUE,1.419203283,0.013132963,TRUE,FALSE,TRUE,1.272761912,0.769611549,0.306456029,0.078678261,0.369878746,0.417237912,0.107467183,0.919594667,0.218719765,0.348133275,6.333544716,0.08651621,0.129447702,0.170566593,0.373386325,0.087325316,1.432714435,1.186468774,1.002007031,0.919906014,38889770,0 days 03:13:00,-0.024587257,-0.046175674,-0.033922353,-0.03448665,-0.000598153,1.177874064,2024-06-06 09:37:00-04:00,2024-06-06 13:01:00-04:00,2024-06-06 09:48:00-04:00,0.562163284,58187840,76671130,167840320,39253470,644017290,521885410,435020680,400622290,-0.008931201,0.433896923,FALSE,1.009352074,1.432714435,0.998092944,3,1.234047441,1,-0.007075849,0.023076482,124.8,841617,16458,700,0.103048146
6/20/2024,NVDA,A,Large,,2DGapFade,0.036764375,-1.754980027,443127266.4,TRUE,TRUE,TRUE,TRUE,2.043949592,0.031125535,TRUE,TRUE,TRUE,1.098124732,1.071970595,0.141783731,0.067338525,0.465623886,0.482675604,0.10955561,1.039460947,0.184564309,0.404890248,3.790353061,0.071985525,0.087587763,0.112148601,0.158896749,0.059405349,1.093764324,0.663815691,0.690900048,0.648248795,31898749,0 days 03:29:00,-0.064520744,-0.073533619,-0.072317597,-0.090701001,-0.004440885,0.841764726,2024-06-20 08:02:00-04:00,2024-06-20 13:37:00-04:00,2024-06-20 10:08:00-04:00,0.819979846,38812526,49696103,70411482,26324130,484676795,291995868,307121311,285908668,-0.029683038,0.387305145,FALSE,0.8252402,1.093764324,0.867021277,1,1.131504504,1,-0.012711864,0.013170533,121.35,,,,0.102029936
6/20/2024,MU,B,Large,,3DGapFade,0.034897376,-2.33974182,18121187.14,FALSE,FALSE,TRUE,TRUE,2.425044618,0.023199739,TRUE,TRUE,TRUE,1.807267378,0.926739477,0.174257722,0.062098356,0.23145098,0.424643862,0.123057605,0.689517713,0.17132737,0.260296303,5.437251075,0.116559968,0.329125788,0.394979586,0.504168625,0.216958634,2.101272323,2.467533735,0.888827531,1.478051142,2112205,0 days 04:11:00,-0.08165085,-0.089803197,-0.083306796,-0.123304248,-0.004440885,0.748047916,2024-06-20 08:54:00-04:00,2024-06-20 13:41:00-04:00,2024-06-20 09:30:00-04:00,1.506520587,5964150,7157499,9136134,3931548,38077549,41969183,13666659,23446155,0.027080209,0.237400638,TRUE,1.861347739,2.101272323,0.321991701,2,1.12511622,1,-0.008612525,0.013170533,121.35,,,,0.107203844
6/20/2024,AVGO,A,Large,,3DGapFade,0.0280843,-1.360345123,40292350.95,FALSE,FALSE,TRUE,TRUE,1.179144385,0.000521492,TRUE,TRUE,TRUE,1.000171604,0.469273698,0.276252751,-0.013893825,0.288922241,0.332471351,0.129034276,0.569751252,0.21369221,0.302244558,5.984641385,0.06693876,0.167784948,0.2065258,0.288305341,0.119614515,1.456471728,2.204671338,2.051860112,2.363435559,2697120,0 days 04:09:00,-0.038204341,-0.045046743,-0.03958502,-0.05977399,-0.004440885,1.176867623,2024-06-20 04:19:00-04:00,2024-06-20 13:39:00-04:00,2024-06-20 09:30:00-04:00,1.688344764,6760450,8321410,11616500,4819550,58684670,85994600,66980150,85121540,0.009975269,0.427817224,TRUE,1.786924571,1.456471728,0.262873442,0,1.315817742,1,-0.009903925,0.013170533,121.35,,,,0.092824207
9/30/2024,KWEB,A,ETF,,3DGapFade,0.017288545,-2.536064073,26659481,FALSE,TRUE,TRUE,FALSE,1.85472,0.048629531,TRUE,FALSE,FALSE,1.53030303,0.22058319,0.392563601,0.048629531,0.396937574,0.30281948,0.23054824,0.33679359,0.316044551,0.348464519,8.3308288,0.236798721,0.302196768,0.393565801,0.66040573,0.224125406,2.691019641,3.305369385,1.951649624,3.98727344,6312931,0 days 06:14:00,-0.043844857,-0.046936481,-0.048341765,-0.038785835,0.005855335,1.656804734,2024-09-30 08:01:00-04:00,2024-09-30 19:59:00-04:00,2024-09-30 09:31:00-04:00,4.102402521,8056409,10492260,17606074,5975067,71741187,78680542,34248581,82088724,0.059670978,0.378588768,TRUE,0.946480644,2.691019641,0.728,1,2.214462767,1,-0.032100109,0.007127145,120.55,714400,26382,20000,0.180441184
8/5/2024,VXX,A,ETF,,3DGapFade,0.052803602,-0.592866865,8764795.667,FALSE,FALSE,FALSE,FALSE,4.871257176,0.437141034,FALSE,FALSE,FALSE,3.628237639,0.64379562,1.062271062,0.437141034,1.192794547,0.814665592,0.721060394,0.549150027,0.909977967,0.98985615,7.782666988,0.221116963,0.330932415,0.464313619,0.627506129,0.161175235,3.956046703,4.561151999,1.248993973,1.715260545,1938045,0 days 02:30:00,-0.031305506,-0.19660302,-0.129218472,-0.139875666,0.011218826,1.063265689,2024-08-05 08:35:00-04:00,2024-08-05 04:01:00-04:00,2024-08-05 10:01:00-04:00,2.144461842,2900555,4069614,5499963,1412668,34673941,34052000,6750755,10034730,0.126537676,0.45399842,TRUE,0.728913931,3.956046703,0.742857143,1,2.362107355,1,-0.046772487,-0.002626552,143.95,130125,22729,1500,0.581420442
9/30/2024,BEKE,A,Medium,,1DMeanRevert,0.035920365,-2.916623682,12458244.75,FALSE,TRUE,TRUE,TRUE,2.583056979,0.112,TRUE,FALSE,FALSE,0.771891892,0.310548026,0.664670659,0.112,0.516019087,0.477740864,0.37866538,0.53821298,0.484971568,0.554548671,6.880723545,0.406645326,0.464351529,0.570960689,0.865313872,0.370638087,3.912370079,2.189505727,1.611793343,5.382978624,5066087,0 days 04:13:00,-0.104766187,-0.110161871,-0.10926259,-0.090377698,0.005855335,1.866666667,2024-09-30 08:01:00-04:00,2024-09-30 13:43:00-04:00,2024-09-30 09:30:00-04:00,4.292501856,5785005,7113168,10780292,4617500,48741264,22454557,11468555,50531667,0.062652904,0.487223591,TRUE,0.911452962,3.912370079,0.526946108,1,2.361184991,1,-0.080991736,0.007127145,120.55,,,,0.305119247
8/20/2024,TEM,A,Medium,,3DOpenDrive,0.090717595,0.134939417,869163.9545,TRUE,TRUE,FALSE,FALSE,3.335730648,0.006769658,TRUE,FALSE,TRUE,2.076057812,0.440993789,0.517530089,0.006769658,0.349464867,0.440993789,0.644145629,0,0.729303761,0,,0.054087609,0.202738504,0.369674787,1.048864251,0.103943565,3.578566488,1.891262753,1.04680274,1.793977427,47011,0 days 00:01:00,0.012241379,-0.018275862,0.003244828,0.034482759,-0.000804793,1.311436628,2024-08-20 10:19:00-04:00,2024-08-20 09:31:00-04:00,2024-08-20 09:30:00-04:00,1.558227757,176213,321308,911635,90344,3110361,1424247,717085,1306381,0.102590385,0.46628007,TRUE,1.921762992,3.578566488,0.837927233,5,1.735473089,2,0,0.032414582,108.5,,,,0.528147117
10/23/2024,OKLO,B,Medium,,RightSidePopFade,0.153618289,-0.54437163,16821675.35,FALSE,FALSE,FALSE,TRUE,1.811115702,-0.041286606,TRUE,TRUE,TRUE,1.7269962,1.122210414,0.997,-0.104885701,1.403128761,1.374554102,0.467986107,0,0.81420588,1.493932174,5.073468208,0.053221215,0.115293808,0.241018443,0.443415822,0.067188373,2.093609065,2.871200229,3.966647899,3.756429367,895270,0 days 03:04:00,-0.083625438,-0.118177266,-0.091136705,-0.04907361,-0.00562571,2.691816119,2024-10-23 09:47:00-04:00,2024-10-23 14:19:00-04:00,2024-10-23 11:15:00-04:00,2.141446094,1939435,4054334,7458997,1130221,35218012,48668416,48983267,55877643,0.012329408,1.47470027,TRUE,1.262435913,2.093609065,0.592682927,0,1.281302469,1,-0.020468625,0.001751674,129.35,,,,0.340294942
4/17/2024,ARM,B,Large,,ConsolidationBreakdown,0.047936209,-2.449509548,8060485.545,FALSE,FALSE,TRUE,TRUE,2.502161698,-0.002863688,TRUE,TRUE,TRUE,0.582429664,0.755293101,-0.019391696,-0.003678875,-0.060732177,0.641789034,-0.00873686,0,-0.030218688,-0.034827699,-0.70680396,0.024060213,0.0625538,0.079331573,0.245926252,0.044550418,2.411422102,0.537516744,0.628677396,0.65101018,193937,0 days 06:12:00,-0.117420202,-0.121933208,-0.12144088,-0.127594978,-0.010868491,0.818813208,2024-04-17 08:01:00-04:00,2024-04-17 15:58:00-04:00,2024-04-17 09:46:00-04:00,0.874224716,504214,639451,1982285,359098,19437233,4071000,4950851,5000424,-0.101896098,0.137107073,FALSE,1.851621918,2.411422102,0.393393393,0,0.568379321,1,-0.009186992,-0.020598304,195.95,,,,0.00697452
10/24/2024,PHUN,B,Small,,GapDownTrendBreak,0.163499444,-1.966979161,9942235.696,FALSE,FALSE,TRUE,TRUE,3.151243264,-0.115983027,TRUE,TRUE,TRUE,2.076162706,1.035830619,2.521126761,0.486325803,3.166666667,1.56147541,0.656819933,0.759380807,1.277743445,2.01704984,4.71827557,0.244700294,0.299962311,0.341225767,0.549499244,0.20118473,3.538609129,4.555365644,1.572380716,8.673460686,2432868,0 days 06:28:00,-0.3216,-0.3296,-0.3712,-0.2648,-0.001275906,2.165199718,2024-10-24 08:01:00-04:00,2024-10-24 16:05:00-04:00,2024-10-24 09:31:00-04:00,4.051365527,2982296,3392547,5463251,2000226,35181686,43921271,6665917,64735226,0.237845971,2.228025929,TRUE,0.82216791,3.538609129,0.764102564,3,0.843468604,1,-0.143835616,-0.007486906,139.1,,,,0.504233341
10/29/2024,DJT,A,Medium,,3DGapFade,0.11797357,-0.353252162,48452981.09,FALSE,FALSE,FALSE,FALSE,2.381347937,0.134923986,TRUE,FALSE,FALSE,2.157842793,0.624848851,0.794657763,0.134923986,2.344741755,0.870215727,0.497630851,0.5422,0.883049797,1.46681885,6.937873705,0.454254733,0.281076617,0.321450706,0.590547544,0.254177384,3.44985603,2.506975003,1.121641096,1.43297694,22009996,0 days 00:41:00,-0.041674419,-0.190325581,-0.079069767,-0.11572093,0.003311201,0.90712623,2024-10-29 08:17:00-04:00,2024-10-29 10:28:00-04:00,2024-10-29 09:47:00-04:00,1.218335367,13619000,15575245,28613789,12315652,167155809,110352956,42143455,56482061,0.060293412,1.275838824,TRUE,0.559548125,3.44985603,0.950233281,2,1.150838964,4,-0.065217391,-0.004268669,134.9,10000,3600,2000,0.407063652
10/29/2024,IONQ,B,Medium,,GapDownTrendBreak,0.097937187,-0.443432905,17032815.05,FALSE,FALSE,FALSE,TRUE,1.456655495,-0.017405952,TRUE,TRUE,FALSE,1.256732496,1.558479532,0.614391144,-0.017405952,1.00228833,1.147239264,0.188013081,0.97556076,0.438093314,0.871438484,5.804632084,0.061839749,0.116846863,0.167990728,0.412565743,0.078794374,1.864001806,1.954956158,1.334256851,1.623827703,1053305,0 days 00:57:00,-0.043428571,-0.101142857,-0.068571429,-0.099428571,0.003311201,1.296835105,2024-10-29 08:01:00-04:00,2024-10-29 10:32:00-04:00,2024-10-29 09:35:00-04:00,1.076552278,1990231,2861355,7027156,1342090,31749198,31527047,22082306,25252035,-0.003280562,0.990814147,FALSE,1.27417035,1.864001805,0.763636364,3,0.945959186,1,-0.038461538,-0.004268669,134.9,101428,7486,5846,0.162236273
10/29/2024,MSTR,C,Medium,,3DGapFade,0.076836111,-0.29600163,18554409.5,TRUE,TRUE,FALSE,FALSE,0.890624033,0.03489465,TRUE,FALSE,FALSE,1.364126615,0.93452272,0.310308921,0.03489465,0.567319098,0.636790466,0.196001572,0.946966972,0.305649986,0.613664921,5.449474375,0.089117037,0.132624,0.170786303,0.277529554,0.076159309,1.342812284,1.249778892,1.312398448,1.392177729,1653514,0 days 00:53:00,-0.022743614,-0.04923368,-0.027730558,-0.067171239,0.003311201,1.277818997,2024-10-29 08:01:00-04:00,2024-10-29 10:23:00-04:00,2024-10-29 09:30:00-04:00,1.009402399,2460760,3168839,5149397,1413091,24915089,23051343,23062071,25003827,0.017107054,0.50544265,TRUE,0.854598752,1.342812284,0.751344889,1,0.852730333,1,-0.024907749,-0.004268669,134.9,,,,0.159015867
10/30/2024,DJT,B,Medium,OpeningDrive,RightSidePopFade,0.126266008,-1.249703541,51537025.17,FALSE,FALSE,FALSE,TRUE,2.366970722,-0.07726655,TRUE,TRUE,TRUE,2.381347937,0.497951465,0.75646711,0.003589527,1.957685128,0.747426471,0.333850433,0.3569,0.648649542,1.21265834,5.154809585,0.145198078,0.119667481,0.159949395,0.279536876,0.083930087,2.315341225,3.264614173,1.43297694,2.506975003,7483077,0 days 02:27:00,-0.157795077,-0.180307174,-0.242373238,-0.118030717,-0.002201999,1.218335367,2024-10-30 08:01:00-04:00,2024-10-30 18:05:00-04:00,2024-10-30 09:56:00-04:00,2.157842793,6167306,8243316,14406499,4325507,119325799,167294834,56482061,110352956,0.057372742,1.355264285,TRUE,0.578038553,2.315341225,0.715949821,3,1.715877165,1,-0.103207547,0.006539906,134.1,,,,0.275584022
10/30/2024,OKLO,C,Medium,OpeningDrive,1DBreakoutIB,0.167805905,-0.792311485,22141551.78,TRUE,TRUE,TRUE,TRUE,1.517954481,0.062801932,TRUE,FALSE,TRUE,1.058010983,2.287671233,1.266094421,0.07755102,2.26328801,2.150357995,0.373046875,1.5631,0.79835641,1.694983803,4.898948789,0.102351769,0.162709824,0.252293609,0.396079737,0.091789682,1.336843067,1.115435378,1.109153396,2.001926041,2266227,0 days 05:13:00,-0.132954545,-0.142424242,-0.157575758,-0.126515152,-0.002201999,0.770874334,2024-10-30 09:40:00-04:00,2024-10-30 19:55:00-04:00,2024-10-30 10:29:00-04:00,2.039621689,3602648,5586172,8769820,2032366,29599780,26441721,22627959,45068255,-0.042433334,1.466393079,FALSE,0.896806013,1.336843067,0.915942029,3,0.827675813,1,-0.050017992,0.006539906,134.1,,,,0.364956253
11/11/2024,DXYZ,A,Small,OpeningDrive,3DGapFade,0.106561548,-0.999879875,3051711,FALSE,FALSE,FALSE,FALSE,3.298431196,1.148868778,FALSE,FALSE,TRUE,6.389024425,2.332631579,3.031409168,1.148868778,2.931291391,3.579556413,1.720200207,0,2.342357699,3.016193291,8.975174696,0.558932022,0.623843804,0.938006253,1.486732525,0.447045936,6.61771249,8.690005332,8.348238174,9.779257749,1705699,0 days 03:34:00,-0.106548747,-0.223415456,-0.157717414,-0.233733418,-0.001750554,5.545753821,2024-11-11 09:42:00-05:00,2024-11-11 13:24:00-05:00,2024-11-11 09:50:00-05:00,6.528139134,1903791,2862524,4537078,1364255,20195346,19060858,5363728,12205806,0.430433991,1.765363025,TRUE,0.799821657,6.61771249,0.265565438,3,3.341811413,1,-0.03002451,0.043026758,105.65,,,,1.140733936
11/11/2024,TSLA,B,Large,11AMPushFail,3DGapFade,0.035977779,0.296971578,95992057.38,FALSE,TRUE,FALSE,FALSE,2.018372164,0.166346704,FALSE,FALSE,TRUE,1.972305325,0.370725142,0.31918784,0.166346704,0.58012411,0.666265698,0.296207948,0.747486624,0.408646538,0.470430264,6.188808028,0.140042284,0.198056261,0.279761761,0.387465568,0.13654486,2.128359195,2.259549956,1.913962229,1.316217008,13442947,,0.010684378,-0.029742997,0.007998845,-0.010280104,-0.001750554,2.845199518,2024-11-11 11:32:00-05:00,2024-11-11 08:02:00-05:00,,1.001610359,19011828,26854907,37193617,13107222,204305578,204046950,163679097,114667321,0.04189406,0.485750436,TRUE,0.975025937,2.128359195,0.800421644,3,1.33212729,3,-0.002017291,0.043026758,105.65,,,,0.233984935
11/12/2024,IONQ,A,Medium,OpeningDrive,RightSidePopFade,0.118370404,0.387842649,26109401.86,FALSE,FALSE,FALSE,TRUE,1.465834728,-0.06462585,TRUE,FALSE,TRUE,1.552343129,1.458100559,0.235261089,-0.112545381,1.029520295,2.009575923,0.365173061,1.710795231,0.513474924,1.160509554,5.822858012,0.074868969,0.188573451,0.267091641,0.391931843,0.105705217,1.048083642,1.332847852,3.089639449,2.538619514,1954784,,0.045909091,0,0.04,0.085454545,-0.002973208,3.251513484,2024-11-12 09:40:00-05:00,2024-11-12 05:57:00-05:00,,2.082014633,4923540,6973603,10233106,2759900,27364837,35692608,70687537,64823071,0.003941743,0.895341311,TRUE,1.411869547,1.048083642,0.695924765,0,1.145803741,1,-0.048854302,0.038252124,104.25,,,,0.263536969
11/12/2024,TSLA,A,Large,BouncyBall,GapDownTrendBreak,0.041712231,-0.996750931,98676037.95,FALSE,FALSE,TRUE,TRUE,1.336238542,-0.020742857,TRUE,TRUE,TRUE,2.018372164,0.356633946,0.305626452,0.066994583,0.56388027,0.7019565,0.219545738,0.679489626,0.329923667,0.404373928,4.985526526,0.120351812,0.122666011,0.152611346,0.222788211,0.083902862,1.525098678,2.17323448,1.316217008,2.259549956,11875840,0 days 00:39:00,-0.041576705,-0.056690202,-0.06226294,-0.020102702,-0.002973208,1.001610359,2024-11-12 04:01:00-05:00,2024-11-12 19:29:00-05:00,2024-11-12 12:49:00-05:00,1.972305325,12104196,15059083,21983858,8279202,150490695,209748330,114667321,204046950,0.065444598,0.580539284,TRUE,0.697146644,1.525098678,0.618374558,5,1.550761317,1,-0.053230574,0.038252124,104.25,,,,0.159738751
11/21/2024,MSTR,A,Medium,Upattern,3DGapFade,0.097317289,-2.654142706,31904513.3,TRUE,TRUE,FALSE,TRUE,3.395107367,0.130426524,TRUE,TRUE,FALSE,1.842601972,2.202207223,1.077615298,0.392006029,1.438006372,2.570628625,0.487610098,2.389611602,0.780619774,1.378805761,6.243030061,0.237191363,0.205331075,0.256940889,0.468719233,0.11991504,3.055700868,2.320738998,1.271903705,1.843370597,7567475,0 days 05:49:00,-0.258293972,-0.305789258,-0.275619364,-0.246494782,0.000455005,1.503686786,2024-11-21 09:24:00-05:00,2024-11-21 15:51:00-05:00,2024-11-21 10:02:00-05:00,1.881267516,6550988,8197574,14954259,3825831,97490649,70006715,32605616,50719319,0.072273974,0.976905935,TRUE,0.505562423,3.055700869,0.347747414,4,1.030702497,1,-0.022929588,-0.004803236,115.35,516000,43000,1000,0.443465295
1/6/2025,CRNC,B,Medium,OpeningDrive,2DGapFade,0.105033569,-1.390727957,13838346.74,FALSE,TRUE,FALSE,FALSE,3.846404547,1.980075662,FALSE,FALSE,TRUE,7.260050643,7.038095238,2.023928343,1.980075662,1.640446927,5.301866667,1.638142748,4.019782507,2.004807692,3.362724879,9.671494499,0.674991108,0.660521172,0.872465854,1.356525195,0.473166493,4.845595234,16.08794221,0.581881475,0.801503572,9340761,0 days 00:32:00,-0.146073121,-0.193043331,-0.1820413,-0.197698037,-0.001526154,0.722121578,2025-01-06 09:35:00-05:00,,2025-01-06 12:56:00-05:00,0.997217846,9140521,12073485,18772066,6547842,67055027,161686382,1224271,1645384,0.411091508,1.217903571,TRUE,0.700996632,4.845595233,0.411764706,1,1.020510824,1,-0.087919722,-0.027771311,107,"114,272.85",8300,5001,1.243362801
1/8/2025,IONQ,C,Medium,OffOpenSelloff,ConsolidationBreakdown,0.133585863,-1.646880847,32052635.33,FALSE,FALSE,FALSE,TRUE,3.414634146,-0.218592458,TRUE,TRUE,FALSE,1.077963374,4.615942029,-0.130776133,-0.241237517,0.13171729,2.950050968,-0.12583494,1.719257573,-0.048095581,0.214499253,0.993830812,0.27045539,0.424034837,0.604293525,0.999310436,0.22551166,3.983922248,0.994575754,1.039774153,0.867044812,8668808,0 days 01:58:00,-0.219354839,-0.330993548,-0.227870968,-0.174451613,0.00134194,0.833509189,2025-01-08 05:28:00-05:00,,2025-01-08 09:32:00-05:00,0.768344235,13591434,19369200,32030533,7228243,127695207,27090333,28235532,23299872,-0.080339626,0.619484076,FALSE,0.83382202,3.983922248,0.143094842,0,0.90723514,1,-0.151150055,0.004350942,106.2,,,,-0.091086937
6/23/2025,CRCL,A,Medium,11AMPushFail,3DGapFade,0.201246729,0.520741136,48631624.25,TRUE,TRUE,FALSE,FALSE,1.981892989,-0.007574496,TRUE,FALSE,FALSE,1.612720441,1.86507269,1.069067245,-0.007574496,1.86507269,1.86507269,0.889961378,1.98,1.65,1.65,,0.113958151,0.135539067,0.171686184,0.293747458,0.083096731,2.030828942,2.237683288,0.890267863,1.793562906,5541970,,0.10479745,-0.025077581,0.092887696,0.050155162,0.008587658,0.803441281,2025-06-23 11:27:00-04:00,,,1.843810113,6591485,8349378,14285416,4041129,98762510,92427231,31234204,63566766,,,,0.729186372,2.030828942,0.798642004,2,0.883248926,3,-0.095028463,-0.004556114,110.5,,,,0.663881353
6/24/2025,CRCL,A,Medium,OpeningDrive,RightSidePopFade,0.208856519,-0.530956367,50138665.77,FALSE,FALSE,FALSE,TRUE,1.369553786,-0.0494591,TRUE,TRUE,FALSE,1.981892989,2.008770876,1.172841649,0.042200766,2.008770876,2.008770876,0.568613523,1.68,1.35,,,0.1541837,0.112531295,0.16027381,0.236030154,0.066523589,1.358898286,2.076875313,1.661928461,2.212588427,7730565,0 days 02:17:00,-0.110893699,-0.131143679,-0.14052392,-0.127286159,0.004054076,1.843810113,2025-06-24 08:01:00-04:00,,2025-06-24 13:14:00-04:00,1.612720441,5642169,8035915,11834237,3335404,68133347,99128739,63566766,92427231,,,,0.431456692,1.358898286,0.465644264,3,1.208761752,1,-0.104363376,-0.004197916,108,,,,0.407437541
7/21/2025,OPEN,A,Small,AfternoonSelloff,3DGapFade,0.14855827,1.041368727,261579778.8,FALSE,TRUE,FALSE,FALSE,6.926454281,0.684807114,FALSE,FALSE,FALSE,3.25298312,1.260186508,3.443838784,0.684807114,4.245271983,1.801228655,2.635257394,2.770036919,4.160982257,5.352676083,10.66369777,0.379100057,0.257847318,0.329548668,0.632177873,0.159704093,7.475008598,3.632667009,2.660896341,4.007870961,99164909.03,,0.154703936,-0.05936141,0.097126714,0.399286325,0,3.624665517,2025-07-21 14:47:00-04:00,,,3.318053694,67447644.47,86203267.57,165364948.2,41775361.3,1955311095,609364313.3,313869721.7,569334464.9,0.285376615,2.221884113,TRUE,0.421271614,7.475008596,0.229278794,4,1.958115752,4,-0.139324333,0.00708765,86.85,,,,1.933366039
10/22/2025,BYND,B,Small,11AMPushFail,3DGapFade,0.174910998,-2.399923963,289154801,FALSE,TRUE,FALSE,TRUE,5.948559791,0.70441989,TRUE,FALSE,TRUE,4.744551423,0.814705882,1.830275229,3.197278912,1.172535211,0.602597403,3.717357298,1.516355081,2.892537616,2.273412991,6.26625043,1.066322762,0.342027792,0.379321376,0.799650814,0.231816659,7.702877381,9.375589026,7.630449573,10.23751392,308332346,0 days 01:09:00,-0.419773096,-0.575364668,-0.591572123,-0.521880065,-0.00625,0.711000676,2025-10-22 05:27:00-04:00,,2025-10-22 11:34:00-04:00,2.38002422,98898978,109682597,231222872,67030900,2227323976,2071416458,438222591,1202713294,-0.010590386,1.76884493,FALSE,0.21739821,7.70287738,0.875647668,3,3.048116913,2,-0.252121212,0.009200655,52.8,,,,2.680446225
10/17/2025,GLD,A,ETF,OffOpenSelloff,3DGapFade,0.011109289,-1.847258589,20108656.09,TRUE,TRUE,TRUE,TRUE,1.808440675,0.001740446,TRUE,TRUE,FALSE,1.518662314,0.280559765,0.119366386,0.042937052,0.17856189,0.268291125,0.054016767,0.321710698,0.092642786,0.174835432,8.86555801,0.146903353,0.282128849,0.350097787,0.496604793,0.164303223,2.989070863,1.822174313,1.063358865,1.175980727,2954029,0 days 03:30:00,-0.02052173,-0.030014604,-0.022334693,0.000780581,0.007414708,0.806089886,2025-10-17 08:01:00-04:00,,2025-10-17 09:35:00-04:00,1.197724679,5673232,7039996,9986055,3303917,60106198,33621444,18409632,20598324,0.009145365,0.17586119,TRUE,1.118444335,2.989070862,0.935085008,5,1.469026377,1,-0.014271886,0.011668862,68.75,,,,0.046739714
11/13/2025,SNDK,B,Medium,PriorDayLowBreak,GapDownTrendBreak,0.090051831,-1.012269439,10382048.96,FALSE,FALSE,FALSE,TRUE,1.997438449,-0.053338043,TRUE,TRUE,TRUE,0.788183601,5.479690522,0.311411235,0.000186602,1.105428549,5.017063314,0.166304842,,0.352225895,0.881971113,5.196346119,0.156145864,0.206379493,0.267348383,0.408274515,0.148561715,2.215976451,1.376729444,1.611424187,1.25122756,1621114,0 days 04:19:00,-0.091156716,-0.126380597,-0.120708955,-0.119402985,-0.012432035,1.413084179,2025-11-13 08:02:00-05:00,,2025-11-13 09:30:00-05:00,0.878262487,2142642,2775624,4238726,1542375,23006376,13730302,15276390,12180912,0.00187493,0.882391441,TRUE,0.951429079,2.21597645,0.906272763,4,0.694678235,2,-0.057002111,0.019498441,50.55,,,,0.132239659
1/26/2026,SLV,B,ETF ,UpperTrendBreak AndFail,2DGapFade,0.03733172,-0.277654001,132301217.5,TRUE,TRUE,TRUE,FALSE,2.636354822,0.140479743,FALSE,FALSE,FALSE,1.273895277,1.338117647,0.286676162,0.140479743,0.505377973,1.327166276,0.251671633,1.510313577,0.381605356,0.6999812,8.399361463,0.133725995,0.113527323,0.157139499,0.271931949,0.068042102,2.930652108,1.240019362,1.279988953,0.77293984,17692112,0 days 00:34:00,-0.010365301,-0.028781322,-0.070242528,-0.013988125,0.003244073,0.886201991,2026-01-26 13:04:00-05:00,,2026-01-26 14:21:00-05:00,0.811990877,15019803,20789747,35976928,9002053,387728842,143739168,141679797,86962884,0.003321593,0.450674512,TRUE,0.508817319,2.930652108,0.861209964,1,0.863894295,4,-0.011243781,-0.004709349,34.37,,,,0.231495372
1/29/2026,GLD,A,ETF,Upattern,3DGapFade,0.014847585,-1.799076324,21822211.81,TRUE,TRUE,FALSE,FALSE,3.470220053,0.03022889,TRUE,TRUE,TRUE,2.126491374,0.431087268,0.196201343,0.096427803,0.277319562,0.384086711,0.116172123,0.470227673,0.17333984,0.24840979,8.544593345,0.16295768,0.157926246,0.196128424,0.369093155,0.075014211,3.161994513,2.274825979,1.974399832,1.557051954,3556097,0 days 00:36:00,-0.026711939,-0.080469471,-0.031422347,-0.084914918,-0.003374546,1.446764614,2026-01-29 08:02:00-05:00,,2026-01-29 10:01:00-05:00,1.500847625,3446300,4279956,8054429,1636976,69001714,44165759,34244746,28401644,0.021686635,0.253808654,TRUE,0.4603294,3.161994513,0.909773819,7,1.992354179,1,-0.009024604,0.009347151,36.26,10100000,360000,20000,0.094470942
