date,ticker,bucket,cap,recommendation,score,prediction_correct,outcome_pct,max_favorable_pct,atr_move,open,high,low,close,volume,mfe_atr,rvol,tradeable,tradeable_detail,gap_pct,pct_change_3,pct_from_9ema,prior_day_range_atr,prior_day_rvol,atr_pct,tradeable_b,dir_ok,score_num,pct_change_3_f,gap_pct_f
2026-03-18,MU,reversal,Large,GO,4/5,True,-0.006519,0.0139,0.12,464.76,471.34,458.3,461.73,58967786.57315,0.26,,False,direction OK; MFE only 0.3 ATR (<1.0),0.012476,0.138991,0.10337,0.677978,1.339435,0.053251,False,True,4,0.138991,0.012476
2026-03-18,SNDK,reversal,Large,GO,4/5,False,0.032431,0.019883,0.51,730.015,761.52,715.5,753.69,20661147.259478,0.31,,False,direction wrong; MFE only 0.3 ATR (<1.0),0.047676,0.163779,0.155098,0.544693,0.765368,0.063293,False,False,4,0.163779,0.047676
2026-03-18,LITE,reversal,Medium,CAUTION,3/5,True,-0.011761,0.018543,0.11,709.15,743.86,696,700.81,9636039.8194,0.18,,False,direction OK; MFE only 0.2 ATR (<1.0),0.084627,0.054326,0.096338,1.339855,1.571649,0.105283,False,True,3,0.054326,0.084627
2026-03-18,WDC,reversal,Medium,CAUTION,3/5,True,-0.015022,0.028913,0.24,309.55,319.62,300.6,304.9,12451864.600241,0.47,,False,direction OK; MFE only 0.5 ATR (<1.0),-0.010946,0.201509,0.113585,1.589056,1.627118,0.062011,False,True,3,0.201509,-0.010946
2026-03-19,WDC,reversal,Large,CAUTION,3/5,False,0.085117,0.010408,1.34,292.07,319.2,289.03,316.93,9090759.201277,0.16,,False,direction wrong; MFE only 0.2 ATR (<1.0),0.027747,0.119762,0.103561,1.005969,1.354605,0.063362,False,False,3,0.119762,0.027747
2026-03-19,SNDK,reversal,Large,CAUTION,3/5,False,0.091833,0.021424,1.39,707.15,776,692,772.09,21263629.758954,0.33,,False,direction wrong; MFE only 0.3 ATR (<1.0),-0.009387,0.139158,0.108898,0.964708,1.082064,0.065862,False,False,3,0.139158,-0.009387
2026-03-23,PL,reversal,Medium,GO,4/5,True,-0.01971,0.094783,0.24,34.5,34.84,31.23,33.82,29097241.296073,1.14,,True,direction OK; MFE 1.1 ATR,-0.001478,0.36316,0.181444,1.283699,2.173979,0.083152,True,True,4,0.36316,-0.001478
2026-03-24,PL,reversal,Medium,GO,4/5,True,-0.05577,0.077128,0.58,33.71,36.09,31.11,31.83,23141612.35655,0.8,,False,direction OK; MFE only 0.8 ATR (<1.0),0.011938,0.180638,0.10184,1.624667,1.594065,0.0963,False,True,4,0.180638,0.011938
2026-03-25,PL,reversal,Medium,CAUTION,3/5,False,0.091667,0.039198,0.98,32.4,37.05,31.13,35.37,24864585.821674,0.42,1.6,False,direction wrong; MFE only 0.4 ATR (<1.0); RVOL 1.6x (elevated),0.007351,0.045522,0.169718,1.797698,1.626718,0.092425,False,False,3,0.045522,0.007351
2026-03-26,AMD,reversal,Large,CAUTION,3/5,True,-0.065185,0.066745,1.68,217.979,221,203.43,203.77,49238667.460165,1.72,1.5,True,direction OK; MFE 1.7 ATR; RVOL 1.5x (elevated),-0.017115,0.094074,0.05439,1.167173,1.474065,0.038881,True,True,3,0.094074,-0.017115
2026-03-30,BE,bounce,Medium,GO,5/6,False,-0.103619,0.003263,0.93,133.325,133.76,116.505,119.51,13266155.518058,0.03,1.3,False,direction wrong; MFE only 0.0 ATR (<1.0); RVOL 1.3x (elevated),0.000638,-0.204433,,1.511802,,0.111913,False,False,5,-0.204433,0.000638
2026-03-30,NBIS,bounce,Medium,CAUTION,4/6,False,-0.097613,0.0,0.95,102.24,102.24,89.6525,92.26,16742952.762854,0.0,0.9,False,direction wrong; MFE only 0.0 ATR (<1.0); RVOL 0.9x (normal),0.014085,-0.198366,,0.631533,,0.102806,False,False,4,-0.198366,0.014085
2026-03-30,FIG,bounce,Medium,CAUTION,4/6,False,-0.002474,0.019297,0.03,20.21,20.6,19.83,20.16,7983386.918419,0.22,0.6,False,direction wrong; MFE only 0.2 ATR (<1.0); RVOL 0.6x (normal),0.000991,-0.044097,,1.012636,,0.088661,False,False,4,-0.044097,0.000991
2026-04-01,SNDK,reversal,Medium,CAUTION,3/5,False,0.061997,0.011023,0.7,652.29,710.85,645.1,692.73,22318343.308036,0.13,1.2,False,direction wrong; MFE only 0.1 ATR (<1.0); RVOL 1.2x (normal),0.004663,0.124872,0.064963,1.071586,1.185553,0.088163,False,False,3,0.124872,0.004663
2026-04-01,AXTI,bounce,Medium,CAUTION,4/6,False,-0.198299,0.02806,1.06,58.8,60.4499,46.87,47.14,21149587.752508,0.15,1.9,False,direction wrong; MFE only 0.1 ATR (<1.0); RVOL 1.9x (elevated),0.031941,-0.222497,,0.859085,,0.18742,False,False,4,-0.222497,0.031941
2026-04-02,WDC,reversal,Large,CAUTION,3/5,False,0.060395,0.000611,0.7,278.17,298.1533,278,294.97,7860762.409577,0.01,0.9,False,direction wrong; MFE only 0.0 ATR (<1.0); RVOL 0.9x (normal),-0.001317,0.172051,0.035055,0.816411,0.86852,0.083798,False,False,3,0.172051,-0.001317
2026-04-02,AXTI,bounce,Medium,CAUTION,4/6,True,0.186882,0.190476,0.94,44.52,53,42.1,52.84,15924648.607285,0.96,1.3,False,direction OK; MFE only 1.0 ATR (<1.0); RVOL 1.3x (elevated),,-0.106012,,1.454844,,0.198012,False,True,4,-0.106012,
2026-04-06,AXTI,bounce,Medium,GO,6/6,False,-0.149397,0.004558,0.64,49.365,49.59,39.7,41.99,21083075.952337,0.02,1.7,False,direction wrong; MFE only 0.0 ATR (<1.0); RVOL 1.7x (elevated),-0.065765,-0.263075,,1.119345,,0.231908,False,False,6,-0.263075,-0.065765
2026-04-20,IONQ,reversal,Medium,GO,4/5,False,0.065726,0.004852,1.06,45.34,48.565,45.12,48.32,47869914.115291,0.08,1.7,False,direction wrong; MFE only 0.1 ATR (<1.0); RVOL 1.7x (elevated),0.048818,0.28887,0.289501,1.001307,1.824725,0.062186,False,False,4,0.28887,0.048818
2026-04-20,CAR,reversal,Medium,GO,4/5,False,0.239262,0.031063,2.69,491.26,612.58,476,608.8,5733761.717657,0.35,1.6,False,direction wrong; MFE only 0.3 ATR (<1.0); RVOL 1.6x (elevated),0.17999,0.199971,0.574526,1.534834,1.43706,0.088973,False,False,4,0.199971,0.17999
2026-04-20,AMD,reversal,Large,CAUTION,3/5,True,-0.020135,0.030649,0.53,280.6,287.61,272,274.95,34829029.325348,0.8,1.0,False,direction OK; MFE only 0.8 ATR (<1.0); RVOL 1.0x (normal),-0.00704,0.091426,0.091164,0.654807,0.996656,0.038175,False,True,3,0.091426,-0.00704
2026-04-20,AAPL,reversal,Large,CAUTION,3/5,False,0.010062,0.000148,0.43,270.33,274.275,270.29,273.05,36582599.341082,0.01,0.8,False,direction wrong; MFE only 0.0 ATR (<1.0); RVOL 0.8x (normal),0.010362,0.044044,0.041168,0.882644,1.432698,0.023155,False,False,3,0.044044,0.010362
2026-04-20,RKLB,reversal,Medium,CAUTION,3/5,False,0.054331,0.002946,0.9,84.85,90.35,84.6,89.46,28821604.992616,0.05,1.1,False,direction wrong; MFE only 0.0 ATR (<1.0); RVOL 1.1x (normal),0.051126,0.17419,0.191766,0.630863,1.020442,0.060286,False,False,3,0.17419,0.051126
2026-04-20,CRML,reversal,Small,CAUTION,3/5,True,-0.081538,0.113077,0.83,13,13.68,11.53,11.94,25650400.790385,1.15,2.3,True,direction OK; MFE 1.2 ATR; RVOL 2.3x (elevated),-0.047373,0.428896,0.258241,2.216836,9.632639,0.098023,True,True,3,0.428896,-0.047373
2026-04-20,CRDO,reversal,Medium,CAUTION,3/5,False,0.086399,0.002801,1.34,160.65,174.61,160.2,174.53,7465538.986577,0.04,1.0,False,direction wrong; MFE only 0.0 ATR (<1.0); RVOL 1.0x (normal),0.063538,0.007335,0.207896,1.167969,1.012458,0.064677,False,False,3,0.007335,0.063538
2026-04-20,TSLA,reversal,Large,CAUTION,3/5,True,-0.025039,0.035397,0.58,402.58,406.8,388.33,392.5,64598716.632887,0.83,0.9,False,direction OK; MFE only 0.8 ATR (<1.0); RVOL 0.9x (normal),-0.02108,0.1,0.045366,1.04878,1.31968,0.042864,False,True,3,0.1,-0.02108
2026-04-21,IONQ,reversal,Medium,GO,4/5,True,-0.047737,0.059259,0.75,48.6,48.73,45.72,46.28,38375542.077355,0.93,1.3,False,direction OK; MFE only 0.9 ATR (<1.0); RVOL 1.3x (elevated),-0.000414,0.117225,0.218039,1.114887,1.683549,0.063975,False,True,4,0.117225,-0.000414
2026-04-21,CAR,reversal,Medium,GO,5/5,False,0.144183,0.087708,1.62,624,765.94,569.27,713.97,12294557.203767,0.99,3.3,False,direction wrong; MFE only 1.0 ATR (<1.0); RVOL 3.3x (elevated),0.116984,0.538267,0.62743,2.262597,1.613536,0.088768,False,False,5,0.538267,0.116984
2026-04-21,EWY,reversal,ETF,CAUTION,3/5,True,-0.035545,0.038108,0.91,152.2,152.65,146.4,146.79,12931976.132133,0.97,0.6,False,direction OK; MFE only 1.0 ATR (<1.0); RVOL 0.6x (normal),0.017123,0.035675,0.060165,0.372799,0.54533,0.039184,False,True,3,0.035675,0.017123
2026-04-21,MP,reversal,Medium,CAUTION,3/5,False,0.003969,0.004427,0.08,65.5,68.6499,65.21,65.76,6731356.091239,0.09,1.2,False,direction wrong; MFE only 0.1 ATR (<1.0); RVOL 1.2x (elevated),-0.000906,0.112735,0.116757,1.319356,1.621727,0.050457,False,False,3,0.112735,-0.000906
2026-04-21,RKLB,reversal,Medium,CAUTION,3/5,True,-0.04085,0.050703,0.69,90.33,91.95,85.75,86.64,27444419.257857,0.85,1.1,False,direction OK; MFE only 0.9 ATR (<1.0); RVOL 1.1x (normal),0.012855,0.215489,0.165758,1.066616,1.133817,0.059495,False,True,3,0.215489,0.012855
2026-04-23,CAR,bounce,Medium,GO,5/6,False,-0.430007,0.004167,1.88,402.005,403.68,207.64,229.14,17263725.390538,0.02,3.5,False,direction wrong; MFE only 0.0 ATR (<1.0); RVOL 3.5x (elevated),,-0.270795,,4.123496,,0.229276,False,False,5,-0.270795,
2026-05-13,AAOI,reversal,Medium,GO,5/5,False,0.088293,0.064688,0.83,205,233.67,191.7389,223.1,18450375.628249,0.61,1.7,False,direction wrong; MFE only 0.6 ATR (<1.0); RVOL 1.7x (elevated),0.20836,0.195049,0.330658,1.340669,1.478877,0.113109,False,False,5,0.195049,0.20836
2026-05-13,MU,reversal,Large,GO,5/5,True,-0.011714,0.041425,0.19,813.155,814.95,779.47,803.63,54874650.025775,0.68,1.2,False,direction OK; MFE only 0.7 ATR (<1.0); RVOL 1.2x (elevated),0.046897,0.1855,0.189121,1.491699,1.623728,0.063618,False,True,5,0.1855,0.046897
2026-05-13,NVTS,reversal,Medium,GO,5/5,False,0.017299,0.055738,0.14,20.81,21.68,19.6501,21.17,39381219.138675,0.46,0.9,False,direction wrong; MFE only 0.5 ATR (<1.0); RVOL 0.9x (normal),0.107532,0.219126,0.175606,1.267537,1.114695,0.123224,False,False,5,0.219126,0.107532
2026-05-13,RKLB,reversal,Medium,GO,5/5,False,0.002058,0.05654,0.03,123.895,127.24,116.89,124.15,26587749.687234,0.81,1.0,False,direction wrong; MFE only 0.8 ATR (<1.0); RVOL 1.0x (normal),0.071708,0.496055,0.298876,1.015421,1.258417,0.070975,False,False,5,0.496055,0.071708
2026-05-13,SOXL,reversal,ETF,GO,5/5,False,0.002203,0.062964,0.02,183.835,188.488,172.26,184.24,59516152.591991,0.69,0.9,False,direction wrong; MFE only 0.7 ATR (<1.0); RVOL 0.9x (normal),0.074127,0.134254,0.178463,1.828163,1.409638,0.093454,False,False,5,0.134254,0.074127
2026-05-13,WOLF,reversal,Medium,GO,5/5,True,-0.060483,0.120516,0.69,66.63,73.74,58.6,62.6,34277068.80718,1.38,4.9,True,direction OK; MFE 1.4 ATR; RVOL 4.9x (elevated),0.208116,0.189548,0.498645,1.289381,1.755488,0.104923,True,True,5,0.189548,0.208116
2026-05-14,WOLF,reversal,Medium,GO,5/5,False,0.104254,0.050588,1.03,63.355,72.3499,60.15,69.96,18055759.66068,0.5,2.1,False,direction wrong; MFE only 0.5 ATR (<1.0); RVOL 2.1x (elevated),0.088299,0.343348,0.444462,2.223374,4.899803,0.099952,False,False,5,0.343348,0.088299
2026-05-14,AAOI,reversal,Medium,GO,4/5,True,-0.059201,0.079952,0.5,216.38,218.94,199.08,203.57,12104023.944607,0.68,1.1,False,direction OK; MFE only 0.7 ATR (<1.0); RVOL 1.1x (normal),-0.004931,0.497919,0.223812,1.629441,1.66466,0.115916,False,True,4,0.497919,-0.004931
2026-05-14,GLW,reversal,Large,GO,4/5,False,0.024143,0.01485,0.34,203.37,210.5,200.35,208.28,10948517.468541,0.21,0.8,False,direction wrong; MFE only 0.2 ATR (<1.0); RVOL 0.8x (normal),0.007845,0.104686,0.107552,1.097796,1.116217,0.06874,False,False,4,0.104686,0.007845
