signal_date,session,target_date,ticker,bucket,cap,recommendation,score,atr_pct,entry_open,d0_pct,d1_pct,d2_pct,d3_pct,mfe_atr_d0,mfe_atr_3d,mae_atr_3d,adverse_before_fav_atr,days_to_1atr,dir_correct_d0,dir_correct_final,tradeable_d0,tradeable_3d,days_available,complete,episode_id,episode_signal_num,pct_from_9ema,pct_change_3,gap_pct,prior_day_range_atr,prior_day_rvol,premarket_rvol,selloff_total_pct,pct_off_30d_high,pct_off_52wk_high
2026-03-18,evening,2026-03-19,LITE,reversal,Medium,CAUTION,3/5,0.105283,678.985,0.137183,0.040303,0.073588,0.18116,0.13,0.13,1.74,,,False,False,False,False,4,True,LITE_reversal_2026-03-19,1,0.096338,0.054326,0.084627,1.339855,1.571649,0.187718,,,
2026-03-18,evening,2026-03-19,MU,reversal,Large,GO,4/5,0.053251,424.97,0.045415,-0.004871,-0.048521,-0.069275,0.17,1.59,1.43,1.43,2,False,True,False,True,4,True,MU_reversal_2026-03-19,1,0.10337,0.138991,0.012476,0.677978,1.339435,0.098212,,,
2026-03-19,morning,2026-03-19,SNDK,reversal,Large,CAUTION,3/5,0.065862,707.15,0.091833,0.00362,-0.00659,-0.006604,0.33,0.61,1.51,,,False,True,False,False,4,True,SNDK_reversal_2026-03-19,1,0.061943,0.139158,-0.051334,0.964708,1.082064,0.0,,,
2026-03-19,morning,2026-03-19,WDC,reversal,Large,CAUTION,3/5,0.063362,292.07,0.085117,0.003527,0.009313,0.030746,0.16,0.64,1.47,,,False,False,False,False,4,True,WDC_reversal_2026-03-19,1,0.043234,0.119762,-0.028436,1.005969,1.354605,0.0,,,
2026-03-19,evening,2026-03-20,LITE,reversal,Medium,CAUTION,3/5,0.100823,785.49,-0.100752,-0.071981,0.021006,-0.010592,1.32,1.32,0.29,0.02,0,True,True,True,True,4,True,LITE_reversal_2026-03-19,2,0.144814,0.125799,0.06877,0.648654,1.633915,0.046053,,,
2026-03-19,evening,2026-03-20,PL,reversal,Medium,CAUTION,3/5,0.084015,33.55,0.008346,0.008048,-0.051267,0.054247,0.46,0.87,1.24,,,False,False,False,False,4,True,PL_reversal_2026-03-20,1,0.043287,0.000807,0.064087,1.040672,1.493658,0.058012,,,
2026-03-19,evening,2026-03-20,SNDK,reversal,Large,GO,4/5,0.065862,772.7,-0.081519,-0.090863,-0.090876,-0.122738,1.46,2.65,0.1,0.1,0,True,True,True,True,4,True,SNDK_reversal_2026-03-19,2,0.108898,0.139158,-0.009387,0.964708,1.082064,0.063022,,,
2026-03-20,morning,2026-03-20,WDC,reversal,Large,CAUTION,3/5,0.069325,309.515,-0.053035,-0.047574,-0.027349,-0.043213,0.85,1.37,0.35,0.35,1,True,True,False,True,4,True,WDC_reversal_2026-03-19,2,0.080645,0.107334,-0.009308,1.502384,0.987451,0.0,,,
2026-03-20,evening,2026-03-23,SNDK,reversal,Large,CAUTION,3/5,0.074474,716,-0.018869,-0.018883,-0.053268,-0.157584,0.7,2.14,0.61,0.61,2,True,True,False,True,4,True,SNDK_reversal_2026-03-19,3,0.02236,0.097295,-0.082296,1.651872,1.1267,0.038658,,,
2026-03-20,evening,2026-03-23,WDC,reversal,Large,CAUTION,3/5,0.069325,298.61,-0.012793,0.008171,-0.008272,-0.084592,0.75,1.25,0.88,0.88,3,True,True,False,True,4,True,WDC_reversal_2026-03-19,3,0.014786,0.107334,-0.069684,1.502384,0.987451,0.061674,,,
2026-03-24,morning,2026-03-24,PL,reversal,Medium,GO,4/5,0.0963,33.71,-0.05577,0.049244,-0.038861,-0.084545,0.8,0.98,1.03,,,True,True,False,False,4,True,PL_reversal_2026-03-20,2,0.176896,0.36316,-0.005322,1.283699,2.173979,0.000766,,,
2026-03-24,evening,2026-03-25,AXTI,reversal,Medium,CAUTION,3/5,0.109355,67.26,0.001338,-0.130092,-0.098573,-0.216027,0.37,2.44,0.58,0.49,1,False,True,False,True,4,True,AXTI_reversal_2026-03-25,1,0.2566,0.178172,0.016072,0.959345,1.252394,0.056442,,,
2026-03-25,morning,2026-03-25,PL,reversal,Medium,CAUTION,3/5,0.093501,32.4,0.091667,-0.0,-0.047531,-0.139198,0.42,1.7,1.53,1.53,3,False,True,False,True,4,True,PL_reversal_2026-03-20,3,0.120312,0.180638,0.028904,1.624667,1.594065,0.001695,,,
2026-03-26,morning,2026-03-26,AMD,reversal,Large,CAUTION,3/5,0.038881,217.979,-0.065185,-0.073351,-0.100647,-0.066745,1.72,2.96,0.36,0.36,0,True,True,True,True,4,True,AMD_reversal_2026-03-26,1,0.05439,0.094074,-0.017115,1.167173,1.474065,0.002884,,,
2026-03-25,evening,2026-03-26,AXTI,reversal,Medium,CAUTION,3/5,0.114222,65.18,-0.102332,-0.069807,-0.19101,-0.125805,0.96,2.13,0.85,0.85,2,True,True,False,True,4,True,AXTI_reversal_2026-03-25,2,0.163801,0.241704,-0.002227,0.828589,0.763892,0.063877,,,
2026-03-25,evening,2026-03-26,PL,reversal,Medium,CAUTION,3/5,0.092425,34.97,-0.073492,-0.117529,-0.202459,-0.200743,0.88,2.69,0.22,0.22,1,True,True,False,True,4,True,PL_reversal_2026-03-20,4,0.169718,0.045522,0.007351,1.797698,1.626718,0.029722,,,
2026-03-31,morning,2026-03-31,BE,bounce,Medium,CAUTION,4/6,0.116904,123.44,0.097618,0.072991,0.098752,0.093649,0.85,1.26,0.1,0.1,1,True,True,False,True,4,True,BE_bounce_2026-03-31,1,,-0.104928,,1.235041,,,-0.190421,-0.339358,-0.339358
2026-03-30,evening,2026-03-31,FIG,bounce,Medium,CAUTION,4/6,0.088661,20.31,0.040867,0.005416,0.047267,0.054653,0.64,0.77,0.34,,,True,True,False,False,4,True,FIG_bounce_2026-03-31,1,,-0.044097,0.000991,1.012636,,,-0.255814,-0.382589,-0.858942
2026-03-31,morning,2026-03-31,NBIS,bounce,Medium,CAUTION,4/6,0.109872,97.98,0.058992,0.040518,0.110635,0.148602,0.55,1.47,0.21,0.21,2,True,True,False,True,4,True,NBIS_bounce_2026-03-31,1,,-0.129376,,1.24176,,,-0.210576,-0.302646,-0.346137
2026-04-02,morning,2026-04-02,AXTI,bounce,Medium,CAUTION,4/6,0.198012,44.52,0.186882,-0.056828,0.021114,0.194519,0.96,1.47,0.55,0.55,3,True,True,False,True,4,True,AXTI_bounce_2026-04-02,1,,-0.106012,,1.454844,,,-0.272531,-0.340606,-0.340606
2026-04-01,evening,2026-04-02,SNDK,reversal,Medium,CAUTION,3/5,0.088163,642.09,0.092666,0.128549,0.10701,0.216185,0.02,0.02,2.93,,,False,False,False,False,4,True,SNDK_reversal_2026-04-02,1,0.064963,0.124872,0.004663,1.071586,1.185553,0.06723,,,
2026-04-02,morning,2026-04-02,WDC,reversal,Large,CAUTION,3/5,0.086803,278.17,0.060395,0.093396,0.121472,0.217888,0.01,0.01,2.89,,,False,False,False,False,4,True,WDC_reversal_2026-04-02,1,-4.7e-05,0.081318,-0.052833,0.998833,1.455889,0.004266,,,
2026-04-03,evening,2026-04-06,AMD,reversal,Large,CAUTION,3/5,0.047193,219.28,0.004104,0.010261,0.057187,0.079168,0.15,0.38,1.72,,,False,False,False,False,4,True,AMD_reversal_2026-04-06,1,0.050852,0.109467,0.0,1.67177,1.126969,0.0,,,
2026-04-02,evening,2026-04-06,LITE,reversal,Medium,CAUTION,3/5,0.097549,828.48,-0.067835,-0.015365,0.081523,0.079242,0.76,0.76,1.63,,,True,False,False,False,4,True,LITE_reversal_2026-04-06,1,0.121232,0.262817,0.000738,1.483202,1.052316,0.064957,,,
2026-04-03,evening,2026-04-06,PL,reversal,Medium,CAUTION,3/5,0.115289,35.92,-0.025056,-0.02088,0.017539,-0.047049,0.41,0.76,0.55,,,True,True,False,False,4,True,PL_reversal_2026-04-06,1,0.151493,0.286483,0.0,1.59553,1.440506,0.0,,,
2026-04-02,evening,2026-04-06,SNDK,reversal,Large,CAUTION,3/5,0.088913,720.34,0.005956,-0.013244,0.084071,0.182178,0.15,0.51,2.1,,,False,False,False,False,4,True,SNDK_reversal_2026-04-02,2,0.056969,0.225485,-0.000983,1.064039,0.91204,0.063158,,,
2026-04-02,evening,2026-04-06,WDC,reversal,Large,CAUTION,3/5,0.083798,303.18,0.003199,0.02896,0.117422,0.114453,0.16,0.29,1.76,,,False,False,False,False,4,True,WDC_reversal_2026-04-02,2,0.035055,0.172051,-0.001317,0.816411,0.86852,0.051471,,,
2026-04-06,evening,2026-04-07,AXTI,bounce,Medium,GO,6/6,0.231908,42.7,0.064637,0.245433,0.47822,0.503044,0.3,2.43,0.1,0.1,1,True,True,False,True,4,True,AXTI_bounce_2026-04-02,2,,-0.263075,-0.065765,1.119345,,,-0.285884,-0.412644,-0.412644
2026-04-07,evening,2026-04-08,AVGO,reversal,Large,CAUTION,3/5,0.03536,351.75,-0.003184,0.008984,0.05629,0.079602,0.74,0.74,2.34,,,True,False,False,False,4,True,AVGO_reversal_2026-04-08,1,0.061049,0.065329,0.005929,1.039641,1.246852,0.078276,,,
2026-04-07,evening,2026-04-08,CAR,reversal,Medium,GO,4/5,0.069442,248,0.053831,0.197903,0.209435,0.496008,1.22,1.22,7.23,1.42,0,False,False,False,True,4,True,CAR_reversal_2026-04-08,1,0.424008,0.500265,0.001724,2.670074,4.666539,0.143357,,,
2026-04-07,evening,2026-04-08,STX,reversal,Large,CAUTION,3/5,0.068383,503.195,-0.013702,-0.004819,-0.000129,0.020042,0.45,0.45,0.41,,,True,False,False,False,4,True,STX_reversal_2026-04-08,1,0.107309,0.107771,0.003776,0.741256,1.050004,0.108294,,,
2026-04-20,morning,2026-04-20,AAPL,reversal,Large,CAUTION,3/5,0.02271,270.33,0.010062,-0.015389,0.010506,0.011467,0.01,0.8,0.89,,,False,False,False,False,4,True,AAPL_reversal_2026-04-20,1,0.044518,0.044044,0.013507,0.897139,1.389642,0.028896,,,
2026-04-20,morning,2026-04-20,AMD,reversal,Large,CAUTION,3/5,0.036923,280.6,-0.020135,0.013863,0.081468,0.088133,0.83,0.83,2.86,,,True,False,False,False,4,True,AMD_reversal_2026-04-20,1,0.09268,0.091426,-0.005711,0.67611,0.992099,0.054072,,,
2026-04-20,morning,2026-04-20,CAR,reversal,Medium,CAUTION,3/5,0.105844,491.26,0.239262,0.453344,-0.096324,-0.533567,0.29,5.45,6.86,6.86,2,False,True,False,True,4,True,CAR_reversal_2026-04-20,1,0.373384,0.199971,0.029239,1.479163,1.354962,0.02989,,,
2026-04-20,morning,2026-04-20,CRML,reversal,Small,CAUTION,3/5,0.104363,13,-0.081538,-0.204615,-0.087692,-0.181538,1.08,1.96,0.5,0.5,0,True,True,True,True,4,True,CRML_reversal_2026-04-20,1,0.256923,0.428896,-0.048567,2.084777,6.679332,0.220404,,,
2026-04-20,morning,2026-04-20,IONQ,reversal,Medium,GO,4/5,0.064233,45.34,0.065726,0.020732,0.044552,-0.037715,0.08,1.17,1.3,1.3,3,False,True,False,True,4,True,IONQ_reversal_2026-04-20,1,0.23076,0.28887,0.000868,1.015838,1.722134,0.076159,,,
2026-04-20,morning,2026-04-20,RKLB,reversal,Medium,CAUTION,3/5,0.059793,84.85,0.054331,0.021096,0.061167,-0.002946,0.05,0.65,1.63,,,False,True,False,False,4,True,RKLB_reversal_2026-04-20,1,0.191588,0.17419,0.051061,0.636103,1.025427,0.043377,,,
2026-04-20,morning,2026-04-20,TSLA,reversal,Large,CAUTION,3/5,0.042216,402.58,-0.025039,-0.040141,-0.037434,-0.071688,0.84,2.01,0.25,0.25,1,True,True,False,True,4,True,TSLA_reversal_2026-04-20,1,0.052202,0.1,-0.014727,1.057996,1.297426,0.035224,,,
2026-04-20,evening,2026-04-21,AAPL,reversal,Large,CAUTION,3/5,0.023155,271.5,-0.019632,0.006151,0.007109,-0.001621,0.97,0.97,0.68,,,True,True,False,False,4,True,AAPL_reversal_2026-04-20,2,0.041168,0.044044,0.010362,0.882644,1.432698,0.029791,,,
2026-04-20,evening,2026-04-21,AMD,reversal,Large,CAUTION,3/5,0.038175,277.33,0.025818,0.09422,0.100963,0.254138,0.07,0.07,7.15,,,False,False,False,False,4,True,AMD_reversal_2026-04-20,2,0.091164,0.091426,-0.00704,0.654807,0.996656,0.05432,,,
2026-04-21,morning,2026-04-21,CAR,reversal,Medium,GO,5/5,0.088768,624,0.144183,-0.288558,-0.632788,-0.673077,0.99,7.61,4.04,4.04,1,False,True,False,True,4,True,CAR_reversal_2026-04-20,2,0.62743,0.538267,0.116984,2.262597,1.613536,0.0,,,
2026-04-20,evening,2026-04-21,CRDO,reversal,Medium,CAUTION,3/5,0.064677,179.7,0.020145,0.05448,0.032499,0.085364,0.44,0.44,1.66,,,False,False,False,False,4,True,CRDO_reversal_2026-04-21,1,0.207896,0.007335,0.063538,1.167969,1.012458,0.045837,,,
2026-04-20,evening,2026-04-21,CRML,reversal,Small,CAUTION,3/5,0.098023,11.54,-0.103986,0.02773,-0.07799,-0.0026,1.06,1.06,0.28,0.01,0,True,True,True,True,4,True,CRML_reversal_2026-04-20,2,0.258241,0.428896,-0.047373,2.216836,9.632639,0.317857,,,
2026-04-21,morning,2026-04-21,EWY,reversal,ETF,CAUTION,3/5,0.039184,152.2,-0.035545,0.023653,-0.010578,0.015572,0.97,0.97,0.63,,,True,False,False,False,4,True,EWY_reversal_2026-04-21,1,0.060165,0.035675,0.017123,0.372799,0.54533,0.0,,,
2026-04-21,morning,2026-04-21,IONQ,reversal,Medium,GO,4/5,0.063975,48.6,-0.047737,-0.025514,-0.102263,-0.121605,0.93,2.36,0.17,0.17,2,True,True,False,True,4,True,IONQ_reversal_2026-04-20,2,0.218039,0.117225,-0.000414,1.114887,1.683549,0.0,,,
2026-04-21,morning,2026-04-21,MP,reversal,Medium,CAUTION,3/5,0.050457,65.5,0.003969,0.056336,-0.033282,-0.072824,0.09,1.49,1.19,1.19,3,False,True,False,True,4,True,MP_reversal_2026-04-21,1,0.116757,0.112735,-0.000906,1.319356,1.621727,0.0,,,
2026-04-21,morning,2026-04-21,RKLB,reversal,Medium,CAUTION,3/5,0.059495,90.33,-0.04085,-0.00321,-0.063434,-0.117901,0.85,2.09,0.52,0.52,2,True,True,False,True,4,True,RKLB_reversal_2026-04-20,2,0.165758,0.215489,0.012855,1.066616,1.133817,0.0,,,
2026-04-20,evening,2026-04-21,TSLA,reversal,Large,CAUTION,3/5,0.042864,393,-0.016743,-0.013969,-0.049059,-0.042494,0.46,1.46,0.06,0.06,2,True,True,False,True,4,True,TSLA_reversal_2026-04-20,2,0.045366,0.1,-0.02108,1.04878,1.31968,0.035828,,,
2026-04-23,morning,2026-04-23,CAR,bounce,Medium,GO,5/6,0.229276,402.005,-0.430007,-0.492544,-0.534658,-0.547257,0.02,0.02,2.43,,,False,False,False,False,4,True,CAR_bounce_2026-04-23,1,,-0.270795,,4.123496,,,-0.288558,-0.476301,-0.476301
2026-04-28,evening,2026-04-29,CAR,bounce,Medium,CAUTION,4/6,0.636993,157.16,0.152647,0.149593,0.180644,0.070851,0.33,0.48,0.02,,,True,True,False,False,4,True,CAR_bounce_2026-04-29,1,,-0.205704,-0.002994,0.207959,,,-0.708325,-0.785295,-0.785295
2026-04-30,morning,2026-04-30,BE,reversal,Medium,GO,4/5,0.07,295.73,-0.041829,-0.017617,-0.023975,-0.001623,1.65,1.65,0.35,0.04,0,True,True,True,True,4,True,BE_reversal_2026-04-30,1,0.262924,0.245707,0.027538,1.112342,1.950053,0.017226,,,
2026-04-29,evening,2026-04-30,CAR,bounce,Medium,CAUTION,4/6,0.633533,179.25,0.007922,0.035146,-0.061116,-0.106834,0.23,0.23,0.18,,,True,False,False,False,4,True,CAR_bounce_2026-04-29,2,,-0.115343,-0.136507,0.201427,,,-0.710785,-0.787106,-0.787106
2026-04-30,morning,2026-04-30,INTC,reversal,Large,GO,5/5,0.052318,95.6,-0.011715,0.04205,0.001883,0.131276,0.82,0.82,2.98,,,True,False,False,False,4,True,INTC_reversal_2026-04-30,1,0.225364,0.147928,0.012661,1.808791,1.824775,0.033409,,,
2026-04-30,morning,2026-04-30,MXL,reversal,Medium,GO,5/5,0.09228,69.515,0.017766,0.110264,0.123786,0.174998,0.54,0.54,2.48,,,False,False,False,False,4,True,MXL_reversal_2026-04-30,1,0.556089,0.119363,0.069757,2.526485,3.833995,0.054893,,,
2026-04-30,morning,2026-04-30,SIMO,reversal,Medium,GO,4/5,0.05198,226.53,-0.034212,0.035271,0.002781,0.052443,2.39,2.39,1.87,0.24,0,True,False,True,True,4,True,SIMO_reversal_2026-04-30,1,0.430424,0.417307,0.039936,2.141691,7.179388,0.074578,,,
2026-05-01,morning,2026-05-01,INTC,reversal,Large,GO,4/5,0.055441,93.2,0.068884,0.027682,0.160408,0.212554,0.11,0.11,3.93,,,False,False,False,False,4,True,INTC_reversal_2026-04-30,2,0.134955,0.11166,-0.020508,0.816662,1.183663,0.007424,,,
2026-05-01,morning,2026-05-01,SIMO,reversal,Medium,GO,4/5,0.065026,212,0.106226,0.071509,0.124575,0.155425,0.15,0.15,2.65,,,False,False,False,False,4,True,SIMO_reversal_2026-04-30,2,0.233436,0.482852,-0.040132,2.264089,2.329705,0.002812,,,
2026-05-01,morning,2026-05-01,STX,reversal,Large,GO,4/5,0.053433,667.01,0.089834,0.10724,0.15592,0.179023,0.1,0.1,3.51,,,False,False,False,False,4,True,STX_reversal_2026-05-01,1,0.099877,0.130534,-0.020916,1.179707,1.631647,0.005344,,,
2026-05-04,morning,2026-05-04,INTC,reversal,Large,GO,4/5,0.055225,99.18,-0.034281,0.090442,0.139443,0.105263,0.65,0.65,2.8,,,True,False,False,False,4,True,INTC_reversal_2026-04-30,3,0.157376,0.178656,-0.010681,1.440439,1.152797,0.022917,,,
2026-05-04,morning,2026-05-04,SIMO,reversal,Medium,GO,4/5,0.063456,239.25,-0.050533,-0.003511,0.023824,0.014462,1.12,1.12,0.82,0.31,0,True,False,True,True,4,True,SIMO_reversal_2026-04-30,3,0.310695,0.572061,0.023367,1.641566,1.600044,0.00924,,,
2026-05-04,morning,2026-05-04,SNDK,reversal,Large,GO,5/5,0.057841,1222.18,0.027557,0.150665,0.15366,0.096369,0.24,0.24,3.08,,,False,False,False,False,4,True,SNDK_reversal_2026-05-04,1,0.158572,0.184217,0.017254,2.022273,1.529801,0.046289,,,
2026-05-04,morning,2026-05-04,SOXL,reversal,ETF,GO,4/5,0.070762,132.195,-0.035137,0.09051,0.254586,0.150573,0.9,0.9,3.61,,,True,False,False,False,4,True,SOXL_reversal_2026-05-04,1,0.12521,0.190215,0.001074,1.052256,0.54235,0.057872,,,
2026-05-04,morning,2026-05-04,STX,reversal,Large,GO,5/5,0.051746,742.16,-0.004878,0.038873,0.059637,0.032715,0.34,0.34,1.3,,,True,False,False,False,4,True,STX_reversal_2026-05-01,2,0.190186,0.255427,0.023482,1.680569,1.795576,0.05235,,,
2026-05-05,morning,2026-05-05,MU,reversal,Large,GO,5/5,0.051964,609.775,0.049895,0.093174,0.06044,0.22473,0.14,0.14,4.34,,,False,False,False,False,4,True,MU_reversal_2026-05-05,1,0.229266,0.11185,0.105959,1.057658,1.166807,0.109817,,,
2026-05-05,morning,2026-05-05,NBIS,reversal,Medium,GO,4/5,0.071527,171.65,0.024876,0.136557,0.076435,0.031459,0.24,0.24,2.14,,,False,False,False,False,4,True,NBIS_reversal_2026-05-05,1,0.150665,0.249522,-0.004094,1.567582,1.480498,0.062285,,,
2026-05-05,morning,2026-05-05,SNDK,reversal,Large,GO,5/5,0.05581,1289.01,0.091008,0.093847,0.039526,0.212046,0.04,0.04,3.82,,,False,False,False,False,4,True,SNDK_reversal_2026-05-04,2,0.266886,0.180087,0.094469,0.913952,1.140445,0.05929,,,
2026-05-06,morning,2026-05-06,INTC,reversal,Large,GO,5/5,0.056408,110.975,0.018337,-0.01221,0.125659,0.166389,0.7,0.7,3.48,,,False,False,False,False,4,True,INTC_reversal_2026-04-30,4,0.233191,0.144687,0.042811,1.634798,1.404199,0.039661,,,
2026-05-06,morning,2026-05-06,MU,reversal,Large,GO,5/5,0.04952,660.37,0.009419,-0.020807,0.130896,0.20437,1.0,1.0,4.84,0.22,0,False,False,False,True,4,True,MU_reversal_2026-05-05,2,0.232177,0.237915,0.044986,1.396668,1.628651,0.045744,,,
2026-05-06,morning,2026-05-06,SNDK,reversal,Large,GO,5/5,0.053518,1437.4,-0.019076,-0.067789,0.086921,0.076638,1.34,1.88,2.11,0.03,0,True,False,True,True,4,True,SNDK_reversal_2026-05-04,3,0.27216,0.282542,0.039586,1.696653,1.320227,0.04584,,,
2026-05-06,morning,2026-05-06,SOXL,reversal,ETF,GO,5/5,0.065467,157.84,0.050748,-0.036366,0.121009,0.206412,0.85,0.99,3.24,,,False,False,False,False,4,True,SOXL_reversal_2026-05-04,2,0.304733,0.135297,0.117647,1.255213,0.732268,0.078925,,,
2026-05-06,morning,2026-05-06,STX,reversal,Large,GO,5/5,0.050174,768.8,0.022919,-0.00307,0.018002,0.08482,0.41,0.69,1.88,,,False,False,False,False,4,True,STX_reversal_2026-05-01,3,0.16739,0.144543,0.018145,1.000972,1.475406,0.01666,,,
2026-05-11,morning,2026-05-11,AMD,reversal,Large,GO,5/5,0.057886,460.55,-0.003822,-0.02662,-0.032678,-0.023559,0.36,1.29,0.33,0.33,1,True,True,False,True,4,True,AMD_reversal_2026-05-11,1,0.215028,0.281287,0.020233,1.413572,1.274297,0.029237,,,
2026-05-11,morning,2026-05-11,CRWD,reversal,Large,GO,4/5,0.039582,523.78,0.035282,0.042766,0.074058,0.10724,0.09,0.09,2.89,,,False,False,False,False,4,True,CRWD_reversal_2026-05-11,1,0.083057,0.107527,-0.014722,1.777482,1.303439,0.003042,,,
2026-05-11,morning,2026-05-11,GLW,reversal,Large,GO,5/5,0.061391,194,0.069021,0.021856,0.064485,0.073608,0.2,0.48,1.49,,,False,False,False,False,4,True,GLW_reversal_2026-05-11,1,0.118428,0.153239,0.032417,1.119968,1.737113,0.022044,,,
2026-05-11,morning,2026-05-11,INTC,reversal,Large,GO,5/5,0.060664,130.88,-0.011002,-0.078469,-0.080914,-0.114227,0.88,2.23,0.24,0.24,1,True,True,False,True,4,True,INTC_reversal_2026-04-30,5,0.254758,0.155062,0.042747,2.375307,1.606724,0.056057,,,
2026-05-11,morning,2026-05-11,MU,reversal,Large,GO,5/5,0.053742,792.98,0.002964,-0.033292,0.01343,-0.0214,0.59,2.03,0.6,0.6,1,False,True,False,True,4,True,MU_reversal_2026-05-05,3,0.265728,0.166526,0.044249,1.694067,1.580158,0.065702,,,
2026-05-11,morning,2026-05-11,RKLB,reversal,Medium,GO,4/5,0.073144,105.27,0.114753,0.116747,0.179348,0.259143,0.16,0.16,3.62,,,False,False,False,False,4,True,RKLB_reversal_2026-05-11,1,0.224757,0.339132,-0.007301,2.578949,3.684837,0.047383,,,
2026-05-11,morning,2026-05-11,SNDK,reversal,Large,GO,4/5,0.064575,1586.25,-0.024391,-0.084621,-0.087641,-0.128309,0.7,2.19,0.13,0.13,1,True,True,False,True,4,True,SNDK_reversal_2026-05-04,4,0.202387,0.110942,-0.002791,1.718383,1.275164,0.038823,,,
2026-05-11,morning,2026-05-11,SOXL,reversal,ETF,GO,4/5,0.077825,181,0.052044,-0.046851,0.017901,0.028674,0.15,2.16,0.73,0.73,1,False,False,False,True,4,True,SOXL_reversal_2026-05-04,3,0.246366,0.227386,0.015599,1.143355,0.714801,0.037671,,,
2026-05-12,morning,2026-05-12,GLW,reversal,Large,GO,4/5,0.063809,204.34,-0.029852,0.01062,0.019282,-0.061319,1.23,1.23,0.57,0.08,0,True,True,True,True,4,True,GLW_reversal_2026-05-11,2,0.131071,0.142204,-0.020879,1.332085,1.80833,0.026092,,,
2026-05-12,morning,2026-05-12,INTC,reversal,Large,GO,4/5,0.06804,124.36,-0.030154,-0.032728,-0.067787,-0.125362,1.11,2.29,0.41,0.41,0,True,True,True,True,4,True,INTC_reversal_2026-04-30,6,0.13163,0.145385,-0.047607,1.052713,1.209792,0.018571,,,
2026-05-12,morning,2026-05-12,MU,reversal,Large,GO,4/5,0.059716,774.7,-0.010481,0.037343,0.001691,-0.064593,1.47,1.47,0.87,0.17,0,True,True,True,True,4,True,MU_reversal_2026-05-05,4,0.178011,0.193132,-0.034326,1.104792,1.665505,0.023153,,,
2026-05-12,morning,2026-05-12,NVTS,reversal,Medium,GO,4/5,0.118636,21.72,-0.11372,-0.025322,0.027624,-0.018416,1.18,1.18,0.65,0.11,0,True,True,True,True,4,True,NVTS_reversal_2026-05-12,1,0.197313,0.357914,-0.056071,2.243312,1.862263,0.008769,,,
2026-05-12,morning,2026-05-12,RKLB,reversal,Medium,GO,4/5,0.076981,112.76,0.042568,0.101011,0.175505,0.106509,0.04,0.04,2.35,,,False,False,False,False,4,True,RKLB_reversal_2026-05-11,2,0.221763,0.386297,-0.04363,2.307981,2.21276,0.016964,,,
2026-05-14,morning,2026-05-14,AAOI,reversal,Medium,GO,4/5,0.117504,216.38,-0.059201,-0.120251,-0.199279,-0.208199,0.68,2.21,0.1,0.1,1,True,True,False,True,4,True,AAOI_reversal_2026-05-14,1,0.207274,0.497919,-0.018377,1.629441,1.66466,0.0,,,
2026-05-14,morning,2026-05-14,GLW,reversal,Large,GO,4/5,0.070211,203.37,0.024143,-0.056842,-0.122044,-0.135418,0.21,2.35,0.5,0.5,2,False,True,False,True,4,True,GLW_reversal_2026-05-11,3,0.084351,0.104686,-0.013268,1.097796,1.116217,0.0,,,
2026-05-13,evening,2026-05-14,MU,reversal,Large,GO,5/5,0.061341,787.62,-0.014741,-0.079937,-0.134684,-0.112846,0.25,2.8,0.5,0.5,1,True,True,False,True,4,True,MU_reversal_2026-05-05,5,0.187447,0.1855,0.045423,1.549245,1.662545,0.10124,,,
2026-05-13,evening,2026-05-14,NVTS,reversal,Medium,GO,5/5,0.12137,21.14,0.055818,0.008515,-0.069536,-0.080889,0.29,1.42,0.88,0.88,3,False,True,False,True,4,True,NVTS_reversal_2026-05-12,2,0.173125,0.219126,0.105195,1.289627,1.15585,0.077325,,,
2026-05-13,evening,2026-05-14,RKLB,reversal,Medium,GO,5/5,0.07012,123.1,0.076767,0.013566,0.065475,0.0342,0.21,0.91,1.77,,,False,False,False,False,4,True,RKLB_reversal_2026-05-11,3,0.297742,0.496055,0.070772,1.028694,1.285748,0.080094,,,
2026-05-13,evening,2026-05-14,SOXL,reversal,ETF,GO,5/5,0.091833,182.67,0.01927,-0.101221,-0.169267,-0.168501,0.26,2.84,0.41,0.41,1,False,True,False,True,4,True,SOXL_reversal_2026-05-04,4,0.174053,0.134254,0.070108,1.867431,1.442881,0.105599,,,
2026-05-14,morning,2026-05-14,WOLF,reversal,Medium,GO,5/5,0.101634,63.355,0.104254,-0.019335,-0.063215,-0.071423,0.5,1.28,1.4,1.4,2,False,True,False,True,4,True,WOLF_reversal_2026-05-14,1,0.420556,0.343348,0.070288,2.223374,4.899803,0.0,,,
2026-05-14,evening,2026-05-15,GLW,reversal,Large,GO,4/5,0.06874,198.11,-0.031801,-0.098733,-0.112463,-0.087931,0.46,2.08,0.2,0.2,1,True,True,False,True,4,True,GLW_reversal_2026-05-11,4,0.107552,0.104686,0.007845,1.097796,1.116217,0.044154,,,
2026-05-14,evening,2026-05-15,NBIS,reversal,Medium,GO,5/5,0.076149,217.61,0.010707,-0.081568,-0.091356,-0.118515,0.35,2.09,0.67,0.67,1,False,True,False,True,4,True,NBIS_reversal_2026-05-15,1,0.254295,0.170686,0.09671,1.290605,2.577577,0.062175,,,
2026-05-15,morning,2026-05-15,POET,reversal,Medium,GO,4/5,0.121732,18.322,-0.12837,-0.22443,-0.28665,-0.19332,1.07,2.92,0.87,0.87,0,True,True,True,True,4,True,POET_reversal_2026-05-15,1,0.495173,0.479856,-0.02771,1.406371,2.117478,0.0,,,
2026-05-14,evening,2026-05-15,RKLB,reversal,Medium,GO,4/5,0.068034,128.1,-0.025995,0.023888,-0.006167,0.048244,0.72,1.48,1.18,1.18,2,True,False,False,True,4,True,RKLB_reversal_2026-05-11,4,0.283176,0.177112,0.058679,1.157446,0.978457,0.030725,,,
2026-05-15,morning,2026-05-15,WOLF,reversal,Medium,GO,4/5,0.112431,62.8,-0.010669,-0.054936,-0.063217,-0.066561,0.47,1.28,0.95,0.95,1,True,True,False,True,4,True,WOLF_reversal_2026-05-14,2,0.256677,0.390578,-0.070898,1.669382,2.111157,0.0,,,
2026-05-15,evening,2026-05-18,NBIS,reversal,Medium,GO,4/5,0.079369,217.47,-0.080977,-0.090771,-0.117947,0.011312,1.59,2.0,0.54,0.03,0,True,False,True,True,4,True,NBIS_reversal_2026-05-15,2,0.186015,0.18834,0.014741,1.458633,1.84001,0.05702,,,
2026-05-18,morning,2026-05-18,POET,reversal,Medium,GO,4/5,0.124699,17.02,-0.1651,-0.23208,-0.13161,-0.12926,1.74,2.45,0.07,0.07,0,True,True,True,True,4,True,POET_reversal_2026-05-15,2,0.282466,0.163146,0.115842,1.946326,1.458628,0.0,,,
2026-05-15,evening,2026-05-18,WOLF,reversal,Medium,GO,4/5,0.11409,63.54,-0.065943,-0.074127,-0.077432,0.093799,1.16,1.35,1.19,0.82,0,True,False,True,True,4,True,WOLF_reversal_2026-05-14,3,0.238407,0.390578,-0.084405,1.669382,2.111157,0.038594,,,
2026-05-22,morning,2026-05-22,ARM,reversal,Large,GO,4/5,0.06908,290.075,0.056658,0.107369,0.043558,0.155805,0.09,0.09,2.96,,,False,False,False,False,4,True,ARM_reversal_2026-05-22,1,0.224758,0.386343,-0.017537,1.61558,1.790341,0.0,,,
2026-05-22,morning,2026-05-22,RGTI,reversal,Medium,GO,4/5,0.086328,22.96,0.150697,0.091681,0.0723,0.177265,0.15,0.15,2.43,,,False,False,False,False,4,True,RGTI_reversal_2026-05-22,1,0.25113,0.326113,0.049002,1.853807,5.498249,0.0,,,
2026-05-26,morning,2026-05-26,ARM,reversal,Large,GO,4/5,0.066295,315.71,0.017453,-0.041177,0.061956,0.119033,0.75,0.75,1.95,,,False,False,False,False,4,True,ARM_reversal_2026-05-22,2,0.249571,0.37356,0.030146,1.279828,1.130179,0.0,,,
2026-05-22,evening,2026-05-26,IONQ,reversal,Medium,GO,5/5,0.085945,64.3,-0.010575,0.017107,0.090824,0.12084,0.76,0.83,1.42,,,True,False,False,False,4,True,IONQ_reversal_2026-05-26,1,0.191711,0.194281,0.07115,1.326219,2.011832,0.104133,,,
2026-05-26,morning,2026-05-26,NVTS,reversal,Medium,GO,4/5,0.099649,31.355,0.013873,-0.078935,-0.090735,-0.15165,0.24,1.69,0.79,0.79,2,False,True,False,True,4,True,NVTS_reversal_2026-05-26,1,0.375892,0.505404,0.072137,1.628804,1.407821,0.0,,,
2026-05-26,morning,2026-05-26,QCOM,reversal,Large,GO,4/5,0.081654,240.715,0.033671,-0.030389,0.010697,0.04281,0.25,0.84,0.98,,,False,False,False,False,4,True,QCOM_reversal_2026-05-26,1,0.159226,0.217525,0.023892,1.447912,0.951296,0.0,,,
2026-05-26,morning,2026-05-26,RGTI,reversal,Medium,GO,4/5,0.087575,26.01,-0.036332,-0.053441,0.039216,-0.01807,1.01,1.05,0.69,0.25,0,True,True,True,True,4,True,RGTI_reversal_2026-05-22,2,0.316561,0.655388,0.0,2.216702,6.192801,0.0,,,
2026-05-26,morning,2026-05-26,WOLF,reversal,Medium,GO,4/5,0.136977,77.78,-0.055027,-0.18668,-0.163667,-0.23785,0.66,2.0,0.27,0.27,1,True,True,False,True,4,True,WOLF_reversal_2026-05-26,1,0.218947,0.187999,0.065961,1.229819,1.100726,0.0,,,
2026-05-27,morning,2026-05-27,AMD,reversal,Large,GO,4/5,0.063835,508,-0.024528,0.019862,0.015945,0.004193,0.66,0.66,0.59,,,True,False,False,False,4,True,AMD_reversal_2026-05-27,1,0.129132,0.12581,0.011133,0.82186,0.908772,0.0,,,
2026-05-26,evening,2026-05-27,ARM,reversal,Large,GO,5/5,0.066011,320.535,-0.05561,0.04597,0.102189,0.275524,0.93,0.93,4.78,,,True,False,False,False,4,True,ARM_reversal_2026-05-22,3,0.254933,0.37356,0.034567,1.279828,1.130179,0.068722,,,
2026-05-26,evening,2026-05-27,CRDO,reversal,Medium,GO,4/5,0.084937,224.13,-0.012939,-0.007942,0.053094,0.00879,0.74,0.74,1.0,,,True,False,False,False,4,True,CRDO_reversal_2026-05-27,1,0.159346,0.292443,0.004579,1.259931,1.399574,0.088621,,,
2026-05-27,morning,2026-05-27,MRVL,reversal,Large,GO,5/5,0.061895,217.98,-0.088448,-0.060327,-0.059547,0.006652,1.61,1.73,0.53,0.02,0,True,False,True,True,4,True,MRVL_reversal_2026-05-27,1,0.180441,0.114882,0.060885,1.273113,1.812957,0.0,,,
2026-05-27,morning,2026-05-27,MU,reversal,Large,GO,5/5,0.070953,955.66,-0.028514,-0.033631,0.016052,0.083544,1.0,1.0,1.35,,,True,False,False,False,4,True,MU_reversal_2026-05-27,1,0.224712,0.223897,0.041468,1.457749,1.505916,0.0,,,
2026-05-26,evening,2026-05-27,NOK,reversal,Medium,GO,5/5,0.06002,16,-0.02,-0.045,-0.0725,0.015625,0.48,1.53,0.54,0.05,2,True,False,False,True,4,True,NOK_reversal_2026-05-27,1,0.160534,0.131675,0.056231,1.228696,1.074617,0.177249,,,
2026-05-26,evening,2026-05-27,NVTS,reversal,Medium,GO,5/5,0.09976,31.81,-0.092109,-0.103741,-0.163785,-0.218485,1.09,2.59,0.04,0.04,0,True,True,True,True,4,True,NVTS_reversal_2026-05-26,2,0.374356,0.505404,0.07094,1.628804,1.407821,0.095186,,,
2026-05-27,morning,2026-05-27,PL,reversal,Medium,GO,4/5,0.077679,50.1,0.007585,0.025948,0.020758,-0.072655,0.77,1.37,0.43,0.43,2,False,True,False,True,4,True,PL_reversal_2026-05-27,1,0.2327,0.132677,0.103477,1.272387,1.90416,0.0,,,
2026-05-27,morning,2026-05-27,QCOM,reversal,Large,GO,4/5,0.07898,245.43,-0.049016,-0.008719,0.022776,-0.066984,1.1,1.1,0.75,0.15,0,True,True,True,True,4,True,QCOM_reversal_2026-05-26,2,0.155246,0.22868,0.012378,1.115854,0.958508,0.0,,,
2026-05-26,evening,2026-05-27,RGTI,reversal,Medium,GO,4/5,0.094079,24.625,-0.000203,0.097665,0.037157,0.040812,0.43,0.43,1.28,,,True,False,False,False,4,True,RGTI_reversal_2026-05-22,3,0.224621,0.655388,-0.069833,2.216702,6.192801,0.255647,,,
2026-05-27,morning,2026-05-27,WDC,reversal,Large,GO,4/5,0.059572,538.97,-0.01553,-0.014453,-0.014398,0.013414,0.54,0.63,0.78,,,True,False,False,False,4,True,WDC_reversal_2026-05-27,1,0.096489,0.141486,0.012103,1.12604,0.944506,0.0,,,
2026-05-27,evening,2026-05-28,AMD,reversal,Large,GO,4/5,0.065459,499,0.038257,0.034269,0.022305,0.04517,0.17,0.37,0.86,,,False,False,False,False,4,True,AMD_reversal_2026-05-27,2,0.10112,0.12581,-0.013951,0.82186,0.908772,0.052584,,,
2026-05-28,morning,2026-05-28,APP,reversal,Large,GO,5/5,0.065479,562.16,0.067116,0.090597,0.091682,0.077327,0.05,0.05,1.63,,,False,False,False,False,4,True,APP_reversal_2026-05-28,1,0.138091,0.168639,0.010866,1.779427,1.726099,0.0,,,
2026-05-28,morning,2026-05-28,MU,reversal,Large,GO,4/5,0.074288,929.83,-0.006786,0.044277,0.113644,0.144403,0.36,0.36,2.12,,,True,False,False,False,4,True,MU_reversal_2026-05-27,2,0.154485,0.218226,-0.011223,0.997278,1.374044,0.0,,,
2026-05-27,evening,2026-05-28,SNDK,reversal,Large,GO,4/5,0.08014,1596.31,0.028397,0.061811,0.103439,0.075205,0.28,0.28,1.62,,,False,False,False,False,4,True,SNDK_reversal_2026-05-28,1,0.086447,0.141459,-0.002746,0.958311,0.851953,0.067436,,,
2026-05-27,evening,2026-05-28,STX,reversal,Large,GO,5/5,0.054338,889.515,-0.009887,-0.010922,0.035688,0.041703,0.49,0.49,1.33,,,True,False,False,False,4,True,STX_reversal_2026-05-28,1,0.109614,0.126073,0.04062,0.955075,0.716172,0.05947,,,
2026-05-27,evening,2026-05-28,WDC,reversal,Large,GO,5/5,0.059195,540.505,-0.017252,-0.017197,0.010536,0.041803,0.41,0.68,0.96,,,True,False,False,False,4,True,WDC_reversal_2026-05-27,2,0.103468,0.141486,0.018546,1.12604,0.944506,0.066377,,,
2026-05-29,morning,2026-05-29,AMD,reversal,Large,GO,4/5,0.056658,520.8,-0.009025,-0.020488,0.001421,0.041705,0.59,1.15,0.87,0.04,1,True,False,False,True,4,True,AMD_reversal_2026-05-27,3,0.113437,0.10819,0.013723,1.131845,0.767224,0.0,,,
2026-05-28,evening,2026-05-29,APP,reversal,Large,GO,5/5,0.062746,601.47,0.019319,0.020334,0.006916,-0.050942,0.56,0.97,0.54,,,False,True,False,False,4,True,APP_reversal_2026-05-28,2,0.187659,0.168639,0.054893,1.779427,1.726099,0.028514,,,
2026-05-28,evening,2026-05-29,MU,reversal,Large,GO,4/5,0.073196,957,0.014629,0.082027,0.111912,0.128077,0.24,0.24,1.89,,,False,False,False,False,4,True,MU_reversal_2026-05-27,3,0.171702,0.218226,0.003522,0.997278,1.374044,0.068671,,,
2026-05-29,morning,2026-05-29,SNDK,reversal,Large,GO,4/5,0.07737,1682,0.007717,0.047224,0.020428,0.088882,0.31,0.31,1.38,,,False,False,False,False,4,True,SNDK_reversal_2026-05-28,2,0.110607,0.110199,0.025956,1.057325,0.667948,0.0,,,
2026-05-28,evening,2026-05-29,SOXL,reversal,ETF,GO,5/5,0.105914,231.82,-0.032266,-0.020663,0.148822,0.210163,0.54,0.88,2.15,,,True,False,False,False,4,True,SOXL_reversal_2026-05-29,1,0.192281,0.221929,0.036196,1.616027,1.236384,0.076036,,,
2026-06-02,morning,2026-06-02,ARM,reversal,Large,GO,4/5,0.067219,401.13,0.003939,0.026675,-0.019171,-0.14509,0.49,2.36,1.0,1.0,1,False,True,False,True,4,True,ARM_reversal_2026-06-02,1,0.282976,0.350633,0.008316,1.45935,1.697383,0.0,,,
2026-06-02,morning,2026-06-02,CRWD,reversal,Large,GO,4/5,0.043763,764.85,0.005361,-0.02254,-0.059829,-0.122678,0.58,2.83,0.42,0.42,2,False,True,False,True,4,True,CRWD_reversal_2026-06-02,1,0.128491,0.21199,-0.018129,1.53705,1.420455,0.0,,,
2026-06-02,morning,2026-06-02,MRVL,reversal,Large,GO,4/5,0.057417,253.46,0.147282,0.190129,0.248442,0.039493,0.07,0.07,4.86,,,False,False,False,False,4,True,MRVL_reversal_2026-06-02,1,0.36338,0.104328,0.242127,1.918277,1.187039,0.0,,,
2026-06-02,morning,2026-06-02,ORCL,reversal,Large,GO,4/5,0.046201,242.8,0.007331,-0.051359,-0.026606,-0.119934,0.35,2.97,0.55,0.55,1,False,True,False,True,4,True,ORCL_reversal_2026-06-02,1,0.13932,0.299487,-0.040056,2.330644,2.297295,0.0,,,
2026-06-02,morning,2026-06-02,WOLF,bounce,Medium,CAUTION,4/6,0.22268,55.8,0.094265,0.105197,0.201792,-0.013262,0.56,1.14,0.14,0.07,2,True,False,False,True,4,True,WOLF_bounce_2026-06-02,1,,-0.186011,,0.797649,,,-0.278512,-0.34484,-0.34484
2026-06-03,morning,2026-06-03,ARM,reversal,Large,GO,4/5,0.072382,407.535,0.010539,-0.034586,-0.158526,-0.150036,1.14,2.37,0.34,0.34,0,False,True,False,True,4,True,ARM_reversal_2026-06-02,2,0.205567,0.201151,0.010653,1.360754,1.186775,0.0,,,
2026-06-03,morning,2026-06-03,AVGO,reversal,Large,GO,5/5,0.035961,494.775,-0.031418,-0.153332,-0.220393,-0.198424,1.24,6.14,0.01,0.01,0,True,True,True,True,4,True,AVGO_reversal_2026-06-03,1,0.120641,0.128909,0.029964,1.02941,1.905781,0.0,,,
2026-06-02,evening,2026-06-03,CRWD,reversal,Large,GO,4/5,0.044253,765.675,-0.023594,-0.060842,-0.123623,-0.139596,0.7,3.35,0.04,0.04,1,True,True,False,True,4,True,CRWD_reversal_2026-06-02,2,0.116016,0.21199,-0.028983,1.53705,1.420455,0.058506,,,
2026-06-03,morning,2026-06-03,MRVL,reversal,Large,GO,5/5,0.060793,317.63,-0.05031,-0.003778,-0.170513,-0.090609,1.22,2.91,0.34,0.34,0,True,True,True,True,4,True,MRVL_reversal_2026-06-02,2,0.498144,0.419665,0.123594,1.956899,3.920794,0.0,,,
2026-06-03,morning,2026-06-03,MU,reversal,Large,GO,4/5,0.0584,1079.01,0.000519,-0.076932,-0.199257,-0.120231,0.64,3.41,0.16,0.16,1,False,True,False,True,4,True,MU_reversal_2026-05-27,4,0.170576,0.152222,0.015412,0.940693,0.85101,0.0,,,
2026-06-02,evening,2026-06-03,NBIS,reversal,Medium,GO,4/5,0.088288,260.215,-0.0328,-0.002094,-0.124532,-0.162231,0.55,1.89,0.32,0.32,1,True,True,False,True,4,True,NBIS_reversal_2026-06-03,1,0.167711,0.269425,-0.011758,1.594471,1.277364,0.074192,,,
2026-06-03,morning,2026-06-03,ORCL,reversal,Large,GO,4/5,0.045267,240.48,-0.042207,-0.017216,-0.111444,-0.119178,1.18,2.86,0.0,0.0,0,True,True,True,True,4,True,ORCL_reversal_2026-06-02,2,0.104123,0.200687,-0.024082,0.94032,1.364116,0.0,,,
2026-06-03,morning,2026-06-03,SOXL,reversal,ETF,GO,4/5,0.088086,281.47,-0.003304,-0.066686,-0.351476,-0.248801,0.98,4.02,0.13,0.13,1,True,True,False,True,4,True,SOXL_reversal_2026-05-29,2,0.281347,0.185594,0.053207,1.143664,0.740356,0.0,,,
2026-06-02,evening,2026-06-03,WOLF,bounce,Medium,CAUTION,4/6,0.22268,65.9,-0.064188,0.017602,-0.164492,-0.159029,0.09,0.28,0.82,,,False,False,False,False,4,True,WOLF_bounce_2026-06-02,2,,-0.186011,0.053824,0.797649,,,-0.278512,-0.34484,-0.34484
2026-06-03,evening,2026-06-04,ARM,reversal,Large,GO,4/5,0.071636,380.41,0.034253,-0.098525,-0.08943,-0.146027,0.47,3.01,0.63,0.63,1,False,True,False,True,4,True,ARM_reversal_2026-06-02,3,0.218126,0.201151,0.021181,1.360754,1.186775,0.042851,,,
2026-06-04,morning,2026-06-04,MRVL,reversal,Large,GO,4/5,0.074786,282.95,0.118325,-0.068846,0.020852,-0.056794,0.25,1.84,1.82,1.82,1,False,True,False,True,4,True,MRVL_reversal_2026-06-02,3,0.194624,0.471463,-0.070114,1.439167,3.433555,0.0,,,
2026-06-03,evening,2026-06-04,SOXL,reversal,ETF,GO,5/5,0.08824,242.04,0.085358,-0.245827,-0.126425,-0.166749,0.63,3.96,1.52,1.52,1,False,True,False,True,4,True,SOXL_reversal_2026-05-29,3,0.279109,0.185594,0.051367,1.143664,0.740356,0.067626,,,
2026-06-03,evening,2026-06-04,STM,reversal,Medium,GO,4/5,0.049883,75,0.0448,-0.057067,0.000133,-0.0224,0.08,1.94,0.97,0.97,1,False,True,False,True,4,True,STM_reversal_2026-06-04,1,0.159925,0.144852,0.015721,1.234929,1.837872,0.068064,,,
2026-06-04,evening,2026-06-05,ARM,reversal,Large,GO,4/5,0.080308,369.75,-0.072535,-0.063178,-0.121406,-0.168546,1.08,2.4,0.13,0.13,0,True,True,True,True,4,True,ARM_reversal_2026-06-02,4,0.114027,0.1657,-0.046609,1.383059,0.8904,0.05347,,,
2026-06-05,morning,2026-06-05,MRVL,reversal,Large,GO,4/5,0.075351,299.5,-0.120301,-0.035559,-0.108915,-0.156628,1.69,2.46,0.24,0.05,0,True,True,True,True,4,True,MRVL_reversal_2026-06-02,4,0.218504,0.442054,-0.032961,1.905684,2.26909,0.0,,,
2026-06-04,evening,2026-06-05,SOXL,reversal,ETF,GO,4/5,0.094978,230.8482,-0.209264,-0.084073,-0.126352,-0.217451,2.24,3.34,0.13,0.13,0,True,True,True,True,4,True,SOXL_reversal_2026-05-29,4,0.161084,0.250513,-0.042997,1.071396,0.863688,0.08223,,,
2026-06-04,evening,2026-06-05,WDC,reversal,Large,GO,4/5,0.050407,545.25,-0.061495,-0.033599,-0.050491,-0.101165,1.23,2.34,0.32,0.32,0,True,True,True,True,4,True,WDC_reversal_2026-06-05,1,0.084417,0.118409,-0.017152,1.063068,1.13189,0.059677,,,
2026-06-08,morning,2026-06-08,AXTI,bounce,Medium,GO,5/6,0.186723,93.005,-0.023977,-0.157465,-0.082953,-0.050159,0.2,0.21,0.98,,,False,False,False,False,4,True,AXTI_bounce_2026-06-08,1,,-0.165511,,1.039348,,,-0.231619,-0.378039,-0.378039
2026-06-05,evening,2026-06-08,BRUN,bounce,Medium,GO,5/6,0.179778,30.2,-0.018874,-0.034768,-0.006954,0.001325,0.0,0.3,0.54,,,False,True,False,False,4,True,BRUN_bounce_2026-06-08,1,,-0.202776,-0.077886,1.153691,,,-0.236444,-0.302619,-0.302619
2026-06-08,morning,2026-06-08,IONQ,bounce,Medium,CAUTION,4/6,0.105487,59.54,0.054753,-0.047867,-0.048875,-0.026033,0.85,0.85,1.0,,,True,False,False,False,4,True,IONQ_bounce_2026-06-08,1,,-0.167815,,1.327305,,,-0.184723,-0.229056,-0.329159
2026-06-05,evening,2026-06-08,KEEL,bounce,Medium,CAUTION,4/6,0.103919,5.39,0.050093,0.005566,-0.025974,0.024119,0.73,1.72,0.62,0.39,1,True,True,False,True,4,True,KEEL_bounce_2026-06-08,1,,-0.203583,-0.106239,1.023094,,,-0.195724,-0.24186,-0.24186
2026-06-05,evening,2026-06-08,MRVL,reversal,Large,GO,4/5,0.083348,288.69,0.000554,-0.075548,-0.125048,-0.027642,0.3,1.86,0.68,0.68,1,False,True,False,True,4,True,MRVL_reversal_2026-06-02,5,0.101592,0.442054,-0.125747,1.905684,2.26909,0.073189,,,
2026-06-08,morning,2026-06-08,PL,bounce,Medium,GO,5/6,0.157369,34.01,-0.037342,-0.083505,-0.096736,0.004704,0.01,0.07,0.88,,,False,True,False,False,4,True,PL_bounce_2026-06-08,1,,-0.252956,,1.483114,,,-0.323394,-0.377512,-0.377512
2026-06-08,morning,2026-06-08,POET,bounce,Medium,GO,5/6,0.174716,12.31,-0.002437,-0.125102,-0.108448,-0.086109,0.35,0.35,1.02,,,False,False,False,False,4,True,POET_bounce_2026-06-08,1,,-0.228869,,1.442956,,,-0.176103,-0.430082,-0.430082
2026-06-08,morning,2026-06-08,RVI,bounce,Small,CAUTION,4/6,0.161986,40.99,-0.056599,-0.070261,-0.082703,-0.113198,0.15,0.38,0.93,,,False,False,False,False,4,True,RVI_bounce_2026-06-08,1,,-0.133658,,1.020092,,,-0.332024,-0.516733,-0.516733
2026-06-08,morning,2026-06-08,SOXL,bounce,ETF,GO,5/6,0.177472,210.62,0.003893,-0.042446,-0.142294,0.063479,0.31,0.55,1.42,,,True,True,False,False,4,True,SOXL_bounce_2026-06-08,1,,-0.349326,,1.601446,,,-0.351476,-0.358563,-0.358563
2026-06-09,morning,2026-06-09,AXTI,bounce,Medium,CAUTION,4/6,0.173074,95.71,-0.181277,-0.108871,-0.077003,0.015359,0.06,0.47,1.19,,,False,True,False,False,4,True,AXTI_bounce_2026-06-08,2,,-0.143551,,0.476105,,,-0.173044,-0.365919,-0.365919
2026-06-08,evening,2026-06-09,IONQ,bounce,Medium,CAUTION,4/6,0.105487,62.4,-0.091506,-0.092468,-0.070673,-0.072917,0.24,0.24,1.39,,,False,False,False,False,4,True,IONQ_bounce_2026-06-08,2,,-0.167815,0.048609,1.327305,,,-0.184723,-0.229056,-0.329159
2026-06-08,evening,2026-06-09,PL,bounce,Medium,GO,5/6,0.157369,33.42,-0.067325,-0.08079,0.022442,-0.067923,0.18,0.18,0.78,,,False,False,False,False,4,True,PL_bounce_2026-06-08,2,,-0.252956,0.055556,1.483114,,,-0.323394,-0.377512,-0.377512
2026-06-08,evening,2026-06-09,POET,bounce,Medium,GO,5/6,0.174716,12.25,-0.120816,-0.104082,-0.081633,0.022857,0.1,0.32,1.0,,,False,True,False,False,4,True,POET_bounce_2026-06-08,2,,-0.228869,0.037943,1.442956,,,-0.176103,-0.430082,-0.430082
2026-06-08,evening,2026-06-09,RVI,bounce,Small,CAUTION,4/6,0.150236,41.52,-0.082129,-0.094412,-0.124518,-0.151012,0.32,0.32,1.12,,,False,False,False,False,4,True,RVI_bounce_2026-06-08,2,,-0.065902,0.095989,1.020092,,,-0.279782,-0.478938,-0.478938
2026-06-08,evening,2026-06-09,SOXL,bounce,ETF,GO,5/6,0.177472,227.055,-0.111757,-0.204378,-0.013499,0.033582,0.1,0.38,1.72,,,False,True,False,False,4,True,SOXL_bounce_2026-06-08,2,,-0.349326,0.153829,1.601446,,,-0.351476,-0.358563,-0.358563
2026-06-10,morning,2026-06-10,AXTI,bounce,Medium,CAUTION,4/6,0.207624,81.6,0.045221,0.082598,0.190931,0.357108,0.52,2.07,0.12,0.12,2,True,True,False,True,4,True,AXTI_bounce_2026-06-08,3,,-0.119946,,1.270484,,,-0.286144,-0.45264,-0.45264
2026-06-10,morning,2026-06-10,LWLG,bounce,Small,CAUTION,4/6,0.151445,9.23,0.0,0.087757,0.039003,0.092091,0.49,0.84,0.04,,,False,True,False,False,4,True,LWLG_bounce_2026-06-10,1,,-0.071992,,1.241667,,,-0.251392,-0.497034,-0.497034
2026-06-10,morning,2026-06-10,NVTS,bounce,Medium,CAUTION,4/6,0.173813,22.12,-0.073237,0.004069,0.057414,0.072785,0.22,1.06,0.48,0.48,3,False,True,False,True,4,True,NVTS_bounce_2026-06-10,1,,-0.088915,,1.082677,,,-0.254364,-0.331285,-0.331285
2026-06-10,morning,2026-06-10,PL,bounce,Medium,CAUTION,4/6,0.159255,30.89,-0.005503,0.106183,0.008417,-0.010036,0.18,0.7,0.23,,,False,False,False,False,4,True,PL_bounce_2026-06-08,3,,-0.032588,,1.017328,,,-0.186162,-0.397798,-0.397798
2026-06-10,morning,2026-06-10,POET,bounce,Small,CAUTION,4/6,0.175355,10.9,0.006881,0.03211,0.149541,0.277982,0.48,2.19,0.18,0.18,2,True,True,False,True,4,True,POET_bounce_2026-06-08,3,,-0.091906,,1.249622,,,-0.260302,-0.48246,-0.48246
2026-06-10,morning,2026-06-10,RVI,bounce,Small,CAUTION,4/6,0.141636,38.27,-0.017507,-0.05017,-0.078913,0.061406,0.53,0.91,0.69,,,False,True,False,False,4,True,RVI_bounce_2026-06-08,3,,0.018984,,1.010127,,,-0.253623,-0.507559,-0.507559
2026-06-10,morning,2026-06-10,SOXL,bounce,ETF,CAUTION,4/6,0.180324,191.54,-0.056855,0.169416,0.225227,0.422679,0.62,2.41,0.41,0.41,2,False,True,False,True,4,True,SOXL_bounce_2026-06-08,3,,0.104854,,2.019892,,,-0.166749,-0.291306,-0.291306
2026-06-10,morning,2026-06-10,WOLF,bounce,Medium,CAUTION,4/6,0.22965,46.985,-0.075875,-0.030754,-0.081835,0.044802,0.15,0.45,0.65,,,False,True,False,False,4,True,WOLF_bounce_2026-06-10,1,,-0.114057,,1.239027,,,-0.227248,-0.396437,-0.396437
2026-06-10,evening,2026-06-11,AXTI,bounce,Medium,CAUTION,4/6,0.207624,90.5,-0.023867,0.073812,0.223646,,0.01,1.4,0.46,0.46,2,False,True,False,True,3,False,AXTI_bounce_2026-06-08,4,,-0.119946,0.041348,1.270484,,,-0.286144,-0.45264,-0.45264
2026-06-10,evening,2026-06-11,LWLG,bounce,Small,CAUTION,4/6,0.151445,9.35,0.073797,0.025668,0.078075,,0.56,0.74,0.08,,,True,True,False,False,3,False,LWLG_bounce_2026-06-10,2,,-0.071992,-0.019129,1.241667,,,-0.251392,-0.497034,-0.497034
2026-06-11,morning,2026-06-11,NVTS,bounce,Medium,CAUTION,4/6,0.18893,20.78,0.068816,0.125602,0.141963,,0.4,1.38,0.13,0.13,2,True,True,False,True,3,False,NVTS_bounce_2026-06-10,2,,-0.162582,0.039024,0.660951,,,-0.331049,-0.400059,-0.400059
2026-06-10,evening,2026-06-11,PL,bounce,Medium,CAUTION,4/6,0.159255,31.5,0.084762,-0.011111,-0.029206,,0.56,0.56,0.34,,,True,False,False,False,3,False,PL_bounce_2026-06-08,4,,-0.032588,-0.008983,1.017328,,,-0.186162,-0.397798,-0.397798
2026-06-10,evening,2026-06-11,POET,bounce,Small,CAUTION,4/6,0.175355,10.8,0.041667,0.160185,0.289815,,0.46,2.26,0.13,0.13,1,True,True,False,True,3,False,POET_bounce_2026-06-08,4,,-0.091906,0.012071,1.249622,,,-0.260302,-0.48246,-0.48246
2026-06-11,morning,2026-06-11,RVI,bounce,Small,CAUTION,4/6,0.137164,38.2,-0.048429,-0.077225,0.063351,,0.01,0.95,0.7,,,False,True,False,False,3,False,RVI_bounce_2026-06-08,4,,-0.02767,,1.040257,,,-0.263611,-0.514149,-0.514149
2026-06-10,evening,2026-06-11,SOXL,bounce,ETF,GO,5/6,0.180324,192.3,0.164795,0.220385,0.417057,,0.96,2.38,-0.0,-0.0,1,True,True,False,True,3,False,SOXL_bounce_2026-06-08,4,,0.104854,-0.050278,2.019892,,,-0.166749,-0.291306,-0.291306
2026-06-11,morning,2026-06-11,WOLF,bounce,Medium,CAUTION,4/6,0.251567,43.98,0.035471,-0.0191,0.116189,,0.23,0.71,0.36,,,True,True,False,False,3,False,WOLF_bounce_2026-06-10,2,,-0.216528,0.036389,0.517346,,,-0.312158,-0.462757,-0.462757
2026-06-11,evening,2026-06-12,CRDO,reversal,Medium,GO,4/5,0.098978,270.02,-0.071143,-0.039293,,,1.08,1.08,0.01,0.01,0,True,True,True,True,2,False,CRDO_reversal_2026-06-12,1,0.16009,0.148823,0.090815,1.402485,1.581151,0.034841,,,
2026-06-11,evening,2026-06-12,NVTS,bounce,Medium,CAUTION,4/6,0.18893,22,0.063182,0.078636,,,0.62,1.01,0.04,0.04,1,True,True,False,True,2,False,NVTS_bounce_2026-06-10,3,,-0.162582,0.013659,0.660951,,,-0.331049,-0.400059,-0.400059
2026-06-11,evening,2026-06-12,RVI,bounce,Small,CAUTION,4/6,0.144242,37.5,-0.06,0.0832,,,0.09,1.05,0.55,0.55,1,False,True,False,True,2,False,RVI_bounce_2026-06-08,5,,-0.075381,0.015957,1.040257,,,-0.299745,-0.537989,-0.537989
2026-06-11,evening,2026-06-12,WOLF,bounce,Medium,CAUTION,4/6,0.251567,45.85,-0.059106,0.070665,,,0.0,0.52,0.51,,,False,True,False,False,2,False,WOLF_bounce_2026-06-10,3,,-0.216528,0.012897,0.517346,,,-0.312158,-0.462757,-0.462757
2026-06-15,morning,2026-06-15,ARM,reversal,Large,GO,5/5,0.102117,390.5,0.056466,,,,0.53,0.53,0.64,,,False,False,False,False,1,False,ARM_reversal_2026-06-15,1,0.135481,0.172228,0.040414,0.88386,1.318343,0.0,,,
