cell,rule,train_n,train_mean,train_lo,train_hi,train_p
[quick] 6m all -> exit_now,quick,498,-0.01796739935314601,-0.13565228253762412,0.09408842533992505,0.6158
"[quick] 6m open_R (-inf, 0.348] -> exit_now",quick,166,-0.029590815280628995,-0.13670773090149338,0.06119089162814868,0.7097
"[quick] 6m open_R (0.348, 1.43] -> exit_now",quick,166,-0.13989352923814916,-0.297379038139924,0.006719502216393652,0.9678
"[quick] 6m open_R (1.43, inf] -> exit_now",quick,166,0.11558214645934016,-0.15902005470852,0.3933367774394808,0.1999
"[quick] 6m giveback_R (-inf, 0.142] -> exit_now",quick,166,-0.23399264298106373,-0.45907137972930184,-0.03534267651400846,0.9911
"[quick] 6m giveback_R (0.142, 0.535] -> exit_now",quick,166,-0.10115581118327321,-0.26628271015188815,0.05249365871328621,0.8949
"[quick] 6m giveback_R (0.535, inf] -> exit_now",quick,166,0.2812462561048989,0.08994658596720172,0.4691410234804393,0.0023
"[quick] 6m stall_min (-inf, 0.583] -> exit_now",quick,167,-0.1152150136015277,-0.3710173773451086,0.12409530735976632,0.8161
"[quick] 6m stall_min (0.583, 2.58] -> exit_now",quick,173,-0.02055528674785049,-0.20007274834649774,0.1448319405716194,0.5989
"[quick] 6m stall_min (2.58, inf] -> exit_now",quick,158,0.08765320886687682,-0.05638813665180733,0.2263026027689191,0.1139
"[quick] 6m cushion_R (-inf, 0.413] -> exit_now",quick,166,0.00038732161509435234,-0.0944688972188328,0.08092882983554604,0.4588
"[quick] 6m cushion_R (0.413, 0.958] -> exit_now",quick,166,-0.1122857541445115,-0.26611632689469455,0.024732206191178413,0.9434
"[quick] 6m cushion_R (0.958, inf] -> exit_now",quick,166,0.05799623446997904,-0.2310051493322274,0.3363411286258169,0.3381
"[quick] 6m vol_decay (-inf, 0.424] -> exit_now",quick,166,0.025014865035401554,-0.20324926378589778,0.22325054899383093,0.3972
"[quick] 6m vol_decay (0.424, 0.848] -> exit_now",quick,166,0.0014578093729658923,-0.16429962658367125,0.1613552079585918,0.4764
"[quick] 6m vol_decay (0.848, inf] -> exit_now",quick,166,-0.08037487246780546,-0.297776187238668,0.13361395923654587,0.7677
[quick] 6m all -> trail_1m,quick,498,-0.00010746380219857639,-0.08156388260583959,0.07642601607400584,0.493
"[quick] 6m open_R (-inf, 0.348] -> trail_1m",quick,166,-0.04995911595577805,-0.14190952865918957,0.01977283103934156,0.9001
"[quick] 6m open_R (0.348, 1.43] -> trail_1m",quick,166,-0.09584922726301835,-0.22628189751063546,0.01030968870601914,0.9578
"[quick] 6m open_R (1.43, inf] -> trail_1m",quick,166,0.14548595181220067,-0.04528866540180087,0.33247312934135365,0.0666
"[quick] 6m giveback_R (-inf, 0.142] -> trail_1m",quick,166,-0.059087322526393274,-0.20673842854558153,0.07206400939808646,0.792
"[quick] 6m giveback_R (0.142, 0.535] -> trail_1m",quick,166,-0.10384360098867965,-0.24590666716754947,0.02063797410390742,0.9461
"[quick] 6m giveback_R (0.535, inf] -> trail_1m",quick,166,0.1626085321084772,0.04033587617485917,0.2861739025992332,0.0053
"[quick] 6m stall_min (-inf, 0.583] -> trail_1m",quick,167,0.0074489923475172274,-0.15397178823976035,0.1567364143492029,0.4546
"[quick] 6m stall_min (0.583, 2.58] -> trail_1m",quick,173,0.012007365389070877,-0.12018577479026658,0.12703296473017084,0.4219
"[quick] 6m stall_min (2.58, inf] -> trail_1m",quick,158,-0.02135932220151603,-0.1474772137029463,0.08729123243042769,0.6326
"[quick] 6m cushion_R (-inf, 0.413] -> trail_1m",quick,166,-0.007768353831863201,-0.08635299886243385,0.05192709057975856,0.5464
"[quick] 6m cushion_R (0.413, 0.958] -> trail_1m",quick,166,-0.05238669667260807,-0.16246161220617192,0.03925752065801205,0.8512
"[quick] 6m cushion_R (0.958, inf] -> trail_1m",quick,166,0.05983265909787555,-0.1466648137450125,0.2544929867648287,0.2761
"[quick] 6m vol_decay (-inf, 0.424] -> trail_1m",quick,166,-0.04566620078738284,-0.21780748091097188,0.09642712613988903,0.7048
"[quick] 6m vol_decay (0.424, 0.848] -> trail_1m",quick,166,0.05885663404816864,-0.06434334632426691,0.17838107590794658,0.1643
"[quick] 6m vol_decay (0.848, inf] -> trail_1m",quick,166,-0.013512824667381537,-0.16624113840213575,0.12228092429690153,0.5687
[quick] 6m all -> switch,quick,498,0.006658529420340848,-0.08814663190631807,0.1068009185346941,0.4558
"[quick] 6m open_R (-inf, 0.348] -> switch",quick,166,0.04892666680823179,-0.04646512530135955,0.15810906853099516,0.1743
"[quick] 6m open_R (0.348, 1.43] -> switch",quick,166,0.06012327362940955,-0.06648779054393722,0.2074043439328743,0.1937
"[quick] 6m open_R (1.43, inf] -> switch",quick,166,-0.0890743521766188,-0.31031018969568414,0.12766927547989848,0.7949
"[quick] 6m giveback_R (-inf, 0.142] -> switch",quick,166,-0.028745953477592925,-0.16565725587968913,0.10565584094997177,0.6655
"[quick] 6m giveback_R (0.142, 0.535] -> switch",quick,166,0.10906134818088102,-0.02645946996272754,0.260360424923848,0.0634
"[quick] 6m giveback_R (0.535, inf] -> switch",quick,166,-0.06033980644226556,-0.24029759879838025,0.13378978837275,0.7329
"[quick] 6m stall_min (-inf, 0.583] -> switch",quick,167,0.025112758931531847,-0.14996979315169548,0.19837445625835878,0.395
"[quick] 6m stall_min (0.583, 2.58] -> switch",quick,173,-0.006112451215709973,-0.14717812286298973,0.1369223059333553,0.5201
"[quick] 6m stall_min (2.58, inf] -> switch",quick,158,0.0011365251270997105,-0.15494904984531432,0.16535238386032627,0.502
"[quick] 6m cushion_R (-inf, 0.413] -> switch",quick,166,0.0070002797700003064,-0.08488531676092348,0.10286686256649245,0.4543
"[quick] 6m cushion_R (0.413, 0.958] -> switch",quick,166,0.04123393585899137,-0.066810864117111,0.1577739624529972,0.242
"[quick] 6m cushion_R (0.958, inf] -> switch",quick,166,-0.02825862736796913,-0.2536899441494997,0.21469945584977276,0.6054
"[quick] 6m vol_decay (-inf, 0.424] -> switch",quick,166,0.00707573471073823,-0.10970291637203247,0.13539665732426592,0.4614
"[quick] 6m vol_decay (0.424, 0.848] -> switch",quick,166,-0.052306235373218136,-0.22514917896084313,0.13460478166960524,0.7246
"[quick] 6m vol_decay (0.848, inf] -> switch",quick,166,0.06520608892350244,-0.11138318754631243,0.24230091298597053,0.2399
[delayed] 6m all -> exit_now,delayed,747,0.006306128003253572,-0.0920776815337557,0.10144966018412639,0.4484
"[delayed] 6m open_R (-inf, 0.0707] -> exit_now",delayed,249,-0.006173229632576415,-0.12582559622057243,0.10701029930100205,0.5332
"[delayed] 6m open_R (0.0707, 1.1] -> exit_now",delayed,249,-0.12697495416370153,-0.2671955823345548,0.0033788219584437846,0.9724
"[delayed] 6m open_R (1.1, inf] -> exit_now",delayed,249,0.15206656780603858,-0.05832775842216151,0.3602525989275239,0.0778
"[delayed] 6m giveback_R (-inf, 0.221] -> exit_now",delayed,249,-0.14135386356529323,-0.2947996519265786,0.009329116831071876,0.966
"[delayed] 6m giveback_R (0.221, 0.667] -> exit_now",delayed,249,-0.08641286750194489,-0.250076805612329,0.061535151531134674,0.8598
"[delayed] 6m giveback_R (0.667, inf] -> exit_now",delayed,249,0.24668511507699872,0.06258364982253,0.43739779354358493,0.0038
"[delayed] 6m stall_min (-inf, 1] -> exit_now",delayed,258,-0.08808222396635997,-0.2890479042710251,0.11203470048506657,0.7996
"[delayed] 6m stall_min (1, 3.83] -> exit_now",delayed,242,0.06136256609588475,-0.08134404121305619,0.19953592316496882,0.1989
"[delayed] 6m stall_min (3.83, inf] -> exit_now",delayed,247,0.05095607452043392,-0.0788611537803065,0.18392552171043638,0.2186
"[delayed] 6m cushion_R (-inf, 0.272] -> exit_now",delayed,249,0.004019415137283771,-0.11547403205503735,0.11820022906314294,0.4608
"[delayed] 6m cushion_R (0.272, 0.79] -> exit_now",delayed,249,0.010620122852735265,-0.10821540836782252,0.1229219240763975,0.4166
"[delayed] 6m cushion_R (0.79, inf] -> exit_now",delayed,249,0.0042788460197416825,-0.25907520850234045,0.2553976130211313,0.4833
"[delayed] 6m vol_decay (-inf, 0.387] -> exit_now",delayed,249,0.02723441832453702,-0.14391800786461015,0.18465745832500183,0.3617
"[delayed] 6m vol_decay (0.387, 0.764] -> exit_now",delayed,249,0.11366942470570184,-0.03469563958130103,0.2550403102505521,0.0647
"[delayed] 6m vol_decay (0.764, inf] -> exit_now",delayed,249,-0.12198545902047814,-0.3106606083869524,0.06546829922849723,0.9021
[delayed] 6m all -> trail_1m,delayed,747,0.013682808797622594,-0.06787701210614465,0.09364011505405917,0.3618
"[delayed] 6m open_R (-inf, 0.0707] -> trail_1m",delayed,249,2.1333924168084315e-05,-0.11315838017691676,0.10596638799336339,0.4937
"[delayed] 6m open_R (0.0707, 1.1] -> trail_1m",delayed,249,-0.11102765446115767,-0.2212880418633574,-0.013814898428700203,0.9881
"[delayed] 6m open_R (1.1, inf] -> trail_1m",delayed,249,0.15205474692985732,-0.029357162005568007,0.33410204205420624,0.0518
"[delayed] 6m giveback_R (-inf, 0.221] -> trail_1m",delayed,249,-0.006628284850643175,-0.12828854916121699,0.11232497101160906,0.5438
"[delayed] 6m giveback_R (0.221, 0.667] -> trail_1m",delayed,249,-0.10757675605526831,-0.24521925663420124,0.02054575074575725,0.9475
"[delayed] 6m giveback_R (0.667, inf] -> trail_1m",delayed,249,0.15525346729877923,-0.004379812945950712,0.31302705722838037,0.0282
"[delayed] 6m stall_min (-inf, 1] -> trail_1m",delayed,258,-0.009013083591024287,-0.17465803030612806,0.15550683990725023,0.5339
"[delayed] 6m stall_min (1, 3.83] -> trail_1m",delayed,242,0.05477557020073949,-0.06841143406303511,0.17506011081854347,0.1853
"[delayed] 6m stall_min (3.83, inf] -> trail_1m",delayed,247,-0.0028714746974518876,-0.11457842021357893,0.10727040091242072,0.5106
"[delayed] 6m cushion_R (-inf, 0.272] -> trail_1m",delayed,249,0.004189402824168902,-0.1043631786975622,0.11116752397478508,0.4585
"[delayed] 6m cushion_R (0.272, 0.79] -> trail_1m",delayed,249,0.030316447654905373,-0.05871992390503206,0.11503576588301107,0.2474
"[delayed] 6m cushion_R (0.79, inf] -> trail_1m",delayed,249,0.006542575913793493,-0.20356039349569904,0.21083208497407888,0.473
"[delayed] 6m vol_decay (-inf, 0.387] -> trail_1m",delayed,249,0.002931264462733654,-0.13433252955184302,0.1278813973819866,0.4702
"[delayed] 6m vol_decay (0.387, 0.764] -> trail_1m",delayed,249,0.10978404510119687,-0.023828465492973138,0.23894779833202703,0.0509
"[delayed] 6m vol_decay (0.764, inf] -> trail_1m",delayed,249,-0.07166688317106272,-0.237459765494661,0.08802857260800166,0.8058
[delayed] 6m all -> switch,delayed,747,0.011441753047079988,-0.05685007638309271,0.07894844523357396,0.3685
"[delayed] 6m open_R (-inf, 0.0707] -> switch",delayed,249,0.00266504257331441,-0.09874938478591114,0.09681306764217494,0.4702
"[delayed] 6m open_R (0.0707, 1.1] -> switch",delayed,249,-0.0695539582949067,-0.1687058487859811,0.02050571241325318,0.9296
"[delayed] 6m open_R (1.1, inf] -> switch",delayed,249,0.10121417486283224,-0.045392710511462965,0.24393252074135102,0.0844
"[delayed] 6m giveback_R (-inf, 0.221] -> switch",delayed,249,0.029190837217270994,-0.06798307090195482,0.1261189741791234,0.2745
"[delayed] 6m giveback_R (0.221, 0.667] -> switch",delayed,249,-0.03928349383223526,-0.13803297459968766,0.05428897785253638,0.7876
"[delayed] 6m giveback_R (0.667, inf] -> switch",delayed,249,0.04441791575620428,-0.09835585332945553,0.18459159706580955,0.2687
"[delayed] 6m stall_min (-inf, 1] -> switch",delayed,258,-0.018373455979441365,-0.145240596340786,0.10905263601798833,0.6027
"[delayed] 6m stall_min (1, 3.83] -> switch",delayed,242,0.049059368587120865,-0.0704671346539221,0.16586841160497456,0.2052
"[delayed] 6m stall_min (3.83, inf] -> switch",delayed,247,0.005728639557819336,-0.08940843267295015,0.09911494325706001,0.4432
"[delayed] 6m cushion_R (-inf, 0.272] -> switch",delayed,249,0.02894160275496165,-0.06503719890780961,0.12341404564073165,0.2755
"[delayed] 6m cushion_R (0.272, 0.79] -> switch",delayed,249,0.020114893964285643,-0.054498833936415185,0.09054054128076901,0.2791
"[delayed] 6m cushion_R (0.79, inf] -> switch",delayed,249,-0.0147312375780073,-0.18270306568358372,0.14991196614883684,0.5585
"[delayed] 6m vol_decay (-inf, 0.387] -> switch",delayed,249,0.014775721678888142,-0.07647774828379104,0.1007367420626123,0.3537
"[delayed] 6m vol_decay (0.387, 0.764] -> switch",delayed,249,0.11468664762040547,-0.004893346096640393,0.22794365284898324,0.029
"[delayed] 6m vol_decay (0.764, inf] -> switch",delayed,249,-0.09513711015805361,-0.23374645983305004,0.03640608814740805,0.9212
[delayed] 17m all -> exit_now,delayed,249,-0.0021820155156029217,-0.1624034081818464,0.1486384885983632,0.5089
"[delayed] 17m open_R (-inf, 0.774] -> exit_now",delayed,83,-0.050460420635316236,-0.2389298715471677,0.09838912982754863,0.7058
"[delayed] 17m open_R (0.774, 2.26] -> exit_now",delayed,83,-0.13551819956240818,-0.35828043615927396,0.052528114643898,0.9132
"[delayed] 17m open_R (2.26, inf] -> exit_now",delayed,83,0.1794325736509157,-0.1971582906267501,0.5455119825141546,0.172
"[delayed] 17m giveback_R (-inf, 0.218] -> exit_now",delayed,83,0.04314761091463346,-0.21204513428277452,0.28748863017254667,0.3691
"[delayed] 17m giveback_R (0.218, 0.602] -> exit_now",delayed,83,-0.030564263927331272,-0.26941318008445064,0.18469921021738409,0.5852
"[delayed] 17m giveback_R (0.602, inf] -> exit_now",delayed,83,-0.019129393534111014,-0.33310139350397194,0.26974425642169814,0.5506
"[delayed] 17m stall_min (-inf, 1.33] -> exit_now",delayed,84,0.052556182711494384,-0.25106024095054424,0.3533374414039345,0.357
"[delayed] 17m stall_min (1.33, 5.97] -> exit_now",delayed,82,0.020231431008324363,-0.2264443405848707,0.26887250944375307,0.4293
"[delayed] 17m stall_min (5.97, inf] -> exit_now",delayed,83,-0.07972311510642473,-0.34792503502862493,0.1680085156325337,0.7349
"[delayed] 17m cushion_R (-inf, 0.199] -> exit_now",delayed,83,-0.06105290630696922,-0.2552710909255691,0.09357885328343955,0.7363
"[delayed] 17m cushion_R (0.199, 0.574] -> exit_now",delayed,83,-0.019438450430298324,-0.23589959029242358,0.15908432945682296,0.5514
"[delayed] 17m cushion_R (0.574, inf] -> exit_now",delayed,83,0.0739453101904588,-0.3089020150164878,0.4688973069369291,0.3495
"[delayed] 17m vol_decay (-inf, 0.279] -> exit_now",delayed,83,0.035836573204957145,-0.1222316122415857,0.2156099795392769,0.34
"[delayed] 17m vol_decay (0.279, 0.723] -> exit_now",delayed,83,-0.0818913336104347,-0.3749468389105879,0.17698448652761872,0.7139
"[delayed] 17m vol_decay (0.723, inf] -> exit_now",delayed,83,0.039508713858668824,-0.2739613408244162,0.35427262768956125,0.4023
[delayed] 17m all -> trail_1m,delayed,249,0.03291450986696698,-0.10335750573314394,0.16014320295878812,0.3149
"[delayed] 17m open_R (-inf, 0.774] -> trail_1m",delayed,83,-0.002133291995996112,-0.15143595277765778,0.11555751475176847,0.4813
"[delayed] 17m open_R (0.774, 2.26] -> trail_1m",delayed,83,-0.0930271874265764,-0.3061337756914502,0.08336312315886805,0.8329
"[delayed] 17m open_R (2.26, inf] -> trail_1m",delayed,83,0.19390400902347343,-0.14213686496341849,0.5208124899526239,0.1187
"[delayed] 17m giveback_R (-inf, 0.218] -> trail_1m",delayed,83,0.05625190685164622,-0.1044101788994605,0.2074832658215039,0.2461
"[delayed] 17m giveback_R (0.218, 0.602] -> trail_1m",delayed,83,0.05042480192926121,-0.1842317841727391,0.260353959252239,0.3244
"[delayed] 17m giveback_R (0.602, inf] -> trail_1m",delayed,83,-0.007933179180006498,-0.2864964100886992,0.24716646557598052,0.5223
"[delayed] 17m stall_min (-inf, 1.33] -> trail_1m",delayed,84,0.06962730363924059,-0.15676033016022697,0.2808140748357057,0.2569
"[delayed] 17m stall_min (1.33, 5.97] -> trail_1m",delayed,82,-0.03232735301865165,-0.28430857498860834,0.22711676451012092,0.5954
"[delayed] 17m stall_min (5.97, inf] -> trail_1m",delayed,83,0.060215209622988035,-0.15816423845277996,0.26134345905675543,0.2807
"[delayed] 17m cushion_R (-inf, 0.199] -> trail_1m",delayed,83,-0.06852333191645232,-0.2630979671590719,0.08075565287810742,0.7712
"[delayed] 17m cushion_R (0.199, 0.574] -> trail_1m",delayed,83,0.022695294184070854,-0.1914191209685877,0.1928593187409994,0.3802
"[delayed] 17m cushion_R (0.574, inf] -> trail_1m",delayed,83,0.1445715673332824,-0.13980376126544436,0.4489308628975783,0.1635
"[delayed] 17m vol_decay (-inf, 0.279] -> trail_1m",delayed,83,0.03895483404983118,-0.11450174914575646,0.19181654195733422,0.2981
"[delayed] 17m vol_decay (0.279, 0.723] -> trail_1m",delayed,83,-0.035699431461077714,-0.2985073467888439,0.19914281773342993,0.6005
"[delayed] 17m vol_decay (0.723, inf] -> trail_1m",delayed,83,0.09548812701214747,-0.16072005851395893,0.3485903744050345,0.2305
[delayed] 17m all -> switch,delayed,249,0.013706264333524731,-0.08458267453546386,0.10898477277818533,0.3905
"[delayed] 17m open_R (-inf, 0.774] -> switch",delayed,83,0.09363657465820373,0.013443415481806135,0.17852226398681487,0.0113
"[delayed] 17m open_R (0.774, 2.26] -> switch",delayed,83,-0.05365868273560711,-0.20719571623128397,0.08331838571600808,0.7668
"[delayed] 17m open_R (2.26, inf] -> switch",delayed,83,0.001140901077977597,-0.24398575795421767,0.22985093671298792,0.4859
"[delayed] 17m giveback_R (-inf, 0.218] -> switch",delayed,83,0.027779293014427116,-0.10499051738838625,0.15164764226704938,0.3336
"[delayed] 17m giveback_R (0.218, 0.602] -> switch",delayed,83,0.01513355016959462,-0.15905229552043054,0.17961728735117416,0.4288
"[delayed] 17m giveback_R (0.602, inf] -> switch",delayed,83,-0.0017940501834475698,-0.19458992038123152,0.16998747920427926,0.4953
"[delayed] 17m stall_min (-inf, 1.33] -> switch",delayed,84,0.002510440253579919,-0.19609862323844968,0.172442442505918,0.4766
"[delayed] 17m stall_min (1.33, 5.97] -> switch",delayed,82,-0.06848455921295851,-0.25490071247818896,0.11146567734333195,0.7659
"[delayed] 17m stall_min (5.97, inf] -> switch",delayed,83,0.10623755052059695,-0.01799096194477116,0.23204891661778895,0.0489
"[delayed] 17m cushion_R (-inf, 0.199] -> switch",delayed,83,-0.0032250952602191404,-0.13550999608249786,0.10162664928704086,0.4913
"[delayed] 17m cushion_R (0.199, 0.574] -> switch",delayed,83,-0.058753285777238026,-0.2322427757291924,0.0798062783504148,0.7639
"[delayed] 17m cushion_R (0.574, inf] -> switch",delayed,83,0.10309717403803138,-0.09541499193569479,0.30767576257522505,0.1621
"[delayed] 17m vol_decay (-inf, 0.279] -> switch",delayed,83,0.02616642340059051,-0.10562422049409687,0.14125903982793533,0.3255
"[delayed] 17m vol_decay (0.279, 0.723] -> switch",delayed,83,0.08690514203683133,-0.09200353318906855,0.2622762496618794,0.1667
"[delayed] 17m vol_decay (0.723, inf] -> switch",delayed,83,-0.07195277243684767,-0.2750840643157247,0.10889821416423717,0.7642
